# RQ7 -- the budget-normalised control arms, per class (tab:rq7_controls).
# Same 2,000 classes as per_class_controls.csv, and for zero-shot and dynamic the same
# draw: compiled_loop_off equals compiled_initially there and tokens_loop_on equals tokens.
# tokens_loop_off is generation alone; tokens_loop_on adds 6,400 per correction iteration.
# compiled_loop_on is a superset of compiled_loop_off: the loop only repairs what failed.
class_id,loc,cyclomatic_complexity,arm,llm_calls,tokens,compiled_initially,mutation_score
s_0000,493,23,zero-shot,1,15101,0,
s_0001,1078,40,zero-shot,1,3691,0,
s_0002,1983,77,zero-shot,1,6222,0,
s_0003,825,49,zero-shot,1,21478,1,42.21
s_0004,1511,88,zero-shot,1,4993,0,
s_0005,367,24,zero-shot,1,5366,1,34.53
s_0006,687,45,zero-shot,1,32198,1,65.53
s_0007,580,27,zero-shot,1,15684,0,
s_0008,1121,48,zero-shot,1,14557,1,66.07
s_0009,1419,76,zero-shot,1,37044,0,
s_0010,4867,146,zero-shot,1,9083,0,
s_0011,209,12,zero-shot,1,6994,1,41.18
s_0012,631,39,zero-shot,1,27545,0,
s_0013,502,16,zero-shot,1,7866,0,
s_0014,992,84,zero-shot,1,4325,0,
s_0015,1234,80,zero-shot,1,5233,1,48.21
s_0016,138,13,zero-shot,1,17667,1,56.58
s_0017,2583,96,zero-shot,1,2262,1,49.52
s_0018,335,13,zero-shot,1,6231,0,
s_0019,325,25,zero-shot,1,9579,0,
s_0020,1093,66,zero-shot,1,11637,0,
s_0021,921,23,zero-shot,1,5978,1,50.63
s_0022,1723,100,zero-shot,1,7687,0,
s_0023,215,8,zero-shot,1,9431,1,61.94
s_0024,568,29,zero-shot,1,12202,0,
s_0025,392,20,zero-shot,1,5420,1,58.43
s_0026,339,19,zero-shot,1,6585,0,
s_0027,2091,140,zero-shot,1,3700,0,
s_0028,2054,85,zero-shot,1,7715,1,43.40
s_0029,2508,199,zero-shot,1,10292,0,
s_0030,181,11,zero-shot,1,4044,1,45.05
s_0031,688,40,zero-shot,1,24541,0,
s_0032,540,44,zero-shot,1,4163,1,62.04
s_0033,309,13,zero-shot,1,14521,1,52.21
s_0034,357,30,zero-shot,1,2212,0,
s_0035,153,12,zero-shot,1,8255,1,45.19
s_0036,564,36,zero-shot,1,6257,1,52.82
s_0037,706,25,zero-shot,1,10588,1,60.57
s_0038,341,24,zero-shot,1,23557,1,54.75
s_0039,1508,121,zero-shot,1,8835,0,
s_0040,557,22,zero-shot,1,7344,1,58.79
s_0041,1655,68,zero-shot,1,5534,1,38.40
s_0042,1105,56,zero-shot,1,16501,1,65.53
s_0043,606,37,zero-shot,1,8551,1,49.57
s_0044,2406,200,zero-shot,1,12720,0,
s_0045,1748,81,zero-shot,1,6429,0,
s_0046,331,15,zero-shot,1,8402,0,
s_0047,1104,48,zero-shot,1,6291,0,
s_0048,2134,140,zero-shot,1,6122,0,
s_0049,617,30,zero-shot,1,4738,0,
s_0050,446,32,zero-shot,1,18781,1,72.68
s_0051,862,28,zero-shot,1,3933,0,
s_0052,866,38,zero-shot,1,5534,0,
s_0053,1046,59,zero-shot,1,7808,0,
s_0054,3163,141,zero-shot,1,3687,1,52.55
s_0055,2588,137,zero-shot,1,9788,1,41.32
s_0056,169,12,zero-shot,1,7384,0,
s_0057,451,21,zero-shot,1,10690,1,45.65
s_0058,2330,82,zero-shot,1,14265,0,
s_0059,1024,52,zero-shot,1,10419,1,54.05
s_0060,2951,146,zero-shot,1,29510,0,
s_0061,999,53,zero-shot,1,10641,1,36.61
s_0062,269,13,zero-shot,1,23265,0,
s_0063,1035,53,zero-shot,1,3870,0,
s_0064,1717,80,zero-shot,1,11884,1,65.43
s_0065,146,18,zero-shot,1,12030,0,
s_0066,847,16,zero-shot,1,5261,0,
s_0067,733,50,zero-shot,1,4122,1,53.23
s_0068,1645,71,zero-shot,1,7655,1,40.73
s_0069,150,9,zero-shot,1,5731,1,36.23
s_0070,1415,131,zero-shot,1,3334,0,
s_0071,1830,117,zero-shot,1,10884,0,
s_0072,1155,53,zero-shot,1,6432,0,
s_0073,1406,44,zero-shot,1,4084,1,44.41
s_0074,445,13,zero-shot,1,8437,1,39.35
s_0075,5208,229,zero-shot,1,8723,0,
s_0076,1315,65,zero-shot,1,3185,0,
s_0077,937,66,zero-shot,1,9135,1,70.85
s_0078,2167,118,zero-shot,1,7492,1,40.12
s_0079,248,23,zero-shot,1,2238,0,
s_0080,2413,84,zero-shot,1,5802,1,51.36
s_0081,361,19,zero-shot,1,4701,1,50.25
s_0082,835,36,zero-shot,1,8256,0,
s_0083,2299,103,zero-shot,1,8772,1,51.49
s_0084,732,35,zero-shot,1,14425,1,37.42
s_0085,2798,107,zero-shot,1,3057,1,39.91
s_0086,450,32,zero-shot,1,9145,1,62.14
s_0087,1005,32,zero-shot,1,6556,1,41.78
s_0088,1052,60,zero-shot,1,2898,0,
s_0089,1028,25,zero-shot,1,9687,1,67.25
s_0090,1364,72,zero-shot,1,8244,0,
s_0091,2480,90,zero-shot,1,4554,0,
s_0092,846,33,zero-shot,1,18899,1,60.08
s_0093,586,33,zero-shot,1,6393,1,45.32
s_0094,1443,30,zero-shot,1,17243,0,
s_0095,523,24,zero-shot,1,22757,1,50.39
s_0096,1257,49,zero-shot,1,3086,1,31.26
s_0097,2194,75,zero-shot,1,32105,1,42.05
s_0098,731,45,zero-shot,1,14021,0,
s_0099,1650,68,zero-shot,1,21670,1,25.28
s_0100,1416,61,zero-shot,1,17617,0,
s_0101,1319,52,zero-shot,1,8258,1,38.24
s_0102,159,15,zero-shot,1,5507,1,36.47
s_0103,116,6,zero-shot,1,11801,1,46.16
s_0104,2601,103,zero-shot,1,8811,1,24.91
s_0105,151,14,zero-shot,1,4633,0,
s_0106,668,39,zero-shot,1,9418,1,51.53
s_0107,1036,45,zero-shot,1,18988,1,29.41
s_0108,333,16,zero-shot,1,12671,1,53.33
s_0109,1076,70,zero-shot,1,7444,0,
s_0110,241,12,zero-shot,1,3049,1,52.60
s_0111,484,32,zero-shot,1,7216,1,31.77
s_0112,1041,45,zero-shot,1,3309,1,49.81
s_0113,2140,88,zero-shot,1,5767,0,
s_0114,781,25,zero-shot,1,23984,1,41.93
s_0115,459,26,zero-shot,1,5588,0,
s_0116,1288,43,zero-shot,1,6606,0,
s_0117,2189,71,zero-shot,1,6599,1,33.43
s_0118,1132,41,zero-shot,1,5415,1,55.92
s_0119,415,28,zero-shot,1,35572,1,38.36
s_0120,891,90,zero-shot,1,6388,0,
s_0121,287,27,zero-shot,1,9161,0,
s_0122,1589,84,zero-shot,1,11160,0,
s_0123,2682,127,zero-shot,1,3804,1,47.12
s_0124,378,43,zero-shot,1,20020,1,61.72
s_0125,373,29,zero-shot,1,6440,1,62.54
s_0126,975,58,zero-shot,1,6750,1,37.93
s_0127,1059,46,zero-shot,1,4672,0,
s_0128,793,43,zero-shot,1,11558,1,44.74
s_0129,5271,258,zero-shot,1,6465,1,34.92
s_0130,3076,115,zero-shot,1,4404,1,41.56
s_0131,136,6,zero-shot,1,34448,1,67.84
s_0132,165,8,zero-shot,1,6737,0,
s_0133,153,12,zero-shot,1,5562,1,32.64
s_0134,1312,60,zero-shot,1,14673,0,
s_0135,7857,338,zero-shot,1,5644,0,
s_0136,1751,75,zero-shot,1,3305,1,51.65
s_0137,1296,93,zero-shot,1,20295,1,53.05
s_0138,992,78,zero-shot,1,5257,0,
s_0139,296,15,zero-shot,1,9932,0,
s_0140,1792,86,zero-shot,1,22814,0,
s_0141,1257,48,zero-shot,1,4870,0,
s_0142,251,14,zero-shot,1,8132,1,34.63
s_0143,827,58,zero-shot,1,7836,1,44.09
s_0144,354,14,zero-shot,1,14942,0,
s_0145,687,50,zero-shot,1,6905,1,43.27
s_0146,386,25,zero-shot,1,24762,0,
s_0147,758,38,zero-shot,1,9767,1,31.53
s_0148,616,36,zero-shot,1,68356,0,
s_0149,294,27,zero-shot,1,15702,0,
s_0150,825,49,zero-shot,1,33141,1,55.47
s_0151,1246,70,zero-shot,1,21364,0,
s_0152,323,16,zero-shot,1,15446,1,37.91
s_0153,413,25,zero-shot,1,17329,1,50.00
s_0154,3670,212,zero-shot,1,4760,0,
s_0155,1330,67,zero-shot,1,11140,0,
s_0156,739,36,zero-shot,1,9053,1,38.32
s_0157,1289,42,zero-shot,1,7266,0,
s_0158,159,14,zero-shot,1,9467,1,58.41
s_0159,1187,57,zero-shot,1,4609,1,65.50
s_0160,767,45,zero-shot,1,5534,0,
s_0161,336,22,zero-shot,1,5933,0,
s_0162,351,24,zero-shot,1,9370,1,48.47
s_0163,278,17,zero-shot,1,7684,0,
s_0164,1851,115,zero-shot,1,7470,1,58.53
s_0165,202,14,zero-shot,1,12489,1,43.92
s_0166,2658,135,zero-shot,1,12537,0,
s_0167,5385,136,zero-shot,1,19381,1,44.56
s_0168,211,14,zero-shot,1,47226,0,
s_0169,696,54,zero-shot,1,23845,1,44.84
s_0170,899,43,zero-shot,1,9614,1,34.04
s_0171,78,4,zero-shot,1,24598,1,60.27
s_0172,1021,37,zero-shot,1,17217,0,
s_0173,716,42,zero-shot,1,7724,1,50.98
s_0174,547,26,zero-shot,1,23482,1,58.36
s_0175,728,48,zero-shot,1,9923,1,36.77
s_0176,2799,229,zero-shot,1,24702,0,
s_0177,308,15,zero-shot,1,16265,0,
s_0178,1096,58,zero-shot,1,7823,1,37.89
s_0179,11978,277,zero-shot,1,5509,0,
s_0180,662,63,zero-shot,1,18830,1,57.37
s_0181,170,12,zero-shot,1,6917,1,49.23
s_0182,2369,212,zero-shot,1,5434,0,
s_0183,1854,64,zero-shot,1,19278,0,
s_0184,222,17,zero-shot,1,12975,1,64.66
s_0185,2544,107,zero-shot,1,8329,0,
s_0186,260,29,zero-shot,1,7125,1,39.22
s_0187,889,49,zero-shot,1,9027,1,36.13
s_0188,322,18,zero-shot,1,4352,0,
s_0189,314,24,zero-shot,1,12096,1,55.04
s_0190,363,23,zero-shot,1,6192,1,42.43
s_0191,982,70,zero-shot,1,17777,0,
s_0192,4029,165,zero-shot,1,16158,0,
s_0193,599,20,zero-shot,1,8528,1,69.67
s_0194,133,12,zero-shot,1,35600,1,71.77
s_0195,366,28,zero-shot,1,11767,1,59.93
s_0196,144,7,zero-shot,1,10872,1,53.87
s_0197,1246,46,zero-shot,1,22891,1,64.88
s_0198,522,34,zero-shot,1,18627,1,43.79
s_0199,410,19,zero-shot,1,9438,1,53.23
s_0200,680,21,zero-shot,1,10194,1,43.46
s_0201,3083,157,zero-shot,1,17921,0,
s_0202,266,16,zero-shot,1,19600,1,40.51
s_0203,1066,67,zero-shot,1,6776,1,39.39
s_0204,418,15,zero-shot,1,9165,1,52.54
s_0205,469,18,zero-shot,1,7402,1,56.01
s_0206,471,30,zero-shot,1,17648,1,37.82
s_0207,238,8,zero-shot,1,8062,1,68.40
s_0208,293,13,zero-shot,1,5127,0,
s_0209,217,9,zero-shot,1,3009,0,
s_0210,779,39,zero-shot,1,5459,0,
s_0211,2983,139,zero-shot,1,15254,0,
s_0212,110,11,zero-shot,1,2871,1,41.30
s_0213,375,24,zero-shot,1,42759,1,73.15
s_0214,834,46,zero-shot,1,9831,1,38.60
s_0215,552,36,zero-shot,1,149890,0,
s_0216,863,22,zero-shot,1,11063,0,
s_0217,147,14,zero-shot,1,3614,1,66.75
s_0218,868,47,zero-shot,1,18850,1,43.04
s_0219,916,38,zero-shot,1,8436,0,
s_0220,4208,98,zero-shot,1,8946,0,
s_0221,609,26,zero-shot,1,5731,0,
s_0222,1375,41,zero-shot,1,17395,0,
s_0223,669,15,zero-shot,1,4929,0,
s_0224,1097,42,zero-shot,1,3862,0,
s_0225,705,48,zero-shot,1,6091,1,46.92
s_0226,287,22,zero-shot,1,6004,1,45.47
s_0227,1412,39,zero-shot,1,7337,1,32.97
s_0228,463,16,zero-shot,1,7623,1,43.31
s_0229,702,21,zero-shot,1,1850,0,
s_0230,806,43,zero-shot,1,6319,0,
s_0231,677,22,zero-shot,1,10978,1,42.24
s_0232,1639,75,zero-shot,1,154256,0,
s_0233,140,13,zero-shot,1,14039,1,41.96
s_0234,827,87,zero-shot,1,7481,0,
s_0235,741,41,zero-shot,1,14863,0,
s_0236,883,27,zero-shot,1,14657,0,
s_0237,794,32,zero-shot,1,17987,1,48.95
s_0238,985,49,zero-shot,1,9391,1,49.39
s_0239,1422,64,zero-shot,1,8032,0,
s_0240,76,6,zero-shot,1,9335,1,68.43
s_0241,2425,175,zero-shot,1,15125,0,
s_0242,2255,114,zero-shot,1,13973,1,34.71
s_0243,376,22,zero-shot,1,11314,1,57.32
s_0244,1649,75,zero-shot,1,23988,0,
s_0245,1076,27,zero-shot,1,50497,0,
s_0246,275,12,zero-shot,1,15255,1,44.21
s_0247,984,64,zero-shot,1,9264,0,
s_0248,1996,193,zero-shot,1,6060,1,42.98
s_0249,2385,82,zero-shot,1,5722,1,31.68
s_0250,327,18,zero-shot,1,4062,1,57.70
s_0251,127,7,zero-shot,1,5193,1,60.66
s_0252,1093,37,zero-shot,1,4761,1,38.44
s_0253,4910,248,zero-shot,1,5479,0,
s_0254,959,35,zero-shot,1,5826,1,31.06
s_0255,328,21,zero-shot,1,4540,0,
s_0256,1358,92,zero-shot,1,6566,0,
s_0257,577,20,zero-shot,1,9254,0,
s_0258,749,64,zero-shot,1,5292,1,25.29
s_0259,1096,55,zero-shot,1,21292,0,
s_0260,1149,62,zero-shot,1,9715,0,
s_0261,664,31,zero-shot,1,4060,1,29.64
s_0262,670,37,zero-shot,1,7038,0,
s_0263,589,41,zero-shot,1,25174,1,29.01
s_0264,1396,118,zero-shot,1,5004,1,25.24
s_0265,1577,109,zero-shot,1,9525,1,60.70
s_0266,934,65,zero-shot,1,12866,0,
s_0267,11647,456,zero-shot,1,12337,0,
s_0268,406,22,zero-shot,1,5710,0,
s_0269,875,91,zero-shot,1,4679,0,
s_0270,2606,115,zero-shot,1,10061,1,54.08
s_0271,670,44,zero-shot,1,7074,1,44.07
s_0272,635,33,zero-shot,1,3225,0,
s_0273,6422,195,zero-shot,1,3785,0,
s_0274,364,22,zero-shot,1,12031,0,
s_0275,780,36,zero-shot,1,10669,0,
s_0276,321,17,zero-shot,1,8606,1,37.51
s_0277,913,51,zero-shot,1,6845,0,
s_0278,635,62,zero-shot,1,11671,1,50.52
s_0279,1532,62,zero-shot,1,4013,1,44.73
s_0280,913,43,zero-shot,1,14019,1,48.27
s_0281,488,44,zero-shot,1,20668,1,48.39
s_0282,1001,18,zero-shot,1,8684,0,
s_0283,2666,104,zero-shot,1,6687,0,
s_0284,401,22,zero-shot,1,17153,1,26.93
s_0285,956,41,zero-shot,1,16886,1,42.75
s_0286,294,18,zero-shot,1,9830,1,47.83
s_0287,1585,69,zero-shot,1,9542,0,
s_0288,477,13,zero-shot,1,11833,1,64.04
s_0289,433,30,zero-shot,1,4106,1,55.49
s_0290,1350,101,zero-shot,1,13162,1,41.02
s_0291,1666,46,zero-shot,1,9861,0,
s_0292,1265,58,zero-shot,1,14141,1,59.42
s_0293,1047,51,zero-shot,1,11053,0,
s_0294,297,18,zero-shot,1,4977,1,67.02
s_0295,539,25,zero-shot,1,7316,1,48.12
s_0296,179,9,zero-shot,1,17507,0,
s_0297,3470,213,zero-shot,1,6280,1,54.45
s_0298,586,36,zero-shot,1,6929,1,55.72
s_0299,508,24,zero-shot,1,11165,0,
s_0300,1067,55,zero-shot,1,6959,1,38.93
s_0301,2924,143,zero-shot,1,4617,0,
s_0302,1798,70,zero-shot,1,34083,0,
s_0303,252,15,zero-shot,1,6546,1,40.07
s_0304,3578,216,zero-shot,1,7821,0,
s_0305,1575,91,zero-shot,1,32983,0,
s_0306,287,21,zero-shot,1,3565,1,53.35
s_0307,242,11,zero-shot,1,16682,0,
s_0308,1048,61,zero-shot,1,10794,1,44.86
s_0309,852,31,zero-shot,1,4057,1,54.53
s_0310,1188,82,zero-shot,1,5247,0,
s_0311,1616,65,zero-shot,1,4771,1,37.28
s_0312,483,33,zero-shot,1,10732,1,37.38
s_0313,481,22,zero-shot,1,18079,0,
s_0314,3484,113,zero-shot,1,4769,0,
s_0315,324,23,zero-shot,1,26058,1,35.78
s_0316,2565,108,zero-shot,1,6184,0,
s_0317,7707,138,zero-shot,1,3566,0,
s_0318,614,24,zero-shot,1,13183,1,65.14
s_0319,178,14,zero-shot,1,32131,1,58.06
s_0320,290,17,zero-shot,1,6242,1,50.11
s_0321,650,39,zero-shot,1,4679,0,
s_0322,460,30,zero-shot,1,3935,1,53.47
s_0323,1179,48,zero-shot,1,10182,0,
s_0324,1855,61,zero-shot,1,5329,1,35.84
s_0325,43,4,zero-shot,1,6673,1,71.82
s_0326,311,17,zero-shot,1,21778,1,59.61
s_0327,1236,49,zero-shot,1,8040,0,
s_0328,345,17,zero-shot,1,21182,1,35.09
s_0329,1653,102,zero-shot,1,8727,1,51.94
s_0330,2925,136,zero-shot,1,7812,0,
s_0331,394,34,zero-shot,1,12097,1,37.45
s_0332,852,31,zero-shot,1,9440,1,36.29
s_0333,572,28,zero-shot,1,5832,0,
s_0334,3852,219,zero-shot,1,10292,1,59.58
s_0335,2267,90,zero-shot,1,6165,1,51.51
s_0336,960,69,zero-shot,1,8363,1,51.04
s_0337,769,43,zero-shot,1,7684,0,
s_0338,262,20,zero-shot,1,18105,0,
s_0339,431,33,zero-shot,1,13843,1,26.35
s_0340,470,29,zero-shot,1,6023,1,52.57
s_0341,1350,80,zero-shot,1,8385,1,53.93
s_0342,714,44,zero-shot,1,15837,1,28.59
s_0343,998,97,zero-shot,1,7192,0,
s_0344,814,38,zero-shot,1,4772,0,
s_0345,3120,77,zero-shot,1,8410,1,42.81
s_0346,1324,96,zero-shot,1,11747,1,50.49
s_0347,399,25,zero-shot,1,8417,0,
s_0348,677,41,zero-shot,1,17947,1,35.64
s_0349,312,20,zero-shot,1,44349,1,53.99
s_0350,561,33,zero-shot,1,12048,0,
s_0351,420,36,zero-shot,1,5411,0,
s_0352,2622,140,zero-shot,1,14927,0,
s_0353,791,56,zero-shot,1,17591,1,60.32
s_0354,1601,106,zero-shot,1,4536,0,
s_0355,828,37,zero-shot,1,23092,0,
s_0356,311,15,zero-shot,1,8243,0,
s_0357,269,11,zero-shot,1,6136,1,75.22
s_0358,1155,35,zero-shot,1,14404,0,
s_0359,156,8,zero-shot,1,15084,0,
s_0360,1076,42,zero-shot,1,11227,0,
s_0361,84,8,zero-shot,1,19138,1,32.30
s_0362,1000,50,zero-shot,1,5640,1,42.63
s_0363,923,38,zero-shot,1,23485,1,44.36
s_0364,221,9,zero-shot,1,11938,1,66.80
s_0365,292,21,zero-shot,1,5370,1,45.75
s_0366,452,39,zero-shot,1,4468,1,52.93
s_0367,908,60,zero-shot,1,5103,0,
s_0368,144,8,zero-shot,1,9602,1,61.54
s_0369,144,7,zero-shot,1,33091,1,54.66
s_0370,1696,60,zero-shot,1,9180,0,
s_0371,442,27,zero-shot,1,21083,1,70.99
s_0372,746,46,zero-shot,1,8735,1,38.60
s_0373,1583,101,zero-shot,1,30582,1,61.62
s_0374,1391,74,zero-shot,1,6126,1,33.74
s_0375,414,20,zero-shot,1,7530,1,44.00
s_0376,1297,57,zero-shot,1,11746,1,48.03
s_0377,732,25,zero-shot,1,3293,0,
s_0378,294,18,zero-shot,1,22477,1,43.11
s_0379,817,51,zero-shot,1,11577,0,
s_0380,400,19,zero-shot,1,8831,1,57.10
s_0381,830,31,zero-shot,1,14673,1,36.16
s_0382,908,51,zero-shot,1,11120,0,
s_0383,271,11,zero-shot,1,6510,0,
s_0384,1507,111,zero-shot,1,4232,1,55.52
s_0385,409,23,zero-shot,1,7164,1,47.84
s_0386,380,25,zero-shot,1,4758,1,70.99
s_0387,3369,103,zero-shot,1,9745,0,
s_0388,434,31,zero-shot,1,9743,1,33.04
s_0389,760,60,zero-shot,1,11932,0,
s_0390,3558,168,zero-shot,1,3657,1,54.89
s_0391,595,21,zero-shot,1,6302,0,
s_0392,118,9,zero-shot,1,11903,1,61.18
s_0393,4570,146,zero-shot,1,3797,0,
s_0394,581,19,zero-shot,1,6919,1,54.05
s_0395,423,29,zero-shot,1,16089,1,43.65
s_0396,955,48,zero-shot,1,8600,1,38.24
s_0397,597,24,zero-shot,1,20951,0,
s_0398,558,18,zero-shot,1,12711,1,35.57
s_0399,1002,80,zero-shot,1,7780,0,
s_0400,175,15,zero-shot,1,20841,0,
s_0401,1246,79,zero-shot,1,8538,0,
s_0402,754,52,zero-shot,1,3019,1,51.37
s_0403,1864,94,zero-shot,1,18572,1,49.53
s_0404,502,27,zero-shot,1,10201,0,
s_0405,470,29,zero-shot,1,8148,1,53.88
s_0406,1454,41,zero-shot,1,4927,0,
s_0407,283,25,zero-shot,1,16596,1,53.50
s_0408,590,38,zero-shot,1,4569,0,
s_0409,2793,121,zero-shot,1,9420,0,
s_0410,2282,163,zero-shot,1,17126,0,
s_0411,896,24,zero-shot,1,3447,0,
s_0412,785,59,zero-shot,1,3951,0,
s_0413,675,43,zero-shot,1,7447,0,
s_0414,295,19,zero-shot,1,10667,0,
s_0415,175,10,zero-shot,1,12889,1,62.86
s_0416,998,65,zero-shot,1,10454,1,18.97
s_0417,528,23,zero-shot,1,3663,1,31.47
s_0418,351,16,zero-shot,1,7550,1,53.40
s_0419,394,15,zero-shot,1,7051,0,
s_0420,779,22,zero-shot,1,9018,1,41.00
s_0421,750,29,zero-shot,1,5024,1,21.32
s_0422,56,5,zero-shot,1,8437,1,55.79
s_0423,636,24,zero-shot,1,6458,0,
s_0424,1848,92,zero-shot,1,35260,0,
s_0425,204,11,zero-shot,1,4545,0,
s_0426,1087,73,zero-shot,1,6662,1,71.34
s_0427,2219,168,zero-shot,1,7171,0,
s_0428,1499,64,zero-shot,1,41221,0,
s_0429,346,27,zero-shot,1,4997,0,
s_0430,870,44,zero-shot,1,8335,0,
s_0431,887,62,zero-shot,1,7334,0,
s_0432,829,52,zero-shot,1,15423,0,
s_0433,2310,88,zero-shot,1,17486,1,25.47
s_0434,553,42,zero-shot,1,4401,1,53.47
s_0435,7741,198,zero-shot,1,6311,1,52.23
s_0436,1475,43,zero-shot,1,3539,1,48.12
s_0437,440,15,zero-shot,1,10737,1,44.46
s_0438,365,16,zero-shot,1,3497,0,
s_0439,1360,120,zero-shot,1,4275,0,
s_0440,580,34,zero-shot,1,6292,0,
s_0441,4020,135,zero-shot,1,12613,0,
s_0442,713,31,zero-shot,1,13568,0,
s_0443,1019,55,zero-shot,1,6156,1,57.09
s_0444,214,17,zero-shot,1,9763,1,44.88
s_0445,1335,70,zero-shot,1,16156,1,58.13
s_0446,2303,119,zero-shot,1,7343,0,
s_0447,1566,65,zero-shot,1,9112,1,59.39
s_0448,222,11,zero-shot,1,5592,0,
s_0449,1776,88,zero-shot,1,6445,0,
s_0450,680,22,zero-shot,1,5619,0,
s_0451,729,30,zero-shot,1,7727,1,40.15
s_0452,3472,214,zero-shot,1,5340,1,33.97
s_0453,620,20,zero-shot,1,6453,0,
s_0454,1834,91,zero-shot,1,13071,0,
s_0455,3731,95,zero-shot,1,6945,0,
s_0456,596,38,zero-shot,1,12972,1,50.21
s_0457,379,20,zero-shot,1,4713,1,60.89
s_0458,1352,50,zero-shot,1,8229,1,61.54
s_0459,3152,166,zero-shot,1,8006,0,
s_0460,650,36,zero-shot,1,14016,0,
s_0461,1619,91,zero-shot,1,10322,0,
s_0462,156,9,zero-shot,1,6538,1,65.08
s_0463,453,23,zero-shot,1,7297,0,
s_0464,757,34,zero-shot,1,6797,1,42.24
s_0465,1479,83,zero-shot,1,12324,0,
s_0466,1825,119,zero-shot,1,15769,0,
s_0467,767,26,zero-shot,1,3961,0,
s_0468,107,8,zero-shot,1,5184,1,49.75
s_0469,236,21,zero-shot,1,6370,1,73.59
s_0470,3213,131,zero-shot,1,5360,1,32.93
s_0471,351,42,zero-shot,1,6418,1,42.91
s_0472,1188,163,zero-shot,1,16991,0,
s_0473,427,25,zero-shot,1,28265,0,
s_0474,1121,35,zero-shot,1,6723,1,45.26
s_0475,482,24,zero-shot,1,2770,0,
s_0476,1349,41,zero-shot,1,3606,1,48.09
s_0477,2136,100,zero-shot,1,4907,1,50.13
s_0478,193,9,zero-shot,1,7372,1,50.68
s_0479,271,18,zero-shot,1,9500,1,49.90
s_0480,251,14,zero-shot,1,8597,1,36.98
s_0481,1936,108,zero-shot,1,22748,1,30.88
s_0482,547,30,zero-shot,1,17251,1,29.52
s_0483,1450,88,zero-shot,1,6243,1,60.38
s_0484,783,34,zero-shot,1,19498,1,63.66
s_0485,354,24,zero-shot,1,9956,0,
s_0486,481,26,zero-shot,1,8006,1,52.60
s_0487,5186,208,zero-shot,1,6740,0,
s_0488,768,43,zero-shot,1,2051,0,
s_0489,1296,67,zero-shot,1,5239,0,
s_0490,988,48,zero-shot,1,10942,1,44.95
s_0491,182,12,zero-shot,1,5624,0,
s_0492,10245,238,zero-shot,1,13704,0,
s_0493,4482,154,zero-shot,1,7037,0,
s_0494,1583,70,zero-shot,1,12976,1,27.74
s_0495,816,45,zero-shot,1,4148,0,
s_0496,594,44,zero-shot,1,6829,1,58.79
s_0497,1433,94,zero-shot,1,5693,1,52.63
s_0498,323,22,zero-shot,1,5582,1,47.82
s_0499,525,36,zero-shot,1,8009,1,50.59
s_0500,5347,315,zero-shot,1,4560,1,18.93
s_0501,1472,67,zero-shot,1,14896,0,
s_0502,1878,72,zero-shot,1,9438,0,
s_0503,258,18,zero-shot,1,10083,0,
s_0504,1178,62,zero-shot,1,8214,1,55.35
s_0505,450,22,zero-shot,1,20231,0,
s_0506,1755,112,zero-shot,1,7269,0,
s_0507,487,17,zero-shot,1,6894,1,55.89
s_0508,4303,181,zero-shot,1,10386,0,
s_0509,836,36,zero-shot,1,6846,0,
s_0510,3077,107,zero-shot,1,3125,0,
s_0511,240,11,zero-shot,1,10308,0,
s_0512,924,62,zero-shot,1,3068,1,30.40
s_0513,936,59,zero-shot,1,12885,0,
s_0514,2253,87,zero-shot,1,59388,0,
s_0515,2167,87,zero-shot,1,4666,0,
s_0516,3806,145,zero-shot,1,12358,0,
s_0517,275,17,zero-shot,1,4847,1,55.16
s_0518,408,19,zero-shot,1,13316,0,
s_0519,316,23,zero-shot,1,13544,1,53.77
s_0520,440,29,zero-shot,1,7800,0,
s_0521,909,45,zero-shot,1,15123,1,47.13
s_0522,900,63,zero-shot,1,11426,0,
s_0523,1092,57,zero-shot,1,17539,0,
s_0524,328,17,zero-shot,1,16870,1,55.30
s_0525,486,21,zero-shot,1,14668,1,41.25
s_0526,1359,75,zero-shot,1,42566,0,
s_0527,1087,34,zero-shot,1,8968,1,29.99
s_0528,613,19,zero-shot,1,4653,1,56.73
s_0529,1374,75,zero-shot,1,6180,1,53.08
s_0530,534,24,zero-shot,1,9350,1,69.42
s_0531,2548,141,zero-shot,1,6126,0,
s_0532,176,15,zero-shot,1,7666,1,52.34
s_0533,253,20,zero-shot,1,5998,1,81.86
s_0534,550,49,zero-shot,1,6154,1,53.50
s_0535,1466,77,zero-shot,1,4430,0,
s_0536,1604,97,zero-shot,1,4841,0,
s_0537,343,12,zero-shot,1,9524,0,
s_0538,1367,78,zero-shot,1,11604,0,
s_0539,824,40,zero-shot,1,8838,0,
s_0540,1040,50,zero-shot,1,5438,0,
s_0541,1470,49,zero-shot,1,9607,1,42.25
s_0542,941,72,zero-shot,1,9823,1,48.94
s_0543,301,21,zero-shot,1,12601,1,61.08
s_0544,448,41,zero-shot,1,3587,1,52.23
s_0545,975,50,zero-shot,1,3395,1,67.13
s_0546,881,35,zero-shot,1,10079,0,
s_0547,424,19,zero-shot,1,12627,0,
s_0548,2761,100,zero-shot,1,10925,0,
s_0549,820,39,zero-shot,1,9775,0,
s_0550,611,38,zero-shot,1,8073,1,47.72
s_0551,374,21,zero-shot,1,14573,0,
s_0552,915,29,zero-shot,1,4553,1,61.43
s_0553,804,56,zero-shot,1,27580,1,40.75
s_0554,1460,79,zero-shot,1,3955,0,
s_0555,3137,160,zero-shot,1,5763,0,
s_0556,223,17,zero-shot,1,11726,1,64.16
s_0557,1057,46,zero-shot,1,21155,1,36.01
s_0558,1455,84,zero-shot,1,6099,1,14.11
s_0559,499,64,zero-shot,1,7771,1,83.15
s_0560,762,42,zero-shot,1,22289,1,38.28
s_0561,682,38,zero-shot,1,8179,0,
s_0562,1283,35,zero-shot,1,23096,0,
s_0563,806,35,zero-shot,1,27523,1,50.88
s_0564,367,18,zero-shot,1,8278,1,57.09
s_0565,211,16,zero-shot,1,52111,1,50.02
s_0566,1112,54,zero-shot,1,8040,0,
s_0567,473,18,zero-shot,1,17169,1,56.52
s_0568,535,31,zero-shot,1,6319,0,
s_0569,275,18,zero-shot,1,11648,1,32.35
s_0570,3447,155,zero-shot,1,5870,1,59.29
s_0571,799,43,zero-shot,1,8179,1,54.36
s_0572,577,51,zero-shot,1,5567,1,65.00
s_0573,681,32,zero-shot,1,9164,1,38.76
s_0574,353,18,zero-shot,1,5255,0,
s_0575,1072,40,zero-shot,1,7053,0,
s_0576,403,20,zero-shot,1,11283,1,51.04
s_0577,512,33,zero-shot,1,6178,1,47.53
s_0578,706,44,zero-shot,1,5630,1,63.84
s_0579,339,22,zero-shot,1,6881,1,58.01
s_0580,779,46,zero-shot,1,9643,1,55.31
s_0581,2263,97,zero-shot,1,8440,1,51.06
s_0582,1126,47,zero-shot,1,8441,0,
s_0583,674,26,zero-shot,1,5528,1,65.03
s_0584,913,64,zero-shot,1,15774,1,48.67
s_0585,878,83,zero-shot,1,9055,0,
s_0586,1362,63,zero-shot,1,5457,1,58.65
s_0587,836,62,zero-shot,1,5906,1,56.52
s_0588,711,29,zero-shot,1,4887,1,49.07
s_0589,3380,169,zero-shot,1,12497,0,
s_0590,307,18,zero-shot,1,5285,1,55.43
s_0591,3662,98,zero-shot,1,7257,0,
s_0592,5853,157,zero-shot,1,10664,0,
s_0593,2214,89,zero-shot,1,10695,0,
s_0594,473,20,zero-shot,1,5628,0,
s_0595,1137,61,zero-shot,1,5480,1,61.63
s_0596,299,18,zero-shot,1,15795,1,67.42
s_0597,405,37,zero-shot,1,6192,0,
s_0598,1070,28,zero-shot,1,5754,1,43.55
s_0599,246,13,zero-shot,1,4359,0,
s_0600,556,41,zero-shot,1,9281,0,
s_0601,676,21,zero-shot,1,6403,0,
s_0602,56,7,zero-shot,1,4523,1,46.58
s_0603,1758,87,zero-shot,1,5152,1,41.64
s_0604,747,52,zero-shot,1,9589,1,43.77
s_0605,2990,74,zero-shot,1,6713,0,
s_0606,476,24,zero-shot,1,8657,0,
s_0607,529,22,zero-shot,1,9181,1,53.78
s_0608,3787,196,zero-shot,1,13359,0,
s_0609,265,13,zero-shot,1,8010,1,43.47
s_0610,460,37,zero-shot,1,5104,1,53.81
s_0611,1935,57,zero-shot,1,7056,1,55.91
s_0612,980,41,zero-shot,1,6665,1,63.35
s_0613,1771,100,zero-shot,1,4181,0,
s_0614,667,34,zero-shot,1,5586,0,
s_0615,902,62,zero-shot,1,10493,0,
s_0616,493,22,zero-shot,1,6454,1,38.00
s_0617,1018,72,zero-shot,1,14601,0,
s_0618,374,18,zero-shot,1,37223,1,60.43
s_0619,1272,48,zero-shot,1,17725,0,
s_0620,841,48,zero-shot,1,12038,1,54.97
s_0621,277,22,zero-shot,1,17335,0,
s_0622,1115,53,zero-shot,1,25775,1,58.93
s_0623,260,12,zero-shot,1,6469,1,57.41
s_0624,691,33,zero-shot,1,17028,1,46.63
s_0625,406,18,zero-shot,1,10546,1,59.35
s_0626,282,14,zero-shot,1,11017,1,54.39
s_0627,896,49,zero-shot,1,15411,0,
s_0628,301,10,zero-shot,1,13023,1,52.18
s_0629,1821,122,zero-shot,1,13991,0,
s_0630,1002,60,zero-shot,1,13011,1,60.24
s_0631,615,66,zero-shot,1,6102,0,
s_0632,856,49,zero-shot,1,14488,1,28.03
s_0633,305,16,zero-shot,1,5736,0,
s_0634,881,35,zero-shot,1,6730,1,51.45
s_0635,1284,87,zero-shot,1,4539,1,41.87
s_0636,1468,34,zero-shot,1,10480,0,
s_0637,188,8,zero-shot,1,7457,0,
s_0638,819,30,zero-shot,1,2456,0,
s_0639,399,11,zero-shot,1,13175,1,43.49
s_0640,644,36,zero-shot,1,11693,0,
s_0641,2028,77,zero-shot,1,6297,0,
s_0642,2032,91,zero-shot,1,21710,0,
s_0643,2342,106,zero-shot,1,15613,0,
s_0644,613,27,zero-shot,1,10066,1,41.59
s_0645,388,18,zero-shot,1,4913,1,43.36
s_0646,998,63,zero-shot,1,8187,0,
s_0647,1769,55,zero-shot,1,7858,1,62.59
s_0648,630,49,zero-shot,1,7519,1,39.48
s_0649,1378,41,zero-shot,1,1807,0,
s_0650,4111,161,zero-shot,1,6052,1,65.11
s_0651,642,45,zero-shot,1,5272,0,
s_0652,1268,42,zero-shot,1,7270,0,
s_0653,434,17,zero-shot,1,8381,1,39.71
s_0654,983,110,zero-shot,1,29892,1,36.27
s_0655,253,27,zero-shot,1,6223,1,53.02
s_0656,3275,154,zero-shot,1,5671,1,75.32
s_0657,852,38,zero-shot,1,8467,0,
s_0658,7467,157,zero-shot,1,5640,0,
s_0659,373,12,zero-shot,1,21670,1,46.54
s_0660,1059,71,zero-shot,1,5941,0,
s_0661,509,38,zero-shot,1,14139,0,
s_0662,951,35,zero-shot,1,10663,0,
s_0663,542,18,zero-shot,1,15608,1,63.02
s_0664,361,24,zero-shot,1,84235,0,
s_0665,322,20,zero-shot,1,8675,1,41.89
s_0666,1113,62,zero-shot,1,11960,0,
s_0667,1053,51,zero-shot,1,7330,0,
s_0668,783,67,zero-shot,1,7541,0,
s_0669,1651,80,zero-shot,1,6669,0,
s_0670,735,64,zero-shot,1,9783,1,45.06
s_0671,2044,69,zero-shot,1,11008,0,
s_0672,192,8,zero-shot,1,4671,1,43.26
s_0673,458,19,zero-shot,1,12273,1,54.89
s_0674,1325,82,zero-shot,1,4089,0,
s_0675,1166,52,zero-shot,1,15037,1,47.40
s_0676,300,23,zero-shot,1,3549,1,39.82
s_0677,2441,148,zero-shot,1,20096,0,
s_0678,251,15,zero-shot,1,7431,1,9.29
s_0679,185,7,zero-shot,1,6253,1,53.48
s_0680,844,55,zero-shot,1,8089,0,
s_0681,2127,168,zero-shot,1,7523,0,
s_0682,497,20,zero-shot,1,63700,1,41.61
s_0683,438,25,zero-shot,1,7846,1,69.19
s_0684,341,37,zero-shot,1,7004,1,47.45
s_0685,50,2,zero-shot,1,5804,1,61.35
s_0686,1471,70,zero-shot,1,7951,0,
s_0687,586,32,zero-shot,1,7452,1,46.55
s_0688,795,53,zero-shot,1,17095,0,
s_0689,1610,71,zero-shot,1,7744,0,
s_0690,1792,85,zero-shot,1,15846,0,
s_0691,782,39,zero-shot,1,3768,0,
s_0692,1584,92,zero-shot,1,33877,1,38.59
s_0693,423,17,zero-shot,1,7201,0,
s_0694,1863,80,zero-shot,1,3864,0,
s_0695,766,38,zero-shot,1,12722,1,43.95
s_0696,192,13,zero-shot,1,7115,1,38.93
s_0697,1742,86,zero-shot,1,12795,0,
s_0698,444,15,zero-shot,1,14086,0,
s_0699,1492,61,zero-shot,1,7954,1,70.19
s_0700,2782,106,zero-shot,1,6986,0,
s_0701,1209,53,zero-shot,1,14256,1,57.62
s_0702,650,64,zero-shot,1,3785,0,
s_0703,249,17,zero-shot,1,5821,1,56.71
s_0704,626,27,zero-shot,1,6404,0,
s_0705,1029,53,zero-shot,1,7444,1,45.97
s_0706,1097,58,zero-shot,1,5643,1,48.31
s_0707,1017,43,zero-shot,1,9431,1,37.38
s_0708,1013,64,zero-shot,1,12718,1,35.91
s_0709,673,34,zero-shot,1,7718,1,68.35
s_0710,369,17,zero-shot,1,9576,1,63.58
s_0711,624,27,zero-shot,1,12731,1,62.39
s_0712,456,27,zero-shot,1,14205,0,
s_0713,1241,86,zero-shot,1,4623,1,33.27
s_0714,783,42,zero-shot,1,33373,0,
s_0715,364,13,zero-shot,1,7099,1,81.97
s_0716,201,11,zero-shot,1,33428,1,77.02
s_0717,461,26,zero-shot,1,5558,1,60.52
s_0718,1353,44,zero-shot,1,14366,0,
s_0719,2096,122,zero-shot,1,29339,1,51.10
s_0720,854,27,zero-shot,1,8323,1,56.42
s_0721,345,15,zero-shot,1,39059,1,44.25
s_0722,784,48,zero-shot,1,3893,0,
s_0723,2476,95,zero-shot,1,7747,0,
s_0724,144,15,zero-shot,1,5354,1,32.35
s_0725,3309,107,zero-shot,1,6696,0,
s_0726,202,22,zero-shot,1,26026,1,43.39
s_0727,164,13,zero-shot,1,11621,1,33.20
s_0728,1583,68,zero-shot,1,17506,0,
s_0729,430,20,zero-shot,1,19253,1,48.71
s_0730,383,27,zero-shot,1,10849,0,
s_0731,894,29,zero-shot,1,8320,0,
s_0732,390,23,zero-shot,1,5710,1,52.27
s_0733,504,38,zero-shot,1,6664,0,
s_0734,151,7,zero-shot,1,13081,1,66.10
s_0735,744,53,zero-shot,1,9235,1,32.94
s_0736,439,33,zero-shot,1,37895,1,47.88
s_0737,449,40,zero-shot,1,3130,1,46.49
s_0738,139,13,zero-shot,1,6801,1,37.83
s_0739,1462,81,zero-shot,1,9165,0,
s_0740,801,67,zero-shot,1,7510,0,
s_0741,328,13,zero-shot,1,5029,1,45.55
s_0742,1313,81,zero-shot,1,30404,1,48.12
s_0743,517,28,zero-shot,1,9854,1,59.39
s_0744,467,23,zero-shot,1,9300,1,53.34
s_0745,244,20,zero-shot,1,7951,1,69.13
s_0746,624,27,zero-shot,1,10555,1,59.31
s_0747,4527,204,zero-shot,1,18122,1,26.67
s_0748,516,23,zero-shot,1,21163,1,42.64
s_0749,485,24,zero-shot,1,2627,0,
s_0750,743,45,zero-shot,1,139804,0,
s_0751,1642,69,zero-shot,1,13417,1,43.70
s_0752,2658,110,zero-shot,1,3671,0,
s_0753,213,27,zero-shot,1,3950,1,49.50
s_0754,633,41,zero-shot,1,21715,0,
s_0755,212,16,zero-shot,1,6554,0,
s_0756,2156,87,zero-shot,1,4673,0,
s_0757,2491,99,zero-shot,1,21658,1,63.57
s_0758,1970,96,zero-shot,1,5464,1,37.19
s_0759,777,19,zero-shot,1,24985,0,
s_0760,4843,180,zero-shot,1,7443,1,58.47
s_0761,1681,109,zero-shot,1,12560,1,38.23
s_0762,1607,71,zero-shot,1,9216,1,55.34
s_0763,1847,96,zero-shot,1,16566,1,63.34
s_0764,1934,80,zero-shot,1,11827,0,
s_0765,1792,121,zero-shot,1,5682,1,59.06
s_0766,3228,221,zero-shot,1,15727,1,29.68
s_0767,321,22,zero-shot,1,11272,1,48.42
s_0768,1491,87,zero-shot,1,6582,1,26.88
s_0769,255,16,zero-shot,1,4393,1,59.29
s_0770,1917,148,zero-shot,1,8597,1,51.15
s_0771,9797,219,zero-shot,1,7320,0,
s_0772,1150,61,zero-shot,1,6556,1,46.52
s_0773,888,55,zero-shot,1,7489,0,
s_0774,2183,106,zero-shot,1,27336,1,65.32
s_0775,1228,76,zero-shot,1,21297,1,48.04
s_0776,305,22,zero-shot,1,5421,1,67.04
s_0777,357,24,zero-shot,1,10453,0,
s_0778,166,8,zero-shot,1,22547,1,34.57
s_0779,2053,58,zero-shot,1,5846,0,
s_0780,2124,130,zero-shot,1,4955,0,
s_0781,440,18,zero-shot,1,7095,1,57.59
s_0782,217,22,zero-shot,1,17960,1,44.36
s_0783,176,8,zero-shot,1,16688,1,54.81
s_0784,965,81,zero-shot,1,7979,0,
s_0785,200,13,zero-shot,1,5395,1,74.58
s_0786,301,19,zero-shot,1,8850,0,
s_0787,1732,68,zero-shot,1,6130,1,43.99
s_0788,1656,41,zero-shot,1,29945,0,
s_0789,4169,154,zero-shot,1,5326,0,
s_0790,541,28,zero-shot,1,13048,1,60.15
s_0791,2176,112,zero-shot,1,20228,0,
s_0792,2726,149,zero-shot,1,6272,0,
s_0793,306,19,zero-shot,1,29107,1,54.54
s_0794,315,15,zero-shot,1,10491,0,
s_0795,390,36,zero-shot,1,3362,0,
s_0796,1220,81,zero-shot,1,3894,1,33.21
s_0797,4087,202,zero-shot,1,7487,0,
s_0798,805,48,zero-shot,1,13218,0,
s_0799,2121,87,zero-shot,1,13796,1,52.05
s_0800,257,12,zero-shot,1,7404,1,61.63
s_0801,949,34,zero-shot,1,8253,1,48.98
s_0802,537,37,zero-shot,1,8846,1,55.73
s_0803,1083,46,zero-shot,1,9460,0,
s_0804,1673,76,zero-shot,1,6593,1,61.27
s_0805,176,14,zero-shot,1,3483,1,66.37
s_0806,832,58,zero-shot,1,4560,0,
s_0807,741,55,zero-shot,1,4938,1,38.46
s_0808,548,28,zero-shot,1,8586,1,44.42
s_0809,214,15,zero-shot,1,5608,1,57.92
s_0810,1206,55,zero-shot,1,9587,0,
s_0811,730,41,zero-shot,1,8488,0,
s_0812,2408,164,zero-shot,1,18066,0,
s_0813,656,38,zero-shot,1,10334,1,33.78
s_0814,630,39,zero-shot,1,24258,1,53.79
s_0815,1265,79,zero-shot,1,15931,1,33.70
s_0816,356,24,zero-shot,1,8027,1,56.82
s_0817,2219,85,zero-shot,1,26970,0,
s_0818,186,15,zero-shot,1,6360,1,63.22
s_0819,924,75,zero-shot,1,11238,0,
s_0820,849,30,zero-shot,1,16153,0,
s_0821,524,34,zero-shot,1,18274,1,21.20
s_0822,493,24,zero-shot,1,24364,1,50.90
s_0823,319,13,zero-shot,1,9107,0,
s_0824,1798,94,zero-shot,1,13401,1,38.34
s_0825,2398,79,zero-shot,1,11973,0,
s_0826,255,23,zero-shot,1,4063,0,
s_0827,1353,45,zero-shot,1,14148,0,
s_0828,299,19,zero-shot,1,13181,1,56.47
s_0829,1418,82,zero-shot,1,18210,0,
s_0830,711,28,zero-shot,1,9180,1,61.93
s_0831,940,45,zero-shot,1,4528,1,58.11
s_0832,1331,80,zero-shot,1,13987,1,40.43
s_0833,340,15,zero-shot,1,20218,0,
s_0834,776,40,zero-shot,1,5716,1,64.64
s_0835,1074,54,zero-shot,1,6027,0,
s_0836,1409,135,zero-shot,1,5739,1,49.21
s_0837,426,30,zero-shot,1,31331,1,59.17
s_0838,2777,124,zero-shot,1,9271,0,
s_0839,1265,56,zero-shot,1,10952,0,
s_0840,2980,98,zero-shot,1,14010,0,
s_0841,460,30,zero-shot,1,6479,0,
s_0842,1354,52,zero-shot,1,7014,1,57.48
s_0843,1186,62,zero-shot,1,9693,1,29.25
s_0844,776,54,zero-shot,1,10075,0,
s_0845,1790,83,zero-shot,1,27452,0,
s_0846,1156,86,zero-shot,1,4503,0,
s_0847,754,26,zero-shot,1,3818,0,
s_0848,1461,105,zero-shot,1,8714,1,41.78
s_0849,1364,67,zero-shot,1,4553,0,
s_0850,580,53,zero-shot,1,26011,0,
s_0851,316,16,zero-shot,1,4689,1,64.42
s_0852,1208,102,zero-shot,1,4546,1,51.15
s_0853,1149,78,zero-shot,1,21870,0,
s_0854,634,17,zero-shot,1,6911,1,26.96
s_0855,6251,161,zero-shot,1,11685,1,31.31
s_0856,380,32,zero-shot,1,5353,1,54.99
s_0857,654,35,zero-shot,1,7998,1,44.66
s_0858,737,46,zero-shot,1,7265,0,
s_0859,798,37,zero-shot,1,5635,0,
s_0860,600,38,zero-shot,1,24544,1,41.26
s_0861,1215,41,zero-shot,1,9559,0,
s_0862,328,21,zero-shot,1,13697,1,41.40
s_0863,553,33,zero-shot,1,6197,1,41.41
s_0864,418,21,zero-shot,1,9876,1,42.20
s_0865,276,26,zero-shot,1,9150,1,71.65
s_0866,387,16,zero-shot,1,5909,0,
s_0867,927,54,zero-shot,1,6479,0,
s_0868,392,18,zero-shot,1,8292,0,
s_0869,1367,52,zero-shot,1,3838,1,31.98
s_0870,262,19,zero-shot,1,8144,0,
s_0871,743,28,zero-shot,1,2816,0,
s_0872,1142,49,zero-shot,1,4346,1,20.18
s_0873,1589,64,zero-shot,1,6930,0,
s_0874,1628,105,zero-shot,1,3099,1,42.98
s_0875,1350,59,zero-shot,1,4819,0,
s_0876,1150,79,zero-shot,1,13542,1,48.71
s_0877,219,13,zero-shot,1,5811,1,38.65
s_0878,304,16,zero-shot,1,43131,1,40.60
s_0879,239,15,zero-shot,1,8535,1,20.15
s_0880,737,36,zero-shot,1,34746,1,67.25
s_0881,3372,97,zero-shot,1,6427,0,
s_0882,1832,129,zero-shot,1,3563,0,
s_0883,1270,76,zero-shot,1,5459,0,
s_0884,3232,233,zero-shot,1,10771,0,
s_0885,415,27,zero-shot,1,7263,1,59.05
s_0886,2486,107,zero-shot,1,4546,0,
s_0887,1933,80,zero-shot,1,8480,0,
s_0888,765,56,zero-shot,1,4355,1,66.39
s_0889,601,24,zero-shot,1,16037,0,
s_0890,145,10,zero-shot,1,6786,1,71.28
s_0891,621,33,zero-shot,1,14103,1,31.40
s_0892,198,13,zero-shot,1,9524,1,39.77
s_0893,1011,26,zero-shot,1,5954,1,47.72
s_0894,991,45,zero-shot,1,4813,0,
s_0895,2576,223,zero-shot,1,12625,1,31.07
s_0896,211,16,zero-shot,1,8544,1,51.15
s_0897,1485,50,zero-shot,1,4460,1,59.39
s_0898,839,39,zero-shot,1,9228,0,
s_0899,731,36,zero-shot,1,20663,0,
s_0900,1200,57,zero-shot,1,10942,0,
s_0901,590,34,zero-shot,1,5280,0,
s_0902,557,23,zero-shot,1,4352,0,
s_0903,576,40,zero-shot,1,3827,0,
s_0904,733,57,zero-shot,1,12894,1,34.50
s_0905,1337,103,zero-shot,1,9145,0,
s_0906,251,10,zero-shot,1,12457,1,53.36
s_0907,1362,105,zero-shot,1,10627,0,
s_0908,256,11,zero-shot,1,3417,1,25.76
s_0909,4329,194,zero-shot,1,9172,0,
s_0910,1241,36,zero-shot,1,4018,0,
s_0911,173,11,zero-shot,1,14336,1,62.82
s_0912,455,34,zero-shot,1,36689,0,
s_0913,1403,49,zero-shot,1,13683,1,19.86
s_0914,107,5,zero-shot,1,3845,1,58.39
s_0915,1549,70,zero-shot,1,2373,0,
s_0916,801,16,zero-shot,1,8149,1,55.29
s_0917,1126,38,zero-shot,1,11195,1,48.79
s_0918,162,12,zero-shot,1,5541,1,41.69
s_0919,2509,264,zero-shot,1,10597,0,
s_0920,2052,72,zero-shot,1,21423,0,
s_0921,1551,56,zero-shot,1,6010,0,
s_0922,381,30,zero-shot,1,19196,1,56.83
s_0923,2061,123,zero-shot,1,4601,0,
s_0924,723,38,zero-shot,1,6994,1,40.57
s_0925,599,35,zero-shot,1,9754,0,
s_0926,2291,141,zero-shot,1,7469,0,
s_0927,333,16,zero-shot,1,12657,1,63.39
s_0928,1329,52,zero-shot,1,4707,0,
s_0929,319,23,zero-shot,1,8420,0,
s_0930,226,11,zero-shot,1,4815,1,64.21
s_0931,362,17,zero-shot,1,3802,1,44.14
s_0932,175,15,zero-shot,1,5944,1,58.24
s_0933,3827,191,zero-shot,1,5764,0,
s_0934,2386,68,zero-shot,1,18060,1,69.39
s_0935,413,24,zero-shot,1,3958,1,36.98
s_0936,1065,59,zero-shot,1,11686,0,
s_0937,448,18,zero-shot,1,15306,1,50.66
s_0938,316,33,zero-shot,1,4318,1,66.01
s_0939,1790,70,zero-shot,1,5282,0,
s_0940,430,32,zero-shot,1,13300,0,
s_0941,1032,49,zero-shot,1,8571,0,
s_0942,334,26,zero-shot,1,2928,1,59.85
s_0943,285,14,zero-shot,1,4392,1,37.59
s_0944,1052,72,zero-shot,1,5615,1,37.91
s_0945,726,31,zero-shot,1,7685,1,47.44
s_0946,2319,180,zero-shot,1,15909,1,34.30
s_0947,1472,77,zero-shot,1,8702,0,
s_0948,125,14,zero-shot,1,2916,1,42.10
s_0949,998,57,zero-shot,1,8279,1,51.79
s_0950,1386,76,zero-shot,1,3917,0,
s_0951,501,27,zero-shot,1,6918,1,70.49
s_0952,4130,190,zero-shot,1,2871,1,51.10
s_0953,2057,72,zero-shot,1,7915,0,
s_0954,128,6,zero-shot,1,8487,1,73.29
s_0955,435,16,zero-shot,1,7464,1,73.67
s_0956,6669,414,zero-shot,1,19219,0,
s_0957,340,18,zero-shot,1,6694,1,56.41
s_0958,1394,73,zero-shot,1,15123,0,
s_0959,1031,83,zero-shot,1,4202,0,
s_0960,2383,89,zero-shot,1,11614,0,
s_0961,3857,216,zero-shot,1,3489,0,
s_0962,533,21,zero-shot,1,26352,0,
s_0963,451,34,zero-shot,1,11977,1,47.83
s_0964,467,21,zero-shot,1,5465,1,38.65
s_0965,405,22,zero-shot,1,15333,1,57.02
s_0966,678,34,zero-shot,1,9724,1,52.51
s_0967,486,19,zero-shot,1,5862,1,35.02
s_0968,1378,86,zero-shot,1,3532,1,52.06
s_0969,726,55,zero-shot,1,3466,0,
s_0970,666,33,zero-shot,1,16425,1,44.68
s_0971,952,77,zero-shot,1,5570,0,
s_0972,4478,214,zero-shot,1,4794,0,
s_0973,467,21,zero-shot,1,6205,1,60.06
s_0974,670,18,zero-shot,1,7937,0,
s_0975,691,36,zero-shot,1,18897,1,60.09
s_0976,473,27,zero-shot,1,38932,1,45.40
s_0977,1077,65,zero-shot,1,7050,1,35.99
s_0978,5442,266,zero-shot,1,10126,0,
s_0979,718,40,zero-shot,1,5465,1,51.10
s_0980,553,24,zero-shot,1,4294,1,46.78
s_0981,1598,82,zero-shot,1,5697,0,
s_0982,351,19,zero-shot,1,13773,0,
s_0983,294,31,zero-shot,1,7515,1,47.86
s_0984,1397,61,zero-shot,1,28456,0,
s_0985,478,39,zero-shot,1,11154,0,
s_0986,1004,61,zero-shot,1,9017,0,
s_0987,1677,103,zero-shot,1,7900,0,
s_0988,1037,55,zero-shot,1,8884,1,39.21
s_0989,280,24,zero-shot,1,5398,1,56.84
s_0990,11209,428,zero-shot,1,5099,0,
s_0991,293,9,zero-shot,1,10147,0,
s_0992,375,24,zero-shot,1,29537,1,37.78
s_0993,117,9,zero-shot,1,25110,1,50.89
s_0994,627,27,zero-shot,1,5601,1,45.41
s_0995,1624,101,zero-shot,1,51084,0,
s_0996,626,30,zero-shot,1,7187,0,
s_0997,751,44,zero-shot,1,4370,1,36.89
s_0998,2153,60,zero-shot,1,22781,0,
s_0999,364,19,zero-shot,1,8296,1,57.04
s_1000,891,54,zero-shot,1,10966,1,53.81
s_1001,1773,58,zero-shot,1,11121,1,63.19
s_1002,1238,51,zero-shot,1,13856,1,45.48
s_1003,1107,73,zero-shot,1,10377,0,
s_1004,1174,39,zero-shot,1,4118,0,
s_1005,5354,223,zero-shot,1,8566,0,
s_1006,188,10,zero-shot,1,14437,1,46.66
s_1007,878,29,zero-shot,1,6838,0,
s_1008,500,21,zero-shot,1,12363,0,
s_1009,254,10,zero-shot,1,25297,0,
s_1010,1768,100,zero-shot,1,10041,0,
s_1011,2188,81,zero-shot,1,21837,0,
s_1012,1290,93,zero-shot,1,7463,0,
s_1013,469,18,zero-shot,1,3958,0,
s_1014,2738,63,zero-shot,1,8742,0,
s_1015,2601,90,zero-shot,1,12039,1,31.20
s_1016,868,46,zero-shot,1,24002,1,49.04
s_1017,178,19,zero-shot,1,7201,0,
s_1018,1453,139,zero-shot,1,5258,0,
s_1019,583,20,zero-shot,1,14833,1,56.82
s_1020,973,78,zero-shot,1,8962,1,47.70
s_1021,3414,106,zero-shot,1,6991,0,
s_1022,1846,89,zero-shot,1,5910,1,47.69
s_1023,501,32,zero-shot,1,11454,0,
s_1024,1378,79,zero-shot,1,7285,0,
s_1025,462,23,zero-shot,1,10637,1,47.50
s_1026,1710,78,zero-shot,1,9048,0,
s_1027,321,19,zero-shot,1,8688,0,
s_1028,592,40,zero-shot,1,7655,0,
s_1029,1309,67,zero-shot,1,5793,1,43.70
s_1030,154,12,zero-shot,1,7581,1,40.54
s_1031,2548,96,zero-shot,1,4872,1,49.30
s_1032,392,37,zero-shot,1,8916,1,47.22
s_1033,634,32,zero-shot,1,12208,1,40.11
s_1034,269,10,zero-shot,1,14745,1,52.57
s_1035,625,31,zero-shot,1,4162,0,
s_1036,739,55,zero-shot,1,4388,0,
s_1037,822,30,zero-shot,1,17527,1,49.26
s_1038,1116,59,zero-shot,1,21967,0,
s_1039,1682,100,zero-shot,1,8997,1,42.49
s_1040,366,14,zero-shot,1,13194,1,55.91
s_1041,676,37,zero-shot,1,5367,1,60.43
s_1042,855,30,zero-shot,1,14404,1,24.89
s_1043,1126,46,zero-shot,1,3667,0,
s_1044,829,37,zero-shot,1,12500,1,55.65
s_1045,583,19,zero-shot,1,5743,1,43.10
s_1046,999,71,zero-shot,1,8691,1,48.70
s_1047,959,70,zero-shot,1,4699,1,35.53
s_1048,2291,88,zero-shot,1,14120,0,
s_1049,1032,53,zero-shot,1,24127,1,33.47
s_1050,4199,140,zero-shot,1,11744,1,27.74
s_1051,5361,313,zero-shot,1,23040,0,
s_1052,867,53,zero-shot,1,60091,0,
s_1053,7258,238,zero-shot,1,3216,0,
s_1054,347,35,zero-shot,1,5533,1,38.38
s_1055,584,43,zero-shot,1,13437,1,60.40
s_1056,361,21,zero-shot,1,15054,1,39.69
s_1057,213,26,zero-shot,1,4136,1,51.66
s_1058,1684,123,zero-shot,1,6604,1,63.54
s_1059,463,21,zero-shot,1,7288,0,
s_1060,1518,42,zero-shot,1,9072,0,
s_1061,480,33,zero-shot,1,6065,1,32.70
s_1062,2710,67,zero-shot,1,7990,0,
s_1063,859,59,zero-shot,1,11628,1,71.60
s_1064,1353,75,zero-shot,1,25137,0,
s_1065,322,27,zero-shot,1,23773,1,60.66
s_1066,1394,54,zero-shot,1,6637,0,
s_1067,1697,104,zero-shot,1,7469,0,
s_1068,516,37,zero-shot,1,41714,0,
s_1069,1035,50,zero-shot,1,17547,0,
s_1070,3445,114,zero-shot,1,4958,1,46.70
s_1071,625,38,zero-shot,1,6445,1,45.94
s_1072,520,23,zero-shot,1,6099,0,
s_1073,633,53,zero-shot,1,12008,1,49.82
s_1074,1160,83,zero-shot,1,6553,1,71.43
s_1075,2843,92,zero-shot,1,31267,0,
s_1076,151,16,zero-shot,1,13954,1,36.44
s_1077,2453,91,zero-shot,1,5012,0,
s_1078,329,28,zero-shot,1,7296,1,65.75
s_1079,778,52,zero-shot,1,4842,1,56.12
s_1080,1091,56,zero-shot,1,8073,1,45.40
s_1081,1564,108,zero-shot,1,21530,0,
s_1082,488,29,zero-shot,1,10733,1,58.39
s_1083,4979,153,zero-shot,1,17648,0,
s_1084,4259,160,zero-shot,1,3228,1,40.18
s_1085,592,39,zero-shot,1,4361,1,37.57
s_1086,3803,175,zero-shot,1,6154,0,
s_1087,1093,45,zero-shot,1,17278,0,
s_1088,313,17,zero-shot,1,30345,0,
s_1089,122,13,zero-shot,1,10733,1,66.88
s_1090,644,26,zero-shot,1,4416,0,
s_1091,313,22,zero-shot,1,24150,1,57.99
s_1092,500,24,zero-shot,1,10744,1,38.73
s_1093,5210,226,zero-shot,1,9161,0,
s_1094,640,42,zero-shot,1,12328,1,72.06
s_1095,1159,51,zero-shot,1,7453,0,
s_1096,3248,118,zero-shot,1,6393,0,
s_1097,199,8,zero-shot,1,3892,1,57.29
s_1098,254,12,zero-shot,1,6605,1,52.29
s_1099,961,43,zero-shot,1,13032,1,43.28
s_1100,930,48,zero-shot,1,7004,0,
s_1101,70,6,zero-shot,1,15889,1,38.75
s_1102,1230,61,zero-shot,1,9663,0,
s_1103,615,28,zero-shot,1,9023,0,
s_1104,1315,44,zero-shot,1,44465,0,
s_1105,1061,50,zero-shot,1,4430,1,91.09
s_1106,765,46,zero-shot,1,6210,1,33.23
s_1107,1253,51,zero-shot,1,23524,1,43.85
s_1108,621,21,zero-shot,1,12467,0,
s_1109,481,23,zero-shot,1,6470,1,37.73
s_1110,677,39,zero-shot,1,13479,1,41.21
s_1111,1213,65,zero-shot,1,18938,0,
s_1112,563,21,zero-shot,1,8781,1,43.22
s_1113,230,18,zero-shot,1,6186,1,57.18
s_1114,939,40,zero-shot,1,14330,1,48.25
s_1115,415,12,zero-shot,1,7199,1,58.18
s_1116,301,16,zero-shot,1,14480,0,
s_1117,1517,85,zero-shot,1,5306,1,44.46
s_1118,1337,76,zero-shot,1,8001,1,35.73
s_1119,373,24,zero-shot,1,6248,1,36.24
s_1120,1389,31,zero-shot,1,4892,0,
s_1121,148,8,zero-shot,1,13239,1,50.98
s_1122,350,25,zero-shot,1,10222,1,72.91
s_1123,504,32,zero-shot,1,29822,0,
s_1124,2648,73,zero-shot,1,7332,0,
s_1125,498,18,zero-shot,1,5270,0,
s_1126,312,19,zero-shot,1,7667,1,56.79
s_1127,399,14,zero-shot,1,3873,1,38.07
s_1128,1343,76,zero-shot,1,5996,1,43.94
s_1129,296,17,zero-shot,1,3030,1,47.51
s_1130,4933,133,zero-shot,1,6815,0,
s_1131,782,50,zero-shot,1,8695,0,
s_1132,2254,87,zero-shot,1,15591,0,
s_1133,858,27,zero-shot,1,5157,0,
s_1134,453,38,zero-shot,1,5736,1,48.72
s_1135,975,47,zero-shot,1,5940,1,41.57
s_1136,1225,74,zero-shot,1,11779,0,
s_1137,1969,73,zero-shot,1,26109,1,47.06
s_1138,546,20,zero-shot,1,12003,0,
s_1139,811,65,zero-shot,1,18705,0,
s_1140,558,38,zero-shot,1,5156,0,
s_1141,786,43,zero-shot,1,7997,1,33.37
s_1142,846,38,zero-shot,1,7104,1,41.43
s_1143,1056,41,zero-shot,1,12737,0,
s_1144,893,32,zero-shot,1,6405,1,33.84
s_1145,238,35,zero-shot,1,7427,1,22.25
s_1146,1451,53,zero-shot,1,9604,0,
s_1147,2446,132,zero-shot,1,14787,0,
s_1148,1309,86,zero-shot,1,6270,0,
s_1149,1151,121,zero-shot,1,9154,0,
s_1150,467,40,zero-shot,1,5879,0,
s_1151,1141,58,zero-shot,1,68616,0,
s_1152,945,71,zero-shot,1,21730,1,44.14
s_1153,257,14,zero-shot,1,22758,1,47.76
s_1154,1746,121,zero-shot,1,11326,1,46.52
s_1155,215,10,zero-shot,1,5118,1,54.78
s_1156,55,5,zero-shot,1,16530,1,66.35
s_1157,1643,77,zero-shot,1,20939,0,
s_1158,798,39,zero-shot,1,15462,0,
s_1159,425,49,zero-shot,1,12398,1,64.59
s_1160,1913,102,zero-shot,1,10580,0,
s_1161,1036,62,zero-shot,1,9868,1,28.74
s_1162,576,29,zero-shot,1,5242,1,41.20
s_1163,1972,63,zero-shot,1,4061,0,
s_1164,571,45,zero-shot,1,6180,1,37.78
s_1165,295,17,zero-shot,1,8844,1,66.97
s_1166,496,35,zero-shot,1,8256,1,67.82
s_1167,2096,101,zero-shot,1,6268,0,
s_1168,85,5,zero-shot,1,6435,1,61.05
s_1169,572,38,zero-shot,1,5153,1,52.44
s_1170,487,28,zero-shot,1,19663,0,
s_1171,325,21,zero-shot,1,14884,1,60.66
s_1172,2115,83,zero-shot,1,9345,0,
s_1173,301,17,zero-shot,1,9409,0,
s_1174,3645,130,zero-shot,1,9536,0,
s_1175,2066,82,zero-shot,1,11810,1,27.57
s_1176,3914,205,zero-shot,1,18890,1,67.00
s_1177,2020,72,zero-shot,1,10399,1,31.61
s_1178,537,24,zero-shot,1,4428,0,
s_1179,698,28,zero-shot,1,7762,0,
s_1180,944,26,zero-shot,1,3128,1,42.33
s_1181,190,20,zero-shot,1,15585,0,
s_1182,980,32,zero-shot,1,10582,0,
s_1183,425,24,zero-shot,1,9942,1,38.31
s_1184,2139,131,zero-shot,1,6331,0,
s_1185,520,38,zero-shot,1,6291,1,60.41
s_1186,221,14,zero-shot,1,3644,1,73.70
s_1187,1320,58,zero-shot,1,9923,0,
s_1188,1220,58,zero-shot,1,15884,1,68.37
s_1189,651,30,zero-shot,1,14572,0,
s_1190,419,27,zero-shot,1,3341,1,45.79
s_1191,1817,105,zero-shot,1,9462,1,47.74
s_1192,786,35,zero-shot,1,22358,1,58.25
s_1193,416,24,zero-shot,1,17737,1,33.48
s_1194,252,15,zero-shot,1,7050,1,51.26
s_1195,316,18,zero-shot,1,5803,1,49.34
s_1196,386,14,zero-shot,1,10630,0,
s_1197,840,37,zero-shot,1,6882,1,56.89
s_1198,335,20,zero-shot,1,7777,1,56.70
s_1199,551,20,zero-shot,1,5132,1,71.18
s_1200,911,43,zero-shot,1,5912,0,
s_1201,481,49,zero-shot,1,9002,1,41.87
s_1202,669,31,zero-shot,1,23465,0,
s_1203,3033,87,zero-shot,1,10562,1,59.84
s_1204,527,25,zero-shot,1,8016,0,
s_1205,281,16,zero-shot,1,6956,1,41.91
s_1206,121,6,zero-shot,1,11187,1,59.68
s_1207,231,12,zero-shot,1,17325,1,52.26
s_1208,1612,97,zero-shot,1,5221,0,
s_1209,1526,65,zero-shot,1,11838,1,72.21
s_1210,340,29,zero-shot,1,24949,0,
s_1211,97,6,zero-shot,1,11366,1,42.84
s_1212,906,35,zero-shot,1,4730,1,50.82
s_1213,862,74,zero-shot,1,13477,0,
s_1214,390,23,zero-shot,1,6533,0,
s_1215,283,18,zero-shot,1,5654,1,44.65
s_1216,2959,150,zero-shot,1,7626,0,
s_1217,247,17,zero-shot,1,5090,0,
s_1218,180,14,zero-shot,1,13647,1,35.95
s_1219,835,45,zero-shot,1,19474,1,37.46
s_1220,1104,62,zero-shot,1,7349,1,31.93
s_1221,1770,77,zero-shot,1,13520,0,
s_1222,563,24,zero-shot,1,12016,1,48.17
s_1223,499,18,zero-shot,1,13185,1,60.45
s_1224,1816,112,zero-shot,1,10474,0,
s_1225,1776,84,zero-shot,1,4112,1,56.05
s_1226,1591,77,zero-shot,1,5920,1,42.50
s_1227,493,24,zero-shot,1,25690,1,62.81
s_1228,738,30,zero-shot,1,11903,1,55.90
s_1229,981,43,zero-shot,1,5600,0,
s_1230,575,25,zero-shot,1,8915,1,50.79
s_1231,1358,88,zero-shot,1,19074,0,
s_1232,575,24,zero-shot,1,5201,1,45.57
s_1233,1617,72,zero-shot,1,6442,0,
s_1234,226,15,zero-shot,1,13521,0,
s_1235,470,34,zero-shot,1,6460,1,66.12
s_1236,1245,47,zero-shot,1,18653,0,
s_1237,255,33,zero-shot,1,26908,1,70.51
s_1238,511,24,zero-shot,1,21960,0,
s_1239,1969,118,zero-shot,1,4947,0,
s_1240,1491,56,zero-shot,1,4902,0,
s_1241,505,37,zero-shot,1,4758,0,
s_1242,362,25,zero-shot,1,10976,1,48.21
s_1243,1514,60,zero-shot,1,9098,0,
s_1244,465,20,zero-shot,1,10026,1,53.05
s_1245,749,55,zero-shot,1,6860,1,40.16
s_1246,670,38,zero-shot,1,12520,1,64.78
s_1247,171,12,zero-shot,1,26177,1,39.28
s_1248,585,41,zero-shot,1,11842,1,69.53
s_1249,803,30,zero-shot,1,6225,0,
s_1250,664,39,zero-shot,1,23042,1,49.02
s_1251,652,27,zero-shot,1,3404,1,54.61
s_1252,541,50,zero-shot,1,4138,1,38.07
s_1253,5499,217,zero-shot,1,3852,0,
s_1254,2775,141,zero-shot,1,6471,0,
s_1255,1074,80,zero-shot,1,8215,0,
s_1256,442,38,zero-shot,1,5170,1,53.53
s_1257,272,17,zero-shot,1,16924,1,35.69
s_1258,2470,90,zero-shot,1,14589,0,
s_1259,797,42,zero-shot,1,3590,1,64.13
s_1260,491,29,zero-shot,1,17163,0,
s_1261,298,22,zero-shot,1,5920,0,
s_1262,313,12,zero-shot,1,8644,1,50.11
s_1263,1025,52,zero-shot,1,2970,1,45.75
s_1264,42,4,zero-shot,1,11610,1,57.87
s_1265,354,29,zero-shot,1,8341,0,
s_1266,648,39,zero-shot,1,3999,0,
s_1267,972,51,zero-shot,1,4612,1,30.93
s_1268,1440,59,zero-shot,1,27717,0,
s_1269,1005,73,zero-shot,1,9724,0,
s_1270,392,23,zero-shot,1,5217,1,57.63
s_1271,617,48,zero-shot,1,6636,0,
s_1272,577,28,zero-shot,1,9527,0,
s_1273,324,38,zero-shot,1,5617,0,
s_1274,672,69,zero-shot,1,6026,1,48.42
s_1275,4408,128,zero-shot,1,7902,1,34.56
s_1276,622,46,zero-shot,1,9920,0,
s_1277,1430,54,zero-shot,1,4105,0,
s_1278,2033,101,zero-shot,1,12230,0,
s_1279,302,21,zero-shot,1,21277,0,
s_1280,947,27,zero-shot,1,14029,1,45.03
s_1281,4335,202,zero-shot,1,8119,0,
s_1282,678,48,zero-shot,1,19249,0,
s_1283,549,23,zero-shot,1,8882,0,
s_1284,634,27,zero-shot,1,3761,0,
s_1285,947,65,zero-shot,1,21724,0,
s_1286,415,26,zero-shot,1,6995,0,
s_1287,127,7,zero-shot,1,4204,1,47.44
s_1288,264,15,zero-shot,1,24256,1,47.91
s_1289,761,35,zero-shot,1,8591,1,48.20
s_1290,1038,52,zero-shot,1,13605,1,57.00
s_1291,961,40,zero-shot,1,6317,1,55.15
s_1292,66,5,zero-shot,1,7018,1,29.17
s_1293,809,44,zero-shot,1,13256,1,46.25
s_1294,948,49,zero-shot,1,12286,1,66.59
s_1295,2911,115,zero-shot,1,25371,0,
s_1296,428,22,zero-shot,1,4944,1,43.75
s_1297,381,24,zero-shot,1,4669,0,
s_1298,2705,65,zero-shot,1,20123,0,
s_1299,886,74,zero-shot,1,9672,0,
s_1300,1191,77,zero-shot,1,23559,0,
s_1301,463,23,zero-shot,1,9857,1,32.27
s_1302,987,47,zero-shot,1,21337,0,
s_1303,1152,55,zero-shot,1,15009,0,
s_1304,237,17,zero-shot,1,10875,1,59.42
s_1305,249,13,zero-shot,1,4664,1,48.01
s_1306,1099,74,zero-shot,1,8813,0,
s_1307,2037,69,zero-shot,1,18588,0,
s_1308,491,43,zero-shot,1,6336,0,
s_1309,1945,173,zero-shot,1,6018,1,50.56
s_1310,1600,49,zero-shot,1,16040,0,
s_1311,1408,56,zero-shot,1,5920,1,51.96
s_1312,489,26,zero-shot,1,6825,0,
s_1313,262,20,zero-shot,1,12004,1,38.16
s_1314,232,14,zero-shot,1,18273,0,
s_1315,203,15,zero-shot,1,3183,1,46.24
s_1316,1170,50,zero-shot,1,6597,0,
s_1317,1244,56,zero-shot,1,4472,0,
s_1318,243,25,zero-shot,1,6958,1,32.73
s_1319,1459,107,zero-shot,1,7665,0,
s_1320,1197,58,zero-shot,1,11127,0,
s_1321,578,19,zero-shot,1,3317,1,40.62
s_1322,410,23,zero-shot,1,6137,0,
s_1323,1330,45,zero-shot,1,17770,1,48.39
s_1324,872,45,zero-shot,1,22479,1,37.81
s_1325,784,63,zero-shot,1,4020,1,56.96
s_1326,1251,42,zero-shot,1,4442,0,
s_1327,87,3,zero-shot,1,10930,1,43.25
s_1328,219,8,zero-shot,1,4743,0,
s_1329,304,15,zero-shot,1,6917,1,51.83
s_1330,1174,46,zero-shot,1,6330,1,50.87
s_1331,947,52,zero-shot,1,3696,0,
s_1332,1030,28,zero-shot,1,9693,0,
s_1333,107,4,zero-shot,1,43167,1,61.17
s_1334,156,7,zero-shot,1,25124,1,37.96
s_1335,85,4,zero-shot,1,11584,1,73.48
s_1336,2409,91,zero-shot,1,4041,1,38.67
s_1337,1154,103,zero-shot,1,11266,1,37.65
s_1338,115,13,zero-shot,1,11690,1,67.91
s_1339,127,12,zero-shot,1,6166,1,47.44
s_1340,148,25,zero-shot,1,11296,1,41.65
s_1341,304,11,zero-shot,1,9650,1,44.13
s_1342,886,39,zero-shot,1,4628,0,
s_1343,364,32,zero-shot,1,4598,1,42.15
s_1344,1807,102,zero-shot,1,5639,0,
s_1345,416,21,zero-shot,1,15503,1,33.44
s_1346,1332,67,zero-shot,1,3626,0,
s_1347,332,30,zero-shot,1,7035,1,52.10
s_1348,171,17,zero-shot,1,9856,0,
s_1349,579,21,zero-shot,1,30657,1,40.70
s_1350,367,14,zero-shot,1,18599,0,
s_1351,2275,68,zero-shot,1,8938,1,34.48
s_1352,1246,52,zero-shot,1,12441,0,
s_1353,1015,51,zero-shot,1,36276,1,31.78
s_1354,252,10,zero-shot,1,24311,1,23.94
s_1355,655,30,zero-shot,1,6644,1,43.29
s_1356,250,23,zero-shot,1,8930,1,61.06
s_1357,780,61,zero-shot,1,21150,0,
s_1358,674,30,zero-shot,1,7802,1,51.96
s_1359,763,35,zero-shot,1,3662,1,48.62
s_1360,642,27,zero-shot,1,12601,0,
s_1361,254,23,zero-shot,1,6318,1,35.91
s_1362,628,28,zero-shot,1,22456,1,48.91
s_1363,1121,63,zero-shot,1,8291,0,
s_1364,2737,117,zero-shot,1,8298,1,54.43
s_1365,1207,44,zero-shot,1,7910,1,35.70
s_1366,1617,64,zero-shot,1,3475,0,
s_1367,616,24,zero-shot,1,24263,0,
s_1368,506,22,zero-shot,1,3837,1,40.35
s_1369,955,71,zero-shot,1,9310,1,37.68
s_1370,865,40,zero-shot,1,22359,1,40.25
s_1371,4652,229,zero-shot,1,15194,0,
s_1372,698,66,zero-shot,1,24650,1,58.12
s_1373,650,33,zero-shot,1,19462,1,60.62
s_1374,2230,121,zero-shot,1,5187,0,
s_1375,1318,70,zero-shot,1,2706,0,
s_1376,464,27,zero-shot,1,9055,1,60.44
s_1377,808,45,zero-shot,1,7305,0,
s_1378,551,16,zero-shot,1,6742,1,56.43
s_1379,864,33,zero-shot,1,8917,0,
s_1380,583,16,zero-shot,1,11071,0,
s_1381,1133,31,zero-shot,1,5001,1,69.15
s_1382,1307,85,zero-shot,1,12622,0,
s_1383,1151,48,zero-shot,1,41838,0,
s_1384,884,29,zero-shot,1,18591,1,36.60
s_1385,1385,49,zero-shot,1,7097,0,
s_1386,5662,404,zero-shot,1,14302,0,
s_1387,369,24,zero-shot,1,7120,1,52.21
s_1388,1289,60,zero-shot,1,6060,1,37.07
s_1389,1340,70,zero-shot,1,5048,0,
s_1390,593,50,zero-shot,1,6019,1,25.14
s_1391,405,22,zero-shot,1,6129,1,42.52
s_1392,498,40,zero-shot,1,8180,1,54.61
s_1393,950,30,zero-shot,1,3558,0,
s_1394,388,11,zero-shot,1,24330,1,32.08
s_1395,1144,45,zero-shot,1,14531,1,52.40
s_1396,857,53,zero-shot,1,50637,0,
s_1397,1898,122,zero-shot,1,5617,0,
s_1398,466,37,zero-shot,1,8232,0,
s_1399,226,19,zero-shot,1,4081,1,27.48
s_1400,2306,118,zero-shot,1,10308,1,52.98
s_1401,427,22,zero-shot,1,4076,0,
s_1402,403,22,zero-shot,1,7773,1,65.74
s_1403,701,53,zero-shot,1,3182,1,37.74
s_1404,1056,39,zero-shot,1,7194,0,
s_1405,325,23,zero-shot,1,11736,0,
s_1406,936,60,zero-shot,1,32259,0,
s_1407,1333,42,zero-shot,1,37386,1,45.53
s_1408,2100,38,zero-shot,1,8615,0,
s_1409,797,49,zero-shot,1,4311,0,
s_1410,938,38,zero-shot,1,20503,0,
s_1411,464,27,zero-shot,1,31769,1,35.96
s_1412,188,9,zero-shot,1,9535,1,65.47
s_1413,1766,70,zero-shot,1,6217,1,48.10
s_1414,502,38,zero-shot,1,7114,0,
s_1415,1192,42,zero-shot,1,6754,0,
s_1416,1213,39,zero-shot,1,4533,1,27.87
s_1417,680,37,zero-shot,1,25879,0,
s_1418,564,29,zero-shot,1,6423,1,65.43
s_1419,1364,78,zero-shot,1,8440,0,
s_1420,738,58,zero-shot,1,8920,0,
s_1421,1963,126,zero-shot,1,7888,0,
s_1422,1317,85,zero-shot,1,13792,0,
s_1423,672,32,zero-shot,1,4516,1,52.47
s_1424,394,29,zero-shot,1,35885,1,38.88
s_1425,167,10,zero-shot,1,7221,1,67.04
s_1426,1124,43,zero-shot,1,6667,1,50.94
s_1427,1170,39,zero-shot,1,10220,1,37.56
s_1428,388,17,zero-shot,1,5911,1,68.21
s_1429,231,19,zero-shot,1,5330,1,42.85
s_1430,3395,146,zero-shot,1,10331,0,
s_1431,926,49,zero-shot,1,6597,1,53.50
s_1432,1279,53,zero-shot,1,7381,1,48.74
s_1433,423,41,zero-shot,1,15299,1,56.73
s_1434,482,38,zero-shot,1,8489,1,32.49
s_1435,1028,78,zero-shot,1,5061,0,
s_1436,3201,151,zero-shot,1,13085,1,70.38
s_1437,295,20,zero-shot,1,5294,1,49.60
s_1438,912,44,zero-shot,1,3058,0,
s_1439,146,16,zero-shot,1,3802,1,59.17
s_1440,687,38,zero-shot,1,26331,0,
s_1441,396,26,zero-shot,1,6992,1,38.37
s_1442,847,39,zero-shot,1,12861,0,
s_1443,371,14,zero-shot,1,3908,1,69.89
s_1444,411,26,zero-shot,1,4123,1,51.74
s_1445,1015,57,zero-shot,1,10447,1,43.42
s_1446,175,11,zero-shot,1,4097,1,73.68
s_1447,597,42,zero-shot,1,22701,1,39.09
s_1448,377,31,zero-shot,1,2483,1,56.99
s_1449,2663,83,zero-shot,1,5506,0,
s_1450,3852,200,zero-shot,1,6777,0,
s_1451,1139,54,zero-shot,1,4599,0,
s_1452,899,56,zero-shot,1,18486,1,39.59
s_1453,754,43,zero-shot,1,1918,0,
s_1454,1944,91,zero-shot,1,4419,0,
s_1455,573,24,zero-shot,1,15241,1,57.90
s_1456,2556,79,zero-shot,1,17164,0,
s_1457,360,18,zero-shot,1,4760,0,
s_1458,166,11,zero-shot,1,8141,1,71.34
s_1459,420,21,zero-shot,1,9319,1,40.73
s_1460,151,8,zero-shot,1,9122,1,52.07
s_1461,545,22,zero-shot,1,2295,1,36.58
s_1462,131,8,zero-shot,1,4167,1,70.93
s_1463,874,43,zero-shot,1,9967,0,
s_1464,1111,42,zero-shot,1,6268,0,
s_1465,691,57,zero-shot,1,13047,1,68.50
s_1466,657,26,zero-shot,1,21196,0,
s_1467,905,59,zero-shot,1,11864,0,
s_1468,1932,83,zero-shot,1,7069,1,53.49
s_1469,525,27,zero-shot,1,5974,0,
s_1470,339,19,zero-shot,1,16177,0,
s_1471,1255,65,zero-shot,1,19684,1,23.27
s_1472,3111,107,zero-shot,1,7923,1,66.89
s_1473,1183,76,zero-shot,1,10659,1,70.21
s_1474,717,28,zero-shot,1,6177,0,
s_1475,4506,118,zero-shot,1,6454,0,
s_1476,613,37,zero-shot,1,5629,0,
s_1477,433,20,zero-shot,1,12231,0,
s_1478,2843,148,zero-shot,1,5447,0,
s_1479,1208,63,zero-shot,1,4532,0,
s_1480,318,13,zero-shot,1,9629,1,49.02
s_1481,80,10,zero-shot,1,5556,1,40.82
s_1482,1887,111,zero-shot,1,7491,0,
s_1483,967,66,zero-shot,1,9158,1,43.46
s_1484,337,22,zero-shot,1,8641,1,54.52
s_1485,2375,108,zero-shot,1,6064,1,27.68
s_1486,964,69,zero-shot,1,3691,0,
s_1487,904,36,zero-shot,1,6012,0,
s_1488,955,44,zero-shot,1,27265,1,41.80
s_1489,275,18,zero-shot,1,3238,0,
s_1490,257,13,zero-shot,1,10908,1,45.42
s_1491,248,15,zero-shot,1,5579,0,
s_1492,2758,153,zero-shot,1,5825,1,47.21
s_1493,552,20,zero-shot,1,12338,0,
s_1494,2271,84,zero-shot,1,73333,0,
s_1495,1595,30,zero-shot,1,5439,1,44.01
s_1496,590,59,zero-shot,1,7845,1,45.83
s_1497,1289,49,zero-shot,1,13907,0,
s_1498,504,23,zero-shot,1,5486,0,
s_1499,650,18,zero-shot,1,9876,0,
s_1500,1488,101,zero-shot,1,3232,0,
s_1501,788,25,zero-shot,1,7159,0,
s_1502,487,42,zero-shot,1,16327,1,34.16
s_1503,2131,140,zero-shot,1,4580,0,
s_1504,531,16,zero-shot,1,10671,0,
s_1505,629,31,zero-shot,1,5815,1,65.72
s_1506,860,36,zero-shot,1,14156,1,38.93
s_1507,472,28,zero-shot,1,7343,1,36.10
s_1508,733,50,zero-shot,1,6576,1,56.84
s_1509,282,8,zero-shot,1,12291,1,23.05
s_1510,287,11,zero-shot,1,3840,1,50.68
s_1511,2487,77,zero-shot,1,9029,1,49.50
s_1512,1020,40,zero-shot,1,11074,1,56.13
s_1513,809,41,zero-shot,1,6574,1,44.19
s_1514,257,18,zero-shot,1,28443,1,54.45
s_1515,577,33,zero-shot,1,5306,1,57.74
s_1516,759,61,zero-shot,1,6124,1,63.08
s_1517,803,35,zero-shot,1,14814,0,
s_1518,554,31,zero-shot,1,6755,1,29.16
s_1519,1704,111,zero-shot,1,5257,1,49.78
s_1520,151,13,zero-shot,1,8352,0,
s_1521,1357,91,zero-shot,1,5636,1,59.29
s_1522,148,11,zero-shot,1,5453,1,45.63
s_1523,552,27,zero-shot,1,27522,1,75.21
s_1524,825,38,zero-shot,1,9538,1,45.83
s_1525,1525,53,zero-shot,1,6938,1,59.62
s_1526,790,54,zero-shot,1,4202,1,55.84
s_1527,709,38,zero-shot,1,11331,1,60.78
s_1528,544,38,zero-shot,1,5150,1,73.34
s_1529,367,25,zero-shot,1,13890,1,47.03
s_1530,614,27,zero-shot,1,3544,1,36.99
s_1531,2583,204,zero-shot,1,8357,0,
s_1532,464,20,zero-shot,1,9191,1,41.89
s_1533,300,21,zero-shot,1,10465,1,54.17
s_1534,5635,321,zero-shot,1,10033,0,
s_1535,952,35,zero-shot,1,6374,0,
s_1536,481,27,zero-shot,1,9189,1,50.78
s_1537,205,17,zero-shot,1,9386,1,55.02
s_1538,1823,94,zero-shot,1,7137,0,
s_1539,641,32,zero-shot,1,4707,0,
s_1540,993,58,zero-shot,1,18404,1,42.03
s_1541,2260,114,zero-shot,1,11343,1,66.12
s_1542,271,15,zero-shot,1,8721,1,41.00
s_1543,1936,94,zero-shot,1,3442,1,24.82
s_1544,506,26,zero-shot,1,11070,1,64.18
s_1545,1203,47,zero-shot,1,13005,0,
s_1546,749,25,zero-shot,1,7489,0,
s_1547,935,50,zero-shot,1,5060,0,
s_1548,821,36,zero-shot,1,9664,1,51.95
s_1549,455,18,zero-shot,1,3899,1,60.98
s_1550,2397,58,zero-shot,1,10004,1,30.54
s_1551,138,7,zero-shot,1,9099,1,51.25
s_1552,93,7,zero-shot,1,3883,1,58.31
s_1553,1004,73,zero-shot,1,5790,0,
s_1554,2798,108,zero-shot,1,3623,1,46.33
s_1555,861,29,zero-shot,1,6749,0,
s_1556,1007,59,zero-shot,1,8932,1,39.67
s_1557,846,48,zero-shot,1,27063,0,
s_1558,732,46,zero-shot,1,11879,1,40.93
s_1559,1189,49,zero-shot,1,9690,0,
s_1560,555,38,zero-shot,1,7801,1,49.52
s_1561,1650,75,zero-shot,1,26434,1,64.81
s_1562,574,21,zero-shot,1,13408,1,40.43
s_1563,865,26,zero-shot,1,13173,1,41.58
s_1564,695,39,zero-shot,1,5285,1,52.62
s_1565,1358,50,zero-shot,1,11698,0,
s_1566,1890,73,zero-shot,1,7711,1,56.19
s_1567,346,18,zero-shot,1,18051,0,
s_1568,190,15,zero-shot,1,5896,1,53.56
s_1569,606,29,zero-shot,1,5217,0,
s_1570,658,31,zero-shot,1,5435,0,
s_1571,97,9,zero-shot,1,11600,1,53.90
s_1572,552,45,zero-shot,1,9436,0,
s_1573,202,21,zero-shot,1,13879,1,25.27
s_1574,852,32,zero-shot,1,10959,1,60.46
s_1575,858,56,zero-shot,1,10571,1,42.34
s_1576,591,36,zero-shot,1,3860,0,
s_1577,692,32,zero-shot,1,9654,1,31.71
s_1578,840,44,zero-shot,1,25807,1,40.89
s_1579,974,57,zero-shot,1,4411,1,57.75
s_1580,1385,84,zero-shot,1,7580,0,
s_1581,1253,73,zero-shot,1,18833,0,
s_1582,722,44,zero-shot,1,9022,0,
s_1583,1759,131,zero-shot,1,3413,0,
s_1584,586,49,zero-shot,1,14333,1,54.32
s_1585,228,17,zero-shot,1,6494,0,
s_1586,1032,40,zero-shot,1,23929,0,
s_1587,486,19,zero-shot,1,10480,1,30.04
s_1588,303,17,zero-shot,1,9054,1,53.04
s_1589,1933,50,zero-shot,1,15852,0,
s_1590,164,12,zero-shot,1,11745,0,
s_1591,57,7,zero-shot,1,10034,1,61.23
s_1592,4287,253,zero-shot,1,9631,0,
s_1593,877,56,zero-shot,1,8678,0,
s_1594,478,49,zero-shot,1,7740,1,46.28
s_1595,1002,44,zero-shot,1,32279,1,43.22
s_1596,666,36,zero-shot,1,9127,1,50.71
s_1597,2256,141,zero-shot,1,5769,0,
s_1598,569,50,zero-shot,1,10149,0,
s_1599,488,25,zero-shot,1,4963,1,32.50
s_1600,1057,56,zero-shot,1,7376,1,47.36
s_1601,1337,62,zero-shot,1,16502,1,42.04
s_1602,748,28,zero-shot,1,13793,0,
s_1603,316,14,zero-shot,1,6949,1,48.60
s_1604,184,26,zero-shot,1,5545,1,50.92
s_1605,808,42,zero-shot,1,2806,1,43.98
s_1606,521,59,zero-shot,1,16926,0,
s_1607,327,25,zero-shot,1,11442,1,73.35
s_1608,408,20,zero-shot,1,4173,1,34.83
s_1609,805,37,zero-shot,1,11769,0,
s_1610,789,50,zero-shot,1,21910,1,57.89
s_1611,1212,52,zero-shot,1,9104,0,
s_1612,276,10,zero-shot,1,9067,1,43.21
s_1613,3385,86,zero-shot,1,6879,1,38.53
s_1614,1237,56,zero-shot,1,15603,1,40.95
s_1615,1313,132,zero-shot,1,6502,0,
s_1616,489,29,zero-shot,1,10501,0,
s_1617,828,62,zero-shot,1,22296,0,
s_1618,108,7,zero-shot,1,5481,1,75.21
s_1619,1322,62,zero-shot,1,22388,0,
s_1620,976,61,zero-shot,1,3180,0,
s_1621,1371,72,zero-shot,1,9805,0,
s_1622,9918,362,zero-shot,1,6863,0,
s_1623,1159,99,zero-shot,1,8289,1,34.84
s_1624,3231,219,zero-shot,1,4090,0,
s_1625,862,41,zero-shot,1,17214,1,47.74
s_1626,189,15,zero-shot,1,2776,1,41.06
s_1627,414,13,zero-shot,1,4259,1,52.42
s_1628,1196,103,zero-shot,1,21871,1,40.25
s_1629,672,42,zero-shot,1,8107,1,41.04
s_1630,392,24,zero-shot,1,7013,0,
s_1631,223,17,zero-shot,1,11952,1,31.79
s_1632,325,15,zero-shot,1,11366,1,36.55
s_1633,608,30,zero-shot,1,11015,1,44.94
s_1634,689,53,zero-shot,1,7256,0,
s_1635,3504,163,zero-shot,1,9146,0,
s_1636,104,8,zero-shot,1,4983,0,
s_1637,389,13,zero-shot,1,8910,0,
s_1638,690,25,zero-shot,1,13869,1,60.75
s_1639,1379,71,zero-shot,1,8711,0,
s_1640,713,31,zero-shot,1,6387,1,37.31
s_1641,554,18,zero-shot,1,8922,1,51.56
s_1642,1048,61,zero-shot,1,7440,1,49.06
s_1643,727,35,zero-shot,1,7837,1,51.66
s_1644,1763,104,zero-shot,1,22063,0,
s_1645,2937,123,zero-shot,1,24853,0,
s_1646,2838,155,zero-shot,1,28494,0,
s_1647,1844,116,zero-shot,1,4437,0,
s_1648,215,8,zero-shot,1,9328,1,43.89
s_1649,1029,50,zero-shot,1,8855,0,
s_1650,789,32,zero-shot,1,5624,1,46.86
s_1651,3991,181,zero-shot,1,9398,0,
s_1652,1105,44,zero-shot,1,10069,1,52.29
s_1653,330,29,zero-shot,1,9046,1,53.50
s_1654,1689,88,zero-shot,1,14892,0,
s_1655,454,20,zero-shot,1,4787,1,33.37
s_1656,242,25,zero-shot,1,16423,1,31.99
s_1657,289,22,zero-shot,1,5324,0,
s_1658,1589,129,zero-shot,1,11062,0,
s_1659,320,11,zero-shot,1,6725,1,47.15
s_1660,817,30,zero-shot,1,55037,1,49.32
s_1661,1664,42,zero-shot,1,17402,0,
s_1662,243,12,zero-shot,1,11846,0,
s_1663,497,27,zero-shot,1,4551,1,19.39
s_1664,1623,75,zero-shot,1,5859,1,54.19
s_1665,296,18,zero-shot,1,7002,0,
s_1666,447,27,zero-shot,1,21342,1,42.43
s_1667,77,4,zero-shot,1,11542,1,76.59
s_1668,406,13,zero-shot,1,5520,1,42.55
s_1669,659,49,zero-shot,1,14406,0,
s_1670,461,16,zero-shot,1,10102,0,
s_1671,678,36,zero-shot,1,8323,0,
s_1672,1467,47,zero-shot,1,9099,1,57.79
s_1673,113,8,zero-shot,1,6572,1,50.90
s_1674,541,49,zero-shot,1,7891,1,51.72
s_1675,706,41,zero-shot,1,8186,1,44.79
s_1676,2132,99,zero-shot,1,5581,0,
s_1677,461,35,zero-shot,1,35344,0,
s_1678,1097,47,zero-shot,1,22591,1,65.54
s_1679,501,35,zero-shot,1,24812,1,57.79
s_1680,238,9,zero-shot,1,8127,1,44.07
s_1681,1775,85,zero-shot,1,4113,0,
s_1682,503,24,zero-shot,1,47194,1,38.20
s_1683,199,20,zero-shot,1,8708,1,40.75
s_1684,84,6,zero-shot,1,8369,1,61.51
s_1685,5446,175,zero-shot,1,5284,0,
s_1686,847,49,zero-shot,1,10726,1,45.75
s_1687,293,14,zero-shot,1,18460,1,61.85
s_1688,1119,57,zero-shot,1,6984,1,50.55
s_1689,1243,73,zero-shot,1,25637,1,27.39
s_1690,11670,389,zero-shot,1,3696,0,
s_1691,350,20,zero-shot,1,24701,0,
s_1692,187,16,zero-shot,1,9990,1,61.08
s_1693,553,48,zero-shot,1,8165,1,42.30
s_1694,1665,65,zero-shot,1,6520,1,37.34
s_1695,1268,77,zero-shot,1,12896,1,49.03
s_1696,917,44,zero-shot,1,4075,1,52.31
s_1697,1710,73,zero-shot,1,5776,1,43.05
s_1698,390,24,zero-shot,1,6178,1,46.01
s_1699,267,19,zero-shot,1,8161,1,42.48
s_1700,597,24,zero-shot,1,9969,1,46.72
s_1701,463,30,zero-shot,1,30666,0,
s_1702,795,46,zero-shot,1,7027,1,49.29
s_1703,789,49,zero-shot,1,4528,0,
s_1704,429,18,zero-shot,1,9158,1,88.44
s_1705,941,71,zero-shot,1,12337,0,
s_1706,1643,56,zero-shot,1,4442,0,
s_1707,82,6,zero-shot,1,4917,1,51.95
s_1708,889,59,zero-shot,1,10107,0,
s_1709,47,4,zero-shot,1,4769,1,79.54
s_1710,1772,70,zero-shot,1,4107,1,28.86
s_1711,2152,113,zero-shot,1,9622,0,
s_1712,1066,73,zero-shot,1,3798,1,52.88
s_1713,1387,63,zero-shot,1,8250,1,41.39
s_1714,737,63,zero-shot,1,7726,1,37.67
s_1715,680,51,zero-shot,1,9240,0,
s_1716,4354,113,zero-shot,1,10743,0,
s_1717,318,34,zero-shot,1,5560,1,55.96
s_1718,898,52,zero-shot,1,7748,0,
s_1719,367,17,zero-shot,1,18261,1,64.68
s_1720,284,14,zero-shot,1,12568,1,32.49
s_1721,380,13,zero-shot,1,2954,1,21.30
s_1722,243,17,zero-shot,1,9169,1,35.51
s_1723,549,41,zero-shot,1,3996,1,65.33
s_1724,1987,107,zero-shot,1,4019,0,
s_1725,1503,83,zero-shot,1,3641,0,
s_1726,2343,125,zero-shot,1,5347,1,54.86
s_1727,443,16,zero-shot,1,7154,1,52.39
s_1728,456,14,zero-shot,1,8044,0,
s_1729,1273,37,zero-shot,1,4292,1,26.97
s_1730,977,42,zero-shot,1,8035,0,
s_1731,8444,367,zero-shot,1,9001,1,42.02
s_1732,565,29,zero-shot,1,14896,1,58.31
s_1733,253,21,zero-shot,1,4976,1,35.18
s_1734,276,15,zero-shot,1,10592,0,
s_1735,676,48,zero-shot,1,6431,1,57.95
s_1736,793,42,zero-shot,1,12040,1,48.86
s_1737,1376,70,zero-shot,1,4207,1,36.18
s_1738,621,19,zero-shot,1,5936,0,
s_1739,593,23,zero-shot,1,2863,1,55.00
s_1740,1054,41,zero-shot,1,8662,0,
s_1741,359,18,zero-shot,1,13091,1,47.26
s_1742,385,25,zero-shot,1,3397,1,61.49
s_1743,359,19,zero-shot,1,3549,1,65.05
s_1744,2804,69,zero-shot,1,9384,0,
s_1745,684,19,zero-shot,1,21802,1,52.45
s_1746,757,61,zero-shot,1,18785,1,45.76
s_1747,317,30,zero-shot,1,15652,1,53.32
s_1748,999,44,zero-shot,1,4892,0,
s_1749,2216,72,zero-shot,1,16980,1,24.79
s_1750,1058,61,zero-shot,1,5663,1,49.83
s_1751,129,13,zero-shot,1,52355,1,47.60
s_1752,399,18,zero-shot,1,10183,1,52.49
s_1753,1635,96,zero-shot,1,21241,0,
s_1754,258,14,zero-shot,1,3271,1,46.56
s_1755,1762,120,zero-shot,1,5083,0,
s_1756,277,17,zero-shot,1,7261,1,35.60
s_1757,482,20,zero-shot,1,6402,1,38.58
s_1758,2227,185,zero-shot,1,13537,1,58.40
s_1759,2390,102,zero-shot,1,3304,0,
s_1760,255,20,zero-shot,1,14072,1,52.59
s_1761,794,53,zero-shot,1,10422,0,
s_1762,91,7,zero-shot,1,22007,1,66.02
s_1763,93,5,zero-shot,1,6352,1,51.55
s_1764,185,20,zero-shot,1,7016,1,54.68
s_1765,139,5,zero-shot,1,5852,1,41.43
s_1766,1468,62,zero-shot,1,6983,0,
s_1767,1499,98,zero-shot,1,6440,0,
s_1768,1766,107,zero-shot,1,9160,1,43.73
s_1769,1160,67,zero-shot,1,5392,1,40.03
s_1770,1436,73,zero-shot,1,5582,0,
s_1771,279,16,zero-shot,1,5531,1,48.61
s_1772,1525,104,zero-shot,1,16131,0,
s_1773,1035,92,zero-shot,1,8829,0,
s_1774,449,30,zero-shot,1,7026,0,
s_1775,1081,84,zero-shot,1,8121,0,
s_1776,728,18,zero-shot,1,6416,0,
s_1777,1020,43,zero-shot,1,3550,0,
s_1778,3513,158,zero-shot,1,5535,0,
s_1779,670,30,zero-shot,1,10083,1,35.20
s_1780,679,44,zero-shot,1,10911,1,49.72
s_1781,1015,75,zero-shot,1,5357,0,
s_1782,241,14,zero-shot,1,29818,1,49.40
s_1783,457,18,zero-shot,1,4444,0,
s_1784,1922,94,zero-shot,1,13683,0,
s_1785,110,17,zero-shot,1,4710,1,77.34
s_1786,1774,90,zero-shot,1,8727,0,
s_1787,654,38,zero-shot,1,10620,0,
s_1788,486,41,zero-shot,1,3387,1,34.23
s_1789,919,41,zero-shot,1,15846,1,45.34
s_1790,623,47,zero-shot,1,11157,1,32.45
s_1791,1205,39,zero-shot,1,8227,1,51.11
s_1792,2164,75,zero-shot,1,44991,0,
s_1793,2824,70,zero-shot,1,7758,1,62.82
s_1794,661,46,zero-shot,1,8359,1,67.29
s_1795,454,26,zero-shot,1,11707,0,
s_1796,578,20,zero-shot,1,13897,1,49.45
s_1797,851,25,zero-shot,1,5721,1,30.27
s_1798,170,11,zero-shot,1,15428,1,50.92
s_1799,3481,203,zero-shot,1,38309,0,
s_1800,655,32,zero-shot,1,3504,1,38.22
s_1801,2170,83,zero-shot,1,6687,0,
s_1802,931,39,zero-shot,1,9390,1,79.90
s_1803,1903,73,zero-shot,1,5452,1,49.23
s_1804,79,6,zero-shot,1,6716,1,53.25
s_1805,1384,51,zero-shot,1,4016,1,69.34
s_1806,133,7,zero-shot,1,10697,1,62.29
s_1807,565,32,zero-shot,1,6612,0,
s_1808,1071,51,zero-shot,1,32563,0,
s_1809,622,35,zero-shot,1,10822,1,51.27
s_1810,1388,73,zero-shot,1,4482,0,
s_1811,554,36,zero-shot,1,2873,1,42.25
s_1812,1500,82,zero-shot,1,3708,0,
s_1813,353,31,zero-shot,1,13561,1,45.48
s_1814,5428,217,zero-shot,1,4552,1,40.37
s_1815,852,50,zero-shot,1,5234,0,
s_1816,1775,60,zero-shot,1,9945,1,60.37
s_1817,1011,37,zero-shot,1,20298,0,
s_1818,576,48,zero-shot,1,4674,1,50.69
s_1819,1642,62,zero-shot,1,15254,1,38.32
s_1820,280,16,zero-shot,1,4699,0,
s_1821,2314,95,zero-shot,1,6478,0,
s_1822,2372,121,zero-shot,1,23450,1,53.49
s_1823,696,37,zero-shot,1,8595,0,
s_1824,1432,101,zero-shot,1,11083,0,
s_1825,544,34,zero-shot,1,9486,1,59.53
s_1826,1488,69,zero-shot,1,12322,0,
s_1827,443,25,zero-shot,1,78202,0,
s_1828,283,17,zero-shot,1,11069,0,
s_1829,91,8,zero-shot,1,13280,1,58.90
s_1830,7167,256,zero-shot,1,15054,0,
s_1831,284,12,zero-shot,1,10538,1,66.22
s_1832,878,71,zero-shot,1,6970,1,60.74
s_1833,750,24,zero-shot,1,4714,0,
s_1834,106,6,zero-shot,1,7332,0,
s_1835,130,6,zero-shot,1,12695,0,
s_1836,1071,53,zero-shot,1,13844,0,
s_1837,867,23,zero-shot,1,5903,1,48.50
s_1838,387,16,zero-shot,1,12083,1,48.31
s_1839,175,13,zero-shot,1,25245,1,57.61
s_1840,2693,126,zero-shot,1,6534,0,
s_1841,6413,261,zero-shot,1,8086,0,
s_1842,1214,63,zero-shot,1,5527,0,
s_1843,417,22,zero-shot,1,11328,1,47.99
s_1844,1311,57,zero-shot,1,7496,0,
s_1845,1473,59,zero-shot,1,4670,0,
s_1846,3664,104,zero-shot,1,41511,0,
s_1847,1993,142,zero-shot,1,10714,0,
s_1848,291,8,zero-shot,1,12771,0,
s_1849,687,36,zero-shot,1,14420,0,
s_1850,616,60,zero-shot,1,6383,0,
s_1851,337,17,zero-shot,1,5306,1,39.85
s_1852,3137,153,zero-shot,1,4960,0,
s_1853,1013,40,zero-shot,1,8344,0,
s_1854,574,30,zero-shot,1,9258,1,46.06
s_1855,1499,73,zero-shot,1,18328,1,31.15
s_1856,1178,37,zero-shot,1,4883,1,52.62
s_1857,1476,108,zero-shot,1,8792,0,
s_1858,419,39,zero-shot,1,7078,0,
s_1859,966,77,zero-shot,1,9316,0,
s_1860,962,58,zero-shot,1,5204,1,46.80
s_1861,1230,51,zero-shot,1,23513,0,
s_1862,1066,47,zero-shot,1,8625,1,63.26
s_1863,127,7,zero-shot,1,6442,0,
s_1864,4513,150,zero-shot,1,24550,0,
s_1865,924,53,zero-shot,1,10596,1,39.09
s_1866,2082,87,zero-shot,1,3878,1,44.31
s_1867,761,29,zero-shot,1,13545,1,54.05
s_1868,1521,66,zero-shot,1,7822,0,
s_1869,1000,46,zero-shot,1,10079,1,64.57
s_1870,556,19,zero-shot,1,5288,0,
s_1871,455,19,zero-shot,1,13375,1,64.64
s_1872,1566,79,zero-shot,1,3442,1,46.42
s_1873,1328,63,zero-shot,1,32997,1,32.93
s_1874,365,16,zero-shot,1,5579,0,
s_1875,689,35,zero-shot,1,9650,1,52.78
s_1876,321,17,zero-shot,1,5245,1,40.07
s_1877,2661,74,zero-shot,1,8760,1,45.01
s_1878,598,46,zero-shot,1,5680,1,40.85
s_1879,2625,107,zero-shot,1,8765,1,49.47
s_1880,514,45,zero-shot,1,30819,1,88.43
s_1881,438,24,zero-shot,1,3759,1,41.40
s_1882,2131,64,zero-shot,1,6842,0,
s_1883,4191,168,zero-shot,1,14294,0,
s_1884,832,45,zero-shot,1,5887,1,67.36
s_1885,433,20,zero-shot,1,4976,1,38.44
s_1886,538,32,zero-shot,1,3482,1,62.25
s_1887,5126,211,zero-shot,1,14218,1,30.85
s_1888,1158,26,zero-shot,1,10131,0,
s_1889,118,7,zero-shot,1,7223,1,61.95
s_1890,1090,34,zero-shot,1,9424,1,41.17
s_1891,3648,121,zero-shot,1,14351,0,
s_1892,244,11,zero-shot,1,7123,1,45.71
s_1893,691,43,zero-shot,1,24049,0,
s_1894,226,17,zero-shot,1,6360,0,
s_1895,1380,48,zero-shot,1,12586,0,
s_1896,798,44,zero-shot,1,7746,1,47.19
s_1897,463,22,zero-shot,1,6739,1,46.04
s_1898,1365,109,zero-shot,1,4122,1,55.98
s_1899,870,58,zero-shot,1,39263,1,33.42
s_1900,1245,53,zero-shot,1,2046,1,47.50
s_1901,538,13,zero-shot,1,4132,1,34.44
s_1902,746,52,zero-shot,1,11744,1,47.92
s_1903,3013,106,zero-shot,1,28708,0,
s_1904,2445,66,zero-shot,1,6357,0,
s_1905,200,8,zero-shot,1,9059,1,65.03
s_1906,955,51,zero-shot,1,20537,0,
s_1907,465,28,zero-shot,1,5886,1,32.52
s_1908,311,19,zero-shot,1,10265,0,
s_1909,286,18,zero-shot,1,22410,1,32.68
s_1910,1073,62,zero-shot,1,12695,0,
s_1911,736,31,zero-shot,1,3861,1,48.93
s_1912,191,11,zero-shot,1,10581,1,53.94
s_1913,255,20,zero-shot,1,26887,1,76.59
s_1914,1148,69,zero-shot,1,8492,0,
s_1915,933,54,zero-shot,1,3315,0,
s_1916,748,40,zero-shot,1,5756,0,
s_1917,727,30,zero-shot,1,63959,0,
s_1918,205,15,zero-shot,1,3827,0,
s_1919,749,49,zero-shot,1,11248,0,
s_1920,809,61,zero-shot,1,6795,1,41.71
s_1921,1038,59,zero-shot,1,5800,0,
s_1922,828,36,zero-shot,1,9349,1,55.14
s_1923,507,26,zero-shot,1,5419,1,47.93
s_1924,4852,318,zero-shot,1,7977,1,32.64
s_1925,1309,73,zero-shot,1,5521,0,
s_1926,2916,145,zero-shot,1,11015,0,
s_1927,415,35,zero-shot,1,12386,1,42.19
s_1928,210,11,zero-shot,1,8684,1,50.37
s_1929,1307,105,zero-shot,1,16563,0,
s_1930,551,25,zero-shot,1,12093,1,36.86
s_1931,134,7,zero-shot,1,6636,1,40.55
s_1932,644,46,zero-shot,1,14711,0,
s_1933,485,20,zero-shot,1,12500,1,55.90
s_1934,382,27,zero-shot,1,8578,1,56.91
s_1935,2545,150,zero-shot,1,5789,0,
s_1936,329,20,zero-shot,1,6176,0,
s_1937,1231,64,zero-shot,1,5359,0,
s_1938,574,33,zero-shot,1,4835,0,
s_1939,2607,135,zero-shot,1,5021,0,
s_1940,2987,143,zero-shot,1,39347,0,
s_1941,1991,77,zero-shot,1,14302,0,
s_1942,2387,116,zero-shot,1,6669,1,62.06
s_1943,1679,88,zero-shot,1,8737,0,
s_1944,484,14,zero-shot,1,14039,1,57.10
s_1945,501,54,zero-shot,1,7199,1,37.21
s_1946,322,30,zero-shot,1,4263,0,
s_1947,1615,74,zero-shot,1,3990,0,
s_1948,1442,125,zero-shot,1,6152,0,
s_1949,1640,97,zero-shot,1,19535,0,
s_1950,2121,119,zero-shot,1,9319,0,
s_1951,2322,100,zero-shot,1,3218,0,
s_1952,907,62,zero-shot,1,9979,0,
s_1953,386,20,zero-shot,1,6659,0,
s_1954,1596,86,zero-shot,1,13815,1,33.97
s_1955,4091,130,zero-shot,1,13722,0,
s_1956,1692,80,zero-shot,1,10542,0,
s_1957,79,6,zero-shot,1,4272,1,54.40
s_1958,1151,38,zero-shot,1,12787,0,
s_1959,395,28,zero-shot,1,14667,1,54.56
s_1960,354,12,zero-shot,1,6146,1,45.48
s_1961,266,23,zero-shot,1,8890,1,40.85
s_1962,1078,56,zero-shot,1,8506,0,
s_1963,794,58,zero-shot,1,3463,1,48.41
s_1964,471,33,zero-shot,1,14156,0,
s_1965,254,24,zero-shot,1,3320,1,53.65
s_1966,2958,143,zero-shot,1,5925,0,
s_1967,134,8,zero-shot,1,13195,1,63.52
s_1968,552,29,zero-shot,1,11203,1,43.22
s_1969,618,24,zero-shot,1,40782,1,50.37
s_1970,105,11,zero-shot,1,20881,1,42.34
s_1971,1449,52,zero-shot,1,13499,0,
s_1972,1771,77,zero-shot,1,9868,0,
s_1973,355,13,zero-shot,1,12503,1,67.25
s_1974,2381,85,zero-shot,1,6048,1,50.54
s_1975,2126,94,zero-shot,1,8422,0,
s_1976,986,75,zero-shot,1,14065,1,22.97
s_1977,5536,274,zero-shot,1,6007,0,
s_1978,501,35,zero-shot,1,5484,0,
s_1979,3268,213,zero-shot,1,8397,1,35.25
s_1980,662,47,zero-shot,1,5290,1,46.66
s_1981,1258,92,zero-shot,1,3484,1,50.10
s_1982,1307,58,zero-shot,1,22044,0,
s_1983,1460,77,zero-shot,1,23455,1,45.49
s_1984,3122,111,zero-shot,1,21842,0,
s_1985,798,82,zero-shot,1,73204,1,42.63
s_1986,800,25,zero-shot,1,7578,0,
s_1987,662,30,zero-shot,1,4903,1,41.30
s_1988,1383,45,zero-shot,1,71639,1,38.87
s_1989,991,66,zero-shot,1,10648,0,
s_1990,901,41,zero-shot,1,10344,1,48.12
s_1991,539,33,zero-shot,1,25624,1,46.03
s_1992,83,4,zero-shot,1,15976,1,68.93
s_1993,220,11,zero-shot,1,14159,1,52.12
s_1994,329,16,zero-shot,1,2877,0,
s_1995,586,46,zero-shot,1,2725,0,
s_1996,993,37,zero-shot,1,12084,0,
s_1997,168,9,zero-shot,1,9603,1,67.90
s_1998,108,9,zero-shot,1,15172,1,61.67
s_1999,235,18,zero-shot,1,3178,1,62.69
s_0000,493,23,b-rag,1,8684,1,38.00
s_0001,1078,40,b-rag,1,8831,0,
s_0002,1983,77,b-rag,1,14560,1,61.56
s_0003,825,49,b-rag,1,8665,1,68.33
s_0004,1511,88,b-rag,1,9045,1,70.67
s_0005,367,24,b-rag,1,6912,1,61.63
s_0006,687,45,b-rag,1,9018,1,59.92
s_0007,580,27,b-rag,1,8129,0,
s_0008,1121,48,b-rag,1,21736,0,
s_0009,1419,76,b-rag,1,9501,1,54.09
s_0010,4867,146,b-rag,1,7502,0,
s_0011,209,12,b-rag,1,13726,1,59.69
s_0012,631,39,b-rag,1,9060,1,65.25
s_0013,502,16,b-rag,1,5437,1,63.92
s_0014,992,84,b-rag,1,10096,0,
s_0015,1234,80,b-rag,1,7909,1,100.00
s_0016,138,13,b-rag,1,6922,1,65.66
s_0017,2583,96,b-rag,1,8800,1,93.54
s_0018,335,13,b-rag,1,5816,1,45.73
s_0019,325,25,b-rag,1,18292,1,56.20
s_0020,1093,66,b-rag,1,8010,0,
s_0021,921,23,b-rag,1,8775,1,71.65
s_0022,1723,100,b-rag,1,10750,1,80.63
s_0023,215,8,b-rag,1,7119,0,
s_0024,568,29,b-rag,1,12897,0,
s_0025,392,20,b-rag,1,9732,1,85.14
s_0026,339,19,b-rag,1,9799,1,75.59
s_0027,2091,140,b-rag,1,8018,1,47.84
s_0028,2054,85,b-rag,1,8664,1,74.42
s_0029,2508,199,b-rag,1,13635,0,
s_0030,181,11,b-rag,1,7759,1,85.86
s_0031,688,40,b-rag,1,9981,1,76.72
s_0032,540,44,b-rag,1,8663,1,76.32
s_0033,309,13,b-rag,1,17929,1,55.12
s_0034,357,30,b-rag,1,8990,1,68.24
s_0035,153,12,b-rag,1,6719,1,84.45
s_0036,564,36,b-rag,1,5838,0,
s_0037,706,25,b-rag,1,6278,1,78.98
s_0038,341,24,b-rag,1,10854,1,70.83
s_0039,1508,121,b-rag,1,8312,1,62.74
s_0040,557,22,b-rag,1,7575,1,79.22
s_0041,1655,68,b-rag,1,9767,1,61.56
s_0042,1105,56,b-rag,1,10789,1,70.87
s_0043,606,37,b-rag,1,8086,1,88.25
s_0044,2406,200,b-rag,1,6177,0,
s_0045,1748,81,b-rag,1,13649,0,
s_0046,331,15,b-rag,1,12300,1,65.50
s_0047,1104,48,b-rag,1,8991,1,58.26
s_0048,2134,140,b-rag,1,13588,0,
s_0049,617,30,b-rag,1,10354,1,53.75
s_0050,446,32,b-rag,1,9475,1,70.85
s_0051,862,28,b-rag,1,10983,1,73.95
s_0052,866,38,b-rag,1,8638,0,
s_0053,1046,59,b-rag,1,5333,1,63.43
s_0054,3163,141,b-rag,1,6881,1,55.91
s_0055,2588,137,b-rag,1,11846,1,60.47
s_0056,169,12,b-rag,1,14724,0,
s_0057,451,21,b-rag,1,11381,1,73.05
s_0058,2330,82,b-rag,1,9117,0,
s_0059,1024,52,b-rag,1,10764,1,80.30
s_0060,2951,146,b-rag,1,11994,1,66.35
s_0061,999,53,b-rag,1,12526,1,73.96
s_0062,269,13,b-rag,1,8631,0,
s_0063,1035,53,b-rag,1,5236,0,
s_0064,1717,80,b-rag,1,5924,1,65.32
s_0065,146,18,b-rag,1,9516,0,
s_0066,847,16,b-rag,1,5232,0,
s_0067,733,50,b-rag,1,7148,1,80.07
s_0068,1645,71,b-rag,1,9535,1,91.79
s_0069,150,9,b-rag,1,15253,1,60.87
s_0070,1415,131,b-rag,1,10572,1,69.66
s_0071,1830,117,b-rag,1,10663,0,
s_0072,1155,53,b-rag,1,6969,0,
s_0073,1406,44,b-rag,1,8976,1,63.16
s_0074,445,13,b-rag,1,9754,1,70.13
s_0075,5208,229,b-rag,1,7107,1,73.73
s_0076,1315,65,b-rag,1,8661,0,
s_0077,937,66,b-rag,1,12359,1,79.15
s_0078,2167,118,b-rag,1,6790,1,65.86
s_0079,248,23,b-rag,1,6495,1,81.45
s_0080,2413,84,b-rag,1,8258,0,
s_0081,361,19,b-rag,1,11151,1,58.16
s_0082,835,36,b-rag,1,13463,1,64.77
s_0083,2299,103,b-rag,1,11324,1,59.90
s_0084,732,35,b-rag,1,9980,1,69.06
s_0085,2798,107,b-rag,1,12409,1,78.21
s_0086,450,32,b-rag,1,7666,1,73.14
s_0087,1005,32,b-rag,1,5550,1,79.52
s_0088,1052,60,b-rag,1,16927,1,40.12
s_0089,1028,25,b-rag,1,13402,1,77.02
s_0090,1364,72,b-rag,1,11188,1,77.00
s_0091,2480,90,b-rag,1,8945,1,37.60
s_0092,846,33,b-rag,1,4565,1,76.42
s_0093,586,33,b-rag,1,8797,1,77.44
s_0094,1443,30,b-rag,1,5710,1,54.05
s_0095,523,24,b-rag,1,6376,1,66.90
s_0096,1257,49,b-rag,1,8586,1,72.09
s_0097,2194,75,b-rag,1,4994,1,67.26
s_0098,731,45,b-rag,1,13140,1,67.67
s_0099,1650,68,b-rag,1,7030,0,
s_0100,1416,61,b-rag,1,7921,0,
s_0101,1319,52,b-rag,1,18457,0,
s_0102,159,15,b-rag,1,10383,1,52.58
s_0103,116,6,b-rag,1,13234,1,65.31
s_0104,2601,103,b-rag,1,5778,1,62.55
s_0105,151,14,b-rag,1,9850,1,76.54
s_0106,668,39,b-rag,1,10228,1,44.38
s_0107,1036,45,b-rag,1,14314,1,81.55
s_0108,333,16,b-rag,1,12968,1,65.59
s_0109,1076,70,b-rag,1,8041,0,
s_0110,241,12,b-rag,1,8987,1,100.00
s_0111,484,32,b-rag,1,7887,0,
s_0112,1041,45,b-rag,1,8992,0,
s_0113,2140,88,b-rag,1,8620,1,69.09
s_0114,781,25,b-rag,1,8614,1,56.98
s_0115,459,26,b-rag,1,6835,1,63.85
s_0116,1288,43,b-rag,1,12839,1,71.99
s_0117,2189,71,b-rag,1,5844,1,67.14
s_0118,1132,41,b-rag,1,7177,1,62.12
s_0119,415,28,b-rag,1,10071,1,55.24
s_0120,891,90,b-rag,1,9853,1,71.07
s_0121,287,27,b-rag,1,5605,1,70.58
s_0122,1589,84,b-rag,1,11904,1,75.52
s_0123,2682,127,b-rag,1,8758,1,51.53
s_0124,378,43,b-rag,1,13549,1,84.78
s_0125,373,29,b-rag,1,9406,1,76.36
s_0126,975,58,b-rag,1,7578,1,70.92
s_0127,1059,46,b-rag,1,6429,0,
s_0128,793,43,b-rag,1,10859,1,76.60
s_0129,5271,258,b-rag,1,11275,1,65.23
s_0130,3076,115,b-rag,1,9073,1,67.76
s_0131,136,6,b-rag,1,10025,1,84.87
s_0132,165,8,b-rag,1,13553,0,
s_0133,153,12,b-rag,1,9210,1,89.69
s_0134,1312,60,b-rag,1,7155,0,
s_0135,7857,338,b-rag,1,9307,0,
s_0136,1751,75,b-rag,1,12706,1,65.05
s_0137,1296,93,b-rag,1,7590,1,77.09
s_0138,992,78,b-rag,1,6542,1,56.83
s_0139,296,15,b-rag,1,7906,1,53.83
s_0140,1792,86,b-rag,1,5140,1,37.53
s_0141,1257,48,b-rag,1,6117,0,
s_0142,251,14,b-rag,1,5523,1,74.65
s_0143,827,58,b-rag,1,12178,1,64.13
s_0144,354,14,b-rag,1,4639,1,60.84
s_0145,687,50,b-rag,1,9332,0,
s_0146,386,25,b-rag,1,9751,0,
s_0147,758,38,b-rag,1,16433,1,78.20
s_0148,616,36,b-rag,1,7923,1,56.26
s_0149,294,27,b-rag,1,5757,1,63.05
s_0150,825,49,b-rag,1,6522,1,66.69
s_0151,1246,70,b-rag,1,11761,1,45.60
s_0152,323,16,b-rag,1,5637,1,64.21
s_0153,413,25,b-rag,1,5871,1,67.20
s_0154,3670,212,b-rag,1,4735,1,64.10
s_0155,1330,67,b-rag,1,7795,0,
s_0156,739,36,b-rag,1,7155,1,70.25
s_0157,1289,42,b-rag,1,5000,0,
s_0158,159,14,b-rag,1,7409,1,81.83
s_0159,1187,57,b-rag,1,9948,1,67.87
s_0160,767,45,b-rag,1,9480,0,
s_0161,336,22,b-rag,1,16397,1,49.88
s_0162,351,24,b-rag,1,6781,1,58.37
s_0163,278,17,b-rag,1,11664,0,
s_0164,1851,115,b-rag,1,7805,1,60.31
s_0165,202,14,b-rag,1,9917,1,78.29
s_0166,2658,135,b-rag,1,11232,1,49.98
s_0167,5385,136,b-rag,1,8164,1,74.44
s_0168,211,14,b-rag,1,7681,0,
s_0169,696,54,b-rag,1,9462,1,61.84
s_0170,899,43,b-rag,1,7865,1,52.46
s_0171,78,4,b-rag,1,8558,1,90.63
s_0172,1021,37,b-rag,1,5666,1,65.98
s_0173,716,42,b-rag,1,7252,1,70.80
s_0174,547,26,b-rag,1,9801,1,89.68
s_0175,728,48,b-rag,1,8178,1,87.07
s_0176,2799,229,b-rag,1,9947,0,
s_0177,308,15,b-rag,1,7475,0,
s_0178,1096,58,b-rag,1,7398,1,86.87
s_0179,11978,277,b-rag,1,15631,0,
s_0180,662,63,b-rag,1,9775,1,55.89
s_0181,170,12,b-rag,1,8462,1,66.11
s_0182,2369,212,b-rag,1,9905,1,51.92
s_0183,1854,64,b-rag,1,8843,0,
s_0184,222,17,b-rag,1,7013,1,77.28
s_0185,2544,107,b-rag,1,10715,0,
s_0186,260,29,b-rag,1,9824,1,50.56
s_0187,889,49,b-rag,1,6463,1,59.62
s_0188,322,18,b-rag,1,11154,0,
s_0189,314,24,b-rag,1,6011,1,75.52
s_0190,363,23,b-rag,1,10695,1,94.73
s_0191,982,70,b-rag,1,6634,1,69.29
s_0192,4029,165,b-rag,1,7040,0,
s_0193,599,20,b-rag,1,8540,1,76.50
s_0194,133,12,b-rag,1,11011,1,100.00
s_0195,366,28,b-rag,1,6021,0,
s_0196,144,7,b-rag,1,11949,1,94.76
s_0197,1246,46,b-rag,1,6425,1,72.34
s_0198,522,34,b-rag,1,12769,1,67.20
s_0199,410,19,b-rag,1,8914,1,91.40
s_0200,680,21,b-rag,1,9688,1,87.81
s_0201,3083,157,b-rag,1,8215,0,
s_0202,266,16,b-rag,1,6873,1,88.75
s_0203,1066,67,b-rag,1,12238,1,42.46
s_0204,418,15,b-rag,1,5127,1,77.70
s_0205,469,18,b-rag,1,10633,1,59.28
s_0206,471,30,b-rag,1,7646,1,78.68
s_0207,238,8,b-rag,1,9647,1,49.74
s_0208,293,13,b-rag,1,7492,1,73.76
s_0209,217,9,b-rag,1,11256,1,82.59
s_0210,779,39,b-rag,1,13575,0,
s_0211,2983,139,b-rag,1,6753,0,
s_0212,110,11,b-rag,1,12866,1,78.19
s_0213,375,24,b-rag,1,8776,1,92.15
s_0214,834,46,b-rag,1,12473,1,66.73
s_0215,552,36,b-rag,1,7371,0,
s_0216,863,22,b-rag,1,5286,1,50.92
s_0217,147,14,b-rag,1,6902,1,74.44
s_0218,868,47,b-rag,1,13014,1,65.47
s_0219,916,38,b-rag,1,5930,0,
s_0220,4208,98,b-rag,1,6821,1,64.30
s_0221,609,26,b-rag,1,7313,1,66.79
s_0222,1375,41,b-rag,1,13900,0,
s_0223,669,15,b-rag,1,9697,1,65.99
s_0224,1097,42,b-rag,1,10356,1,57.76
s_0225,705,48,b-rag,1,13135,1,77.70
s_0226,287,22,b-rag,1,13530,1,82.28
s_0227,1412,39,b-rag,1,12561,1,57.36
s_0228,463,16,b-rag,1,8423,1,93.81
s_0229,702,21,b-rag,1,14173,1,63.38
s_0230,806,43,b-rag,1,8785,1,81.66
s_0231,677,22,b-rag,1,4520,1,62.72
s_0232,1639,75,b-rag,1,9211,1,48.97
s_0233,140,13,b-rag,1,6527,1,70.12
s_0234,827,87,b-rag,1,10766,1,68.60
s_0235,741,41,b-rag,1,10849,0,
s_0236,883,27,b-rag,1,10657,1,63.00
s_0237,794,32,b-rag,1,5067,1,59.76
s_0238,985,49,b-rag,1,10035,1,88.89
s_0239,1422,64,b-rag,1,5841,1,83.65
s_0240,76,6,b-rag,1,6669,1,85.34
s_0241,2425,175,b-rag,1,11574,1,55.43
s_0242,2255,114,b-rag,1,18557,0,
s_0243,376,22,b-rag,1,7112,1,68.43
s_0244,1649,75,b-rag,1,9207,1,63.38
s_0245,1076,27,b-rag,1,7777,0,
s_0246,275,12,b-rag,1,8609,1,59.51
s_0247,984,64,b-rag,1,9256,1,73.78
s_0248,1996,193,b-rag,1,7880,1,67.10
s_0249,2385,82,b-rag,1,8556,0,
s_0250,327,18,b-rag,1,8725,1,74.29
s_0251,127,7,b-rag,1,13482,0,
s_0252,1093,37,b-rag,1,9997,1,56.57
s_0253,4910,248,b-rag,1,5883,1,50.03
s_0254,959,35,b-rag,1,11657,1,73.53
s_0255,328,21,b-rag,1,14402,1,52.86
s_0256,1358,92,b-rag,1,16529,0,
s_0257,577,20,b-rag,1,13922,0,
s_0258,749,64,b-rag,1,11073,1,81.00
s_0259,1096,55,b-rag,1,11951,1,64.73
s_0260,1149,62,b-rag,1,11588,1,57.77
s_0261,664,31,b-rag,1,9098,0,
s_0262,670,37,b-rag,1,7973,0,
s_0263,589,41,b-rag,1,15898,1,70.81
s_0264,1396,118,b-rag,1,15101,1,55.75
s_0265,1577,109,b-rag,1,4897,1,70.15
s_0266,934,65,b-rag,1,7303,1,80.10
s_0267,11647,456,b-rag,1,10624,0,
s_0268,406,22,b-rag,1,5877,1,66.68
s_0269,875,91,b-rag,1,14617,0,
s_0270,2606,115,b-rag,1,7325,1,64.58
s_0271,670,44,b-rag,1,6663,0,
s_0272,635,33,b-rag,1,11653,1,59.55
s_0273,6422,195,b-rag,1,11514,0,
s_0274,364,22,b-rag,1,10345,1,79.59
s_0275,780,36,b-rag,1,5650,1,80.83
s_0276,321,17,b-rag,1,15332,0,
s_0277,913,51,b-rag,1,5027,1,45.72
s_0278,635,62,b-rag,1,7228,1,69.23
s_0279,1532,62,b-rag,1,8999,1,63.55
s_0280,913,43,b-rag,1,9034,1,100.00
s_0281,488,44,b-rag,1,7572,1,68.47
s_0282,1001,18,b-rag,1,8591,1,55.94
s_0283,2666,104,b-rag,1,6205,0,
s_0284,401,22,b-rag,1,8348,1,51.93
s_0285,956,41,b-rag,1,7202,1,71.32
s_0286,294,18,b-rag,1,6700,1,89.88
s_0287,1585,69,b-rag,1,14835,0,
s_0288,477,13,b-rag,1,10047,1,87.29
s_0289,433,30,b-rag,1,6805,1,66.66
s_0290,1350,101,b-rag,1,6405,1,70.49
s_0291,1666,46,b-rag,1,6603,0,
s_0292,1265,58,b-rag,1,7999,1,60.58
s_0293,1047,51,b-rag,1,17205,1,64.35
s_0294,297,18,b-rag,1,13744,1,98.95
s_0295,539,25,b-rag,1,6968,1,68.07
s_0296,179,9,b-rag,1,7751,1,77.02
s_0297,3470,213,b-rag,1,6935,1,78.76
s_0298,586,36,b-rag,1,11624,1,60.47
s_0299,508,24,b-rag,1,10184,0,
s_0300,1067,55,b-rag,1,14539,1,65.39
s_0301,2924,143,b-rag,1,7303,1,54.81
s_0302,1798,70,b-rag,1,5135,1,35.63
s_0303,252,15,b-rag,1,6708,1,64.09
s_0304,3578,216,b-rag,1,10080,0,
s_0305,1575,91,b-rag,1,10494,0,
s_0306,287,21,b-rag,1,10239,1,75.05
s_0307,242,11,b-rag,1,9043,1,59.37
s_0308,1048,61,b-rag,1,13517,1,53.68
s_0309,852,31,b-rag,1,9744,0,
s_0310,1188,82,b-rag,1,7367,0,
s_0311,1616,65,b-rag,1,13670,1,67.72
s_0312,483,33,b-rag,1,13428,1,68.25
s_0313,481,22,b-rag,1,10769,0,
s_0314,3484,113,b-rag,1,9315,1,58.46
s_0315,324,23,b-rag,1,9588,1,66.21
s_0316,2565,108,b-rag,1,8323,0,
s_0317,7707,138,b-rag,1,14165,0,
s_0318,614,24,b-rag,1,6145,1,78.06
s_0319,178,14,b-rag,1,10895,1,58.42
s_0320,290,17,b-rag,1,11294,1,72.71
s_0321,650,39,b-rag,1,9518,1,59.37
s_0322,460,30,b-rag,1,5969,1,67.43
s_0323,1179,48,b-rag,1,11763,0,
s_0324,1855,61,b-rag,1,8757,1,54.48
s_0325,43,4,b-rag,1,6937,1,76.14
s_0326,311,17,b-rag,1,8431,1,68.48
s_0327,1236,49,b-rag,1,8582,0,
s_0328,345,17,b-rag,1,8740,1,73.80
s_0329,1653,102,b-rag,1,9090,0,
s_0330,2925,136,b-rag,1,7142,0,
s_0331,394,34,b-rag,1,12633,1,60.45
s_0332,852,31,b-rag,1,7539,1,71.60
s_0333,572,28,b-rag,1,6429,0,
s_0334,3852,219,b-rag,1,7942,1,71.05
s_0335,2267,90,b-rag,1,7039,0,
s_0336,960,69,b-rag,1,6403,1,83.05
s_0337,769,43,b-rag,1,7471,0,
s_0338,262,20,b-rag,1,7910,0,
s_0339,431,33,b-rag,1,9946,0,
s_0340,470,29,b-rag,1,8824,1,71.76
s_0341,1350,80,b-rag,1,4290,1,62.71
s_0342,714,44,b-rag,1,11312,1,74.73
s_0343,998,97,b-rag,1,15851,0,
s_0344,814,38,b-rag,1,11232,0,
s_0345,3120,77,b-rag,1,9344,1,72.92
s_0346,1324,96,b-rag,1,8824,1,55.25
s_0347,399,25,b-rag,1,7773,1,45.85
s_0348,677,41,b-rag,1,9547,1,77.12
s_0349,312,20,b-rag,1,8526,1,45.55
s_0350,561,33,b-rag,1,13163,1,69.26
s_0351,420,36,b-rag,1,10938,0,
s_0352,2622,140,b-rag,1,6584,0,
s_0353,791,56,b-rag,1,4619,1,61.00
s_0354,1601,106,b-rag,1,7380,0,
s_0355,828,37,b-rag,1,8145,0,
s_0356,311,15,b-rag,1,8020,1,74.50
s_0357,269,11,b-rag,1,8294,1,84.22
s_0358,1155,35,b-rag,1,9478,1,67.09
s_0359,156,8,b-rag,1,6821,1,66.81
s_0360,1076,42,b-rag,1,4457,1,75.11
s_0361,84,8,b-rag,1,11123,1,83.93
s_0362,1000,50,b-rag,1,8224,1,81.10
s_0363,923,38,b-rag,1,23420,1,73.09
s_0364,221,9,b-rag,1,7158,1,56.13
s_0365,292,21,b-rag,1,9013,1,66.07
s_0366,452,39,b-rag,1,7459,1,72.89
s_0367,908,60,b-rag,1,15918,0,
s_0368,144,8,b-rag,1,6361,1,75.95
s_0369,144,7,b-rag,1,14922,1,54.87
s_0370,1696,60,b-rag,1,12526,1,65.72
s_0371,442,27,b-rag,1,14046,1,65.11
s_0372,746,46,b-rag,1,12710,1,63.74
s_0373,1583,101,b-rag,1,8438,1,47.59
s_0374,1391,74,b-rag,1,14925,0,
s_0375,414,20,b-rag,1,7066,1,71.28
s_0376,1297,57,b-rag,1,8082,1,69.57
s_0377,732,25,b-rag,1,8631,0,
s_0378,294,18,b-rag,1,11419,1,55.26
s_0379,817,51,b-rag,1,11883,1,64.70
s_0380,400,19,b-rag,1,6484,1,64.52
s_0381,830,31,b-rag,1,8603,0,
s_0382,908,51,b-rag,1,3764,0,
s_0383,271,11,b-rag,1,12341,0,
s_0384,1507,111,b-rag,1,16717,1,71.45
s_0385,409,23,b-rag,1,3870,1,71.74
s_0386,380,25,b-rag,1,10979,1,71.90
s_0387,3369,103,b-rag,1,9218,0,
s_0388,434,31,b-rag,1,5486,0,
s_0389,760,60,b-rag,1,13901,0,
s_0390,3558,168,b-rag,1,13177,1,49.23
s_0391,595,21,b-rag,1,11345,0,
s_0392,118,9,b-rag,1,11017,1,90.42
s_0393,4570,146,b-rag,1,9701,1,67.32
s_0394,581,19,b-rag,1,7630,1,93.51
s_0395,423,29,b-rag,1,8076,1,62.19
s_0396,955,48,b-rag,1,5980,1,85.19
s_0397,597,24,b-rag,1,10443,0,
s_0398,558,18,b-rag,1,11657,1,85.55
s_0399,1002,80,b-rag,1,16584,0,
s_0400,175,15,b-rag,1,9863,1,73.08
s_0401,1246,79,b-rag,1,11776,1,85.82
s_0402,754,52,b-rag,1,6855,1,70.42
s_0403,1864,94,b-rag,1,11490,1,71.44
s_0404,502,27,b-rag,1,9160,0,
s_0405,470,29,b-rag,1,7985,1,69.82
s_0406,1454,41,b-rag,1,14577,0,
s_0407,283,25,b-rag,1,5409,1,66.60
s_0408,590,38,b-rag,1,9279,1,69.60
s_0409,2793,121,b-rag,1,8336,0,
s_0410,2282,163,b-rag,1,7912,0,
s_0411,896,24,b-rag,1,9519,0,
s_0412,785,59,b-rag,1,7510,1,59.37
s_0413,675,43,b-rag,1,4888,1,61.87
s_0414,295,19,b-rag,1,9153,1,59.77
s_0415,175,10,b-rag,1,7952,1,79.14
s_0416,998,65,b-rag,1,5194,1,90.97
s_0417,528,23,b-rag,1,11353,0,
s_0418,351,16,b-rag,1,12235,1,56.26
s_0419,394,15,b-rag,1,7851,1,76.76
s_0420,779,22,b-rag,1,5199,1,90.12
s_0421,750,29,b-rag,1,9446,1,70.01
s_0422,56,5,b-rag,1,7775,1,88.06
s_0423,636,24,b-rag,1,7262,1,74.65
s_0424,1848,92,b-rag,1,12944,0,
s_0425,204,11,b-rag,1,8193,0,
s_0426,1087,73,b-rag,1,7015,1,62.14
s_0427,2219,168,b-rag,1,11385,0,
s_0428,1499,64,b-rag,1,12986,0,
s_0429,346,27,b-rag,1,7405,1,57.84
s_0430,870,44,b-rag,1,14283,0,
s_0431,887,62,b-rag,1,8871,1,59.99
s_0432,829,52,b-rag,1,10965,1,64.01
s_0433,2310,88,b-rag,1,6820,1,47.67
s_0434,553,42,b-rag,1,7688,1,66.85
s_0435,7741,198,b-rag,1,8434,1,52.72
s_0436,1475,43,b-rag,1,9298,1,58.49
s_0437,440,15,b-rag,1,12600,1,67.77
s_0438,365,16,b-rag,1,9816,1,64.73
s_0439,1360,120,b-rag,1,8159,0,
s_0440,580,34,b-rag,1,9288,1,57.85
s_0441,4020,135,b-rag,1,8757,0,
s_0442,713,31,b-rag,1,8034,1,60.95
s_0443,1019,55,b-rag,1,6519,1,51.49
s_0444,214,17,b-rag,1,6731,1,60.94
s_0445,1335,70,b-rag,1,8724,1,67.66
s_0446,2303,119,b-rag,1,7000,1,69.60
s_0447,1566,65,b-rag,1,2418,1,47.97
s_0448,222,11,b-rag,1,3729,1,62.61
s_0449,1776,88,b-rag,1,12543,0,
s_0450,680,22,b-rag,1,11313,1,55.87
s_0451,729,30,b-rag,1,7086,0,
s_0452,3472,214,b-rag,1,12849,1,69.13
s_0453,620,20,b-rag,1,9625,1,56.25
s_0454,1834,91,b-rag,1,11929,1,53.14
s_0455,3731,95,b-rag,1,10391,1,74.85
s_0456,596,38,b-rag,1,11687,0,
s_0457,379,20,b-rag,1,5661,1,100.00
s_0458,1352,50,b-rag,1,9891,1,89.00
s_0459,3152,166,b-rag,1,9788,1,43.20
s_0460,650,36,b-rag,1,9256,1,65.21
s_0461,1619,91,b-rag,1,11142,1,81.32
s_0462,156,9,b-rag,1,7095,1,68.02
s_0463,453,23,b-rag,1,7486,1,65.43
s_0464,757,34,b-rag,1,8221,1,65.07
s_0465,1479,83,b-rag,1,16018,1,62.63
s_0466,1825,119,b-rag,1,14002,1,54.81
s_0467,767,26,b-rag,1,14536,1,65.07
s_0468,107,8,b-rag,1,12927,1,84.26
s_0469,236,21,b-rag,1,11920,1,68.54
s_0470,3213,131,b-rag,1,8540,1,63.03
s_0471,351,42,b-rag,1,10737,1,68.29
s_0472,1188,163,b-rag,1,6835,1,42.91
s_0473,427,25,b-rag,1,5113,1,81.42
s_0474,1121,35,b-rag,1,12446,1,74.14
s_0475,482,24,b-rag,1,4305,1,46.14
s_0476,1349,41,b-rag,1,7841,1,67.06
s_0477,2136,100,b-rag,1,9177,1,79.58
s_0478,193,9,b-rag,1,12580,1,69.97
s_0479,271,18,b-rag,1,10436,1,50.08
s_0480,251,14,b-rag,1,11370,1,51.86
s_0481,1936,108,b-rag,1,8077,0,
s_0482,547,30,b-rag,1,8600,0,
s_0483,1450,88,b-rag,1,10697,1,86.70
s_0484,783,34,b-rag,1,12553,1,89.59
s_0485,354,24,b-rag,1,8515,1,74.22
s_0486,481,26,b-rag,1,4794,1,84.53
s_0487,5186,208,b-rag,1,8847,0,
s_0488,768,43,b-rag,1,6268,0,
s_0489,1296,67,b-rag,1,6704,0,
s_0490,988,48,b-rag,1,9114,1,62.48
s_0491,182,12,b-rag,1,12167,1,71.34
s_0492,10245,238,b-rag,1,7324,0,
s_0493,4482,154,b-rag,1,8710,1,59.02
s_0494,1583,70,b-rag,1,7793,1,62.22
s_0495,816,45,b-rag,1,8897,1,62.77
s_0496,594,44,b-rag,1,10890,1,66.11
s_0497,1433,94,b-rag,1,10020,1,67.11
s_0498,323,22,b-rag,1,13231,1,79.45
s_0499,525,36,b-rag,1,11105,1,65.37
s_0500,5347,315,b-rag,1,9824,1,55.33
s_0501,1472,67,b-rag,1,9975,1,53.84
s_0502,1878,72,b-rag,1,7332,0,
s_0503,258,18,b-rag,1,5852,1,50.99
s_0504,1178,62,b-rag,1,9454,1,61.58
s_0505,450,22,b-rag,1,7868,0,
s_0506,1755,112,b-rag,1,8856,0,
s_0507,487,17,b-rag,1,4137,1,88.63
s_0508,4303,181,b-rag,1,7740,0,
s_0509,836,36,b-rag,1,5480,1,70.17
s_0510,3077,107,b-rag,1,6195,0,
s_0511,240,11,b-rag,1,7671,1,63.88
s_0512,924,62,b-rag,1,9907,0,
s_0513,936,59,b-rag,1,6887,0,
s_0514,2253,87,b-rag,1,6899,1,64.27
s_0515,2167,87,b-rag,1,17785,0,
s_0516,3806,145,b-rag,1,5546,0,
s_0517,275,17,b-rag,1,8131,1,51.99
s_0518,408,19,b-rag,1,9197,1,76.37
s_0519,316,23,b-rag,1,8213,0,
s_0520,440,29,b-rag,1,8885,0,
s_0521,909,45,b-rag,1,7822,1,76.00
s_0522,900,63,b-rag,1,8528,1,86.33
s_0523,1092,57,b-rag,1,11607,0,
s_0524,328,17,b-rag,1,14941,1,64.83
s_0525,486,21,b-rag,1,8972,1,67.50
s_0526,1359,75,b-rag,1,10908,0,
s_0527,1087,34,b-rag,1,7032,1,70.88
s_0528,613,19,b-rag,1,11625,1,67.99
s_0529,1374,75,b-rag,1,8626,1,68.67
s_0530,534,24,b-rag,1,10245,1,68.05
s_0531,2548,141,b-rag,1,6787,0,
s_0532,176,15,b-rag,1,6715,1,78.26
s_0533,253,20,b-rag,1,7372,1,91.94
s_0534,550,49,b-rag,1,6112,1,82.24
s_0535,1466,77,b-rag,1,15154,1,54.08
s_0536,1604,97,b-rag,1,9333,1,47.32
s_0537,343,12,b-rag,1,10826,1,70.44
s_0538,1367,78,b-rag,1,8206,1,61.98
s_0539,824,40,b-rag,1,8468,1,62.06
s_0540,1040,50,b-rag,1,11053,1,63.95
s_0541,1470,49,b-rag,1,12381,1,76.65
s_0542,941,72,b-rag,1,5823,1,68.54
s_0543,301,21,b-rag,1,9334,1,75.90
s_0544,448,41,b-rag,1,6087,1,76.25
s_0545,975,50,b-rag,1,7572,1,73.58
s_0546,881,35,b-rag,1,12331,0,
s_0547,424,19,b-rag,1,11782,1,59.81
s_0548,2761,100,b-rag,1,12257,1,77.30
s_0549,820,39,b-rag,1,6603,0,
s_0550,611,38,b-rag,1,7212,1,44.83
s_0551,374,21,b-rag,1,14287,1,63.63
s_0552,915,29,b-rag,1,13178,1,42.82
s_0553,804,56,b-rag,1,9565,1,66.20
s_0554,1460,79,b-rag,1,8567,1,46.81
s_0555,3137,160,b-rag,1,6655,1,70.23
s_0556,223,17,b-rag,1,9048,1,76.24
s_0557,1057,46,b-rag,1,3834,0,
s_0558,1455,84,b-rag,1,13116,1,55.75
s_0559,499,64,b-rag,1,5834,1,89.74
s_0560,762,42,b-rag,1,13280,0,
s_0561,682,38,b-rag,1,18246,1,87.40
s_0562,1283,35,b-rag,1,6390,0,
s_0563,806,35,b-rag,1,8886,1,69.79
s_0564,367,18,b-rag,1,10064,1,73.99
s_0565,211,16,b-rag,1,9870,1,60.72
s_0566,1112,54,b-rag,1,5361,0,
s_0567,473,18,b-rag,1,21609,1,94.13
s_0568,535,31,b-rag,1,4897,1,81.49
s_0569,275,18,b-rag,1,12215,0,
s_0570,3447,155,b-rag,1,9899,1,67.54
s_0571,799,43,b-rag,1,6313,1,56.42
s_0572,577,51,b-rag,1,11896,1,81.81
s_0573,681,32,b-rag,1,9198,0,
s_0574,353,18,b-rag,1,13480,1,63.06
s_0575,1072,40,b-rag,1,8469,0,
s_0576,403,20,b-rag,1,15857,1,73.98
s_0577,512,33,b-rag,1,7881,1,71.04
s_0578,706,44,b-rag,1,8178,1,52.58
s_0579,339,22,b-rag,1,7631,1,73.67
s_0580,779,46,b-rag,1,5807,1,61.12
s_0581,2263,97,b-rag,1,12427,0,
s_0582,1126,47,b-rag,1,9126,0,
s_0583,674,26,b-rag,1,5987,1,60.26
s_0584,913,64,b-rag,1,13276,0,
s_0585,878,83,b-rag,1,7473,0,
s_0586,1362,63,b-rag,1,10621,1,80.12
s_0587,836,62,b-rag,1,7838,1,73.63
s_0588,711,29,b-rag,1,9151,1,76.45
s_0589,3380,169,b-rag,1,9533,1,69.39
s_0590,307,18,b-rag,1,13252,1,88.00
s_0591,3662,98,b-rag,1,7102,1,55.00
s_0592,5853,157,b-rag,1,11385,1,60.54
s_0593,2214,89,b-rag,1,8581,1,78.20
s_0594,473,20,b-rag,1,8477,1,74.50
s_0595,1137,61,b-rag,1,6349,1,75.66
s_0596,299,18,b-rag,1,15286,1,85.84
s_0597,405,37,b-rag,1,10105,1,59.29
s_0598,1070,28,b-rag,1,6337,1,66.73
s_0599,246,13,b-rag,1,10713,0,
s_0600,556,41,b-rag,1,15854,1,67.82
s_0601,676,21,b-rag,1,8995,0,
s_0602,56,7,b-rag,1,14951,1,76.57
s_0603,1758,87,b-rag,1,8926,1,40.67
s_0604,747,52,b-rag,1,4944,1,61.35
s_0605,2990,74,b-rag,1,13078,0,
s_0606,476,24,b-rag,1,15302,1,65.67
s_0607,529,22,b-rag,1,5850,1,69.80
s_0608,3787,196,b-rag,1,6170,1,62.09
s_0609,265,13,b-rag,1,5561,0,
s_0610,460,37,b-rag,1,7883,1,62.81
s_0611,1935,57,b-rag,1,11136,1,55.92
s_0612,980,41,b-rag,1,9913,1,62.54
s_0613,1771,100,b-rag,1,8492,0,
s_0614,667,34,b-rag,1,8012,1,66.07
s_0615,902,62,b-rag,1,9467,1,67.80
s_0616,493,22,b-rag,1,7768,1,86.51
s_0617,1018,72,b-rag,1,13158,1,41.42
s_0618,374,18,b-rag,1,16074,1,77.14
s_0619,1272,48,b-rag,1,8168,0,
s_0620,841,48,b-rag,1,12982,1,66.94
s_0621,277,22,b-rag,1,5432,1,68.60
s_0622,1115,53,b-rag,1,9499,1,71.07
s_0623,260,12,b-rag,1,4939,1,89.17
s_0624,691,33,b-rag,1,9592,1,85.96
s_0625,406,18,b-rag,1,10165,1,69.20
s_0626,282,14,b-rag,1,9341,1,89.03
s_0627,896,49,b-rag,1,8331,1,70.60
s_0628,301,10,b-rag,1,10975,1,52.21
s_0629,1821,122,b-rag,1,10205,0,
s_0630,1002,60,b-rag,1,7217,1,65.53
s_0631,615,66,b-rag,1,6860,0,
s_0632,856,49,b-rag,1,11496,1,65.09
s_0633,305,16,b-rag,1,7271,1,61.49
s_0634,881,35,b-rag,1,8869,0,
s_0635,1284,87,b-rag,1,12869,1,61.14
s_0636,1468,34,b-rag,1,12916,1,55.78
s_0637,188,8,b-rag,1,9938,0,
s_0638,819,30,b-rag,1,14739,1,80.23
s_0639,399,11,b-rag,1,9097,1,74.91
s_0640,644,36,b-rag,1,8891,1,71.73
s_0641,2028,77,b-rag,1,12204,1,48.93
s_0642,2032,91,b-rag,1,10981,1,71.81
s_0643,2342,106,b-rag,1,8786,0,
s_0644,613,27,b-rag,1,14896,1,88.29
s_0645,388,18,b-rag,1,12194,1,41.50
s_0646,998,63,b-rag,1,7950,1,52.52
s_0647,1769,55,b-rag,1,12543,1,68.27
s_0648,630,49,b-rag,1,10756,1,91.64
s_0649,1378,41,b-rag,1,10813,0,
s_0650,4111,161,b-rag,1,4781,1,63.02
s_0651,642,45,b-rag,1,8460,1,56.30
s_0652,1268,42,b-rag,1,6905,1,87.94
s_0653,434,17,b-rag,1,4854,1,86.77
s_0654,983,110,b-rag,1,6620,1,59.96
s_0655,253,27,b-rag,1,8505,1,91.86
s_0656,3275,154,b-rag,1,3897,1,40.18
s_0657,852,38,b-rag,1,8742,1,55.32
s_0658,7467,157,b-rag,1,7681,0,
s_0659,373,12,b-rag,1,6950,1,73.63
s_0660,1059,71,b-rag,1,10647,0,
s_0661,509,38,b-rag,1,6946,0,
s_0662,951,35,b-rag,1,11011,1,57.60
s_0663,542,18,b-rag,1,14842,1,75.62
s_0664,361,24,b-rag,1,7190,1,68.20
s_0665,322,20,b-rag,1,10349,1,44.83
s_0666,1113,62,b-rag,1,12649,1,66.73
s_0667,1053,51,b-rag,1,7311,1,57.21
s_0668,783,67,b-rag,1,8743,1,59.89
s_0669,1651,80,b-rag,1,9253,0,
s_0670,735,64,b-rag,1,12262,1,81.79
s_0671,2044,69,b-rag,1,15049,0,
s_0672,192,8,b-rag,1,6450,1,69.09
s_0673,458,19,b-rag,1,9366,1,47.86
s_0674,1325,82,b-rag,1,10147,1,56.36
s_0675,1166,52,b-rag,1,8866,1,60.66
s_0676,300,23,b-rag,1,13357,1,72.58
s_0677,2441,148,b-rag,1,11737,1,72.84
s_0678,251,15,b-rag,1,13376,1,68.69
s_0679,185,7,b-rag,1,4849,0,
s_0680,844,55,b-rag,1,17757,1,63.53
s_0681,2127,168,b-rag,1,15160,1,59.68
s_0682,497,20,b-rag,1,7223,0,
s_0683,438,25,b-rag,1,10609,1,100.00
s_0684,341,37,b-rag,1,14775,1,55.79
s_0685,50,2,b-rag,1,4604,1,71.45
s_0686,1471,70,b-rag,1,10457,1,52.56
s_0687,586,32,b-rag,1,10086,0,
s_0688,795,53,b-rag,1,5639,0,
s_0689,1610,71,b-rag,1,7481,0,
s_0690,1792,85,b-rag,1,15820,1,66.76
s_0691,782,39,b-rag,1,9944,0,
s_0692,1584,92,b-rag,1,8663,0,
s_0693,423,17,b-rag,1,9167,0,
s_0694,1863,80,b-rag,1,9884,1,69.98
s_0695,766,38,b-rag,1,10808,1,47.30
s_0696,192,13,b-rag,1,7821,1,84.68
s_0697,1742,86,b-rag,1,8735,0,
s_0698,444,15,b-rag,1,6950,1,52.14
s_0699,1492,61,b-rag,1,7934,1,69.53
s_0700,2782,106,b-rag,1,9762,0,
s_0701,1209,53,b-rag,1,6754,1,84.22
s_0702,650,64,b-rag,1,9477,1,59.16
s_0703,249,17,b-rag,1,9426,1,48.11
s_0704,626,27,b-rag,1,5876,0,
s_0705,1029,53,b-rag,1,12479,1,55.08
s_0706,1097,58,b-rag,1,13787,1,44.14
s_0707,1017,43,b-rag,1,7731,1,73.02
s_0708,1013,64,b-rag,1,11411,1,75.90
s_0709,673,34,b-rag,1,12364,1,47.51
s_0710,369,17,b-rag,1,5046,1,70.60
s_0711,624,27,b-rag,1,5830,1,58.13
s_0712,456,27,b-rag,1,6872,0,
s_0713,1241,86,b-rag,1,10398,1,53.91
s_0714,783,42,b-rag,1,8965,1,76.95
s_0715,364,13,b-rag,1,8561,1,74.49
s_0716,201,11,b-rag,1,4172,1,60.29
s_0717,461,26,b-rag,1,8229,1,74.87
s_0718,1353,44,b-rag,1,8578,0,
s_0719,2096,122,b-rag,1,12100,1,61.54
s_0720,854,27,b-rag,1,8152,1,61.71
s_0721,345,15,b-rag,1,7442,1,79.20
s_0722,784,48,b-rag,1,13626,1,58.16
s_0723,2476,95,b-rag,1,12549,1,77.77
s_0724,144,15,b-rag,1,11973,1,68.00
s_0725,3309,107,b-rag,1,11964,1,33.82
s_0726,202,22,b-rag,1,10597,1,72.89
s_0727,164,13,b-rag,1,15822,1,84.49
s_0728,1583,68,b-rag,1,10017,1,59.86
s_0729,430,20,b-rag,1,7158,1,65.21
s_0730,383,27,b-rag,1,10102,1,66.32
s_0731,894,29,b-rag,1,11916,0,
s_0732,390,23,b-rag,1,11303,1,92.08
s_0733,504,38,b-rag,1,15652,1,69.92
s_0734,151,7,b-rag,1,8092,1,68.46
s_0735,744,53,b-rag,1,11284,0,
s_0736,439,33,b-rag,1,7007,1,60.22
s_0737,449,40,b-rag,1,9275,1,71.54
s_0738,139,13,b-rag,1,5225,1,50.78
s_0739,1462,81,b-rag,1,7836,1,63.15
s_0740,801,67,b-rag,1,5592,1,55.90
s_0741,328,13,b-rag,1,11835,1,61.09
s_0742,1313,81,b-rag,1,10571,1,52.93
s_0743,517,28,b-rag,1,9209,1,80.34
s_0744,467,23,b-rag,1,9459,1,68.40
s_0745,244,20,b-rag,1,12395,1,80.82
s_0746,624,27,b-rag,1,14987,1,70.74
s_0747,4527,204,b-rag,1,7639,1,73.54
s_0748,516,23,b-rag,1,7233,0,
s_0749,485,24,b-rag,1,8140,0,
s_0750,743,45,b-rag,1,9840,1,59.00
s_0751,1642,69,b-rag,1,7136,0,
s_0752,2658,110,b-rag,1,8526,0,
s_0753,213,27,b-rag,1,18540,1,70.24
s_0754,633,41,b-rag,1,10896,0,
s_0755,212,16,b-rag,1,8663,0,
s_0756,2156,87,b-rag,1,9197,0,
s_0757,2491,99,b-rag,1,7672,1,67.33
s_0758,1970,96,b-rag,1,11885,1,61.69
s_0759,777,19,b-rag,1,7108,0,
s_0760,4843,180,b-rag,1,11579,1,66.97
s_0761,1681,109,b-rag,1,6597,0,
s_0762,1607,71,b-rag,1,16054,1,79.64
s_0763,1847,96,b-rag,1,11913,1,68.02
s_0764,1934,80,b-rag,1,7421,0,
s_0765,1792,121,b-rag,1,10397,1,75.89
s_0766,3228,221,b-rag,1,8204,1,68.36
s_0767,321,22,b-rag,1,5230,1,68.72
s_0768,1491,87,b-rag,1,5615,1,69.31
s_0769,255,16,b-rag,1,8424,1,68.42
s_0770,1917,148,b-rag,1,11735,0,
s_0771,9797,219,b-rag,1,7858,0,
s_0772,1150,61,b-rag,1,9862,1,69.95
s_0773,888,55,b-rag,1,8356,1,79.70
s_0774,2183,106,b-rag,1,15674,1,80.15
s_0775,1228,76,b-rag,1,5826,1,67.78
s_0776,305,22,b-rag,1,8515,1,87.19
s_0777,357,24,b-rag,1,9281,1,56.74
s_0778,166,8,b-rag,1,10979,1,71.19
s_0779,2053,58,b-rag,1,9367,1,61.35
s_0780,2124,130,b-rag,1,13543,1,63.39
s_0781,440,18,b-rag,1,6375,1,75.26
s_0782,217,22,b-rag,1,12537,1,73.84
s_0783,176,8,b-rag,1,5687,1,66.54
s_0784,965,81,b-rag,1,6888,1,79.37
s_0785,200,13,b-rag,1,7257,1,87.92
s_0786,301,19,b-rag,1,11965,1,74.64
s_0787,1732,68,b-rag,1,9817,1,72.52
s_0788,1656,41,b-rag,1,8369,0,
s_0789,4169,154,b-rag,1,9756,0,
s_0790,541,28,b-rag,1,8249,1,77.98
s_0791,2176,112,b-rag,1,10479,1,49.87
s_0792,2726,149,b-rag,1,11172,0,
s_0793,306,19,b-rag,1,5657,1,61.94
s_0794,315,15,b-rag,1,11881,0,
s_0795,390,36,b-rag,1,6560,0,
s_0796,1220,81,b-rag,1,12709,1,66.66
s_0797,4087,202,b-rag,1,8408,1,61.67
s_0798,805,48,b-rag,1,7284,1,56.77
s_0799,2121,87,b-rag,1,11989,1,72.46
s_0800,257,12,b-rag,1,5858,1,83.70
s_0801,949,34,b-rag,1,13125,0,
s_0802,537,37,b-rag,1,10715,1,76.43
s_0803,1083,46,b-rag,1,6065,1,63.30
s_0804,1673,76,b-rag,1,7444,1,64.48
s_0805,176,14,b-rag,1,11873,1,75.29
s_0806,832,58,b-rag,1,9587,1,68.82
s_0807,741,55,b-rag,1,8912,1,74.92
s_0808,548,28,b-rag,1,9280,1,73.78
s_0809,214,15,b-rag,1,6133,1,74.27
s_0810,1206,55,b-rag,1,6968,0,
s_0811,730,41,b-rag,1,4369,1,73.99
s_0812,2408,164,b-rag,1,10498,0,
s_0813,656,38,b-rag,1,5649,1,78.10
s_0814,630,39,b-rag,1,16347,1,62.33
s_0815,1265,79,b-rag,1,10412,1,58.26
s_0816,356,24,b-rag,1,7082,1,74.47
s_0817,2219,85,b-rag,1,12789,1,80.39
s_0818,186,15,b-rag,1,16649,1,90.96
s_0819,924,75,b-rag,1,9127,0,
s_0820,849,30,b-rag,1,8394,1,45.76
s_0821,524,34,b-rag,1,7731,1,71.81
s_0822,493,24,b-rag,1,12830,1,52.26
s_0823,319,13,b-rag,1,10075,0,
s_0824,1798,94,b-rag,1,9811,1,52.91
s_0825,2398,79,b-rag,1,5422,0,
s_0826,255,23,b-rag,1,6466,1,68.18
s_0827,1353,45,b-rag,1,10080,0,
s_0828,299,19,b-rag,1,9412,1,63.83
s_0829,1418,82,b-rag,1,5176,1,87.49
s_0830,711,28,b-rag,1,5893,1,64.91
s_0831,940,45,b-rag,1,9723,1,79.57
s_0832,1331,80,b-rag,1,6354,1,78.52
s_0833,340,15,b-rag,1,13460,1,72.07
s_0834,776,40,b-rag,1,8683,1,67.64
s_0835,1074,54,b-rag,1,9234,0,
s_0836,1409,135,b-rag,1,6540,1,68.11
s_0837,426,30,b-rag,1,8155,1,93.51
s_0838,2777,124,b-rag,1,10049,0,
s_0839,1265,56,b-rag,1,7606,0,
s_0840,2980,98,b-rag,1,13108,1,36.23
s_0841,460,30,b-rag,1,9427,1,64.93
s_0842,1354,52,b-rag,1,10460,0,
s_0843,1186,62,b-rag,1,13104,1,78.24
s_0844,776,54,b-rag,1,13638,1,51.03
s_0845,1790,83,b-rag,1,6223,1,59.81
s_0846,1156,86,b-rag,1,6059,1,74.56
s_0847,754,26,b-rag,1,7748,0,
s_0848,1461,105,b-rag,1,7033,1,52.84
s_0849,1364,67,b-rag,1,7828,0,
s_0850,580,53,b-rag,1,12197,0,
s_0851,316,16,b-rag,1,12301,1,100.00
s_0852,1208,102,b-rag,1,12129,1,63.67
s_0853,1149,78,b-rag,1,6780,1,67.10
s_0854,634,17,b-rag,1,7294,0,
s_0855,6251,161,b-rag,1,9347,0,
s_0856,380,32,b-rag,1,5324,1,67.60
s_0857,654,35,b-rag,1,13211,1,86.20
s_0858,737,46,b-rag,1,9950,1,75.54
s_0859,798,37,b-rag,1,14773,0,
s_0860,600,38,b-rag,1,6608,1,55.08
s_0861,1215,41,b-rag,1,5897,0,
s_0862,328,21,b-rag,1,8420,1,69.15
s_0863,553,33,b-rag,1,6796,1,99.93
s_0864,418,21,b-rag,1,8847,0,
s_0865,276,26,b-rag,1,9608,1,92.01
s_0866,387,16,b-rag,1,8257,1,62.12
s_0867,927,54,b-rag,1,8911,1,61.47
s_0868,392,18,b-rag,1,7627,0,
s_0869,1367,52,b-rag,1,6057,1,60.22
s_0870,262,19,b-rag,1,7525,1,73.28
s_0871,743,28,b-rag,1,14248,1,55.02
s_0872,1142,49,b-rag,1,12783,0,
s_0873,1589,64,b-rag,1,7925,0,
s_0874,1628,105,b-rag,1,12673,1,38.69
s_0875,1350,59,b-rag,1,8569,1,50.60
s_0876,1150,79,b-rag,1,10025,1,70.20
s_0877,219,13,b-rag,1,9286,0,
s_0878,304,16,b-rag,1,9943,1,72.06
s_0879,239,15,b-rag,1,15733,1,65.73
s_0880,737,36,b-rag,1,8093,1,71.04
s_0881,3372,97,b-rag,1,10558,0,
s_0882,1832,129,b-rag,1,8303,0,
s_0883,1270,76,b-rag,1,6159,0,
s_0884,3232,233,b-rag,1,10181,0,
s_0885,415,27,b-rag,1,8313,1,84.85
s_0886,2486,107,b-rag,1,5883,1,64.85
s_0887,1933,80,b-rag,1,7181,0,
s_0888,765,56,b-rag,1,6721,1,89.36
s_0889,601,24,b-rag,1,9894,1,67.59
s_0890,145,10,b-rag,1,8022,1,72.80
s_0891,621,33,b-rag,1,6701,1,52.41
s_0892,198,13,b-rag,1,7313,1,79.77
s_0893,1011,26,b-rag,1,8742,1,64.87
s_0894,991,45,b-rag,1,10512,1,71.48
s_0895,2576,223,b-rag,1,9735,1,71.51
s_0896,211,16,b-rag,1,6843,1,85.77
s_0897,1485,50,b-rag,1,14437,1,65.09
s_0898,839,39,b-rag,1,12063,0,
s_0899,731,36,b-rag,1,8530,1,61.53
s_0900,1200,57,b-rag,1,6317,1,71.69
s_0901,590,34,b-rag,1,9421,1,65.49
s_0902,557,23,b-rag,1,6547,1,64.04
s_0903,576,40,b-rag,1,5284,0,
s_0904,733,57,b-rag,1,8154,1,44.66
s_0905,1337,103,b-rag,1,14408,0,
s_0906,251,10,b-rag,1,6940,1,90.40
s_0907,1362,105,b-rag,1,6973,1,51.92
s_0908,256,11,b-rag,1,11308,1,54.78
s_0909,4329,194,b-rag,1,13292,1,74.43
s_0910,1241,36,b-rag,1,9086,1,67.95
s_0911,173,11,b-rag,1,10095,1,93.54
s_0912,455,34,b-rag,1,5770,1,45.17
s_0913,1403,49,b-rag,1,10950,1,56.85
s_0914,107,5,b-rag,1,10237,1,57.33
s_0915,1549,70,b-rag,1,13512,0,
s_0916,801,16,b-rag,1,9330,1,61.79
s_0917,1126,38,b-rag,1,8545,1,74.73
s_0918,162,12,b-rag,1,8243,1,72.71
s_0919,2509,264,b-rag,1,12972,0,
s_0920,2052,72,b-rag,1,17061,1,73.32
s_0921,1551,56,b-rag,1,10729,0,
s_0922,381,30,b-rag,1,11508,1,78.75
s_0923,2061,123,b-rag,1,23944,1,40.62
s_0924,723,38,b-rag,1,7226,0,
s_0925,599,35,b-rag,1,6836,1,61.23
s_0926,2291,141,b-rag,1,9658,0,
s_0927,333,16,b-rag,1,3611,1,59.02
s_0928,1329,52,b-rag,1,8769,1,62.14
s_0929,319,23,b-rag,1,9812,1,71.71
s_0930,226,11,b-rag,1,7013,1,84.00
s_0931,362,17,b-rag,1,12728,1,82.51
s_0932,175,15,b-rag,1,12080,1,72.14
s_0933,3827,191,b-rag,1,6403,1,50.46
s_0934,2386,68,b-rag,1,8810,1,79.19
s_0935,413,24,b-rag,1,6426,1,62.49
s_0936,1065,59,b-rag,1,6482,1,69.08
s_0937,448,18,b-rag,1,9735,1,64.47
s_0938,316,33,b-rag,1,14095,1,82.96
s_0939,1790,70,b-rag,1,13749,1,45.02
s_0940,430,32,b-rag,1,7570,1,78.99
s_0941,1032,49,b-rag,1,9417,1,66.48
s_0942,334,26,b-rag,1,12482,0,
s_0943,285,14,b-rag,1,6711,1,89.80
s_0944,1052,72,b-rag,1,7604,1,71.14
s_0945,726,31,b-rag,1,8618,0,
s_0946,2319,180,b-rag,1,10025,1,62.21
s_0947,1472,77,b-rag,1,5864,1,66.06
s_0948,125,14,b-rag,1,8896,1,59.24
s_0949,998,57,b-rag,1,8308,1,67.06
s_0950,1386,76,b-rag,1,7030,1,50.47
s_0951,501,27,b-rag,1,18813,1,65.41
s_0952,4130,190,b-rag,1,5376,1,57.55
s_0953,2057,72,b-rag,1,9390,0,
s_0954,128,6,b-rag,1,9430,1,72.97
s_0955,435,16,b-rag,1,12046,1,71.39
s_0956,6669,414,b-rag,1,7306,1,71.11
s_0957,340,18,b-rag,1,8191,1,60.37
s_0958,1394,73,b-rag,1,4206,1,68.27
s_0959,1031,83,b-rag,1,8845,1,61.85
s_0960,2383,89,b-rag,1,6974,1,55.74
s_0961,3857,216,b-rag,1,9510,0,
s_0962,533,21,b-rag,1,7620,1,82.34
s_0963,451,34,b-rag,1,13608,1,55.45
s_0964,467,21,b-rag,1,5376,1,63.03
s_0965,405,22,b-rag,1,14180,1,70.30
s_0966,678,34,b-rag,1,7809,1,84.19
s_0967,486,19,b-rag,1,11721,1,80.35
s_0968,1378,86,b-rag,1,16100,1,80.24
s_0969,726,55,b-rag,1,6199,1,60.82
s_0970,666,33,b-rag,1,11673,0,
s_0971,952,77,b-rag,1,6260,0,
s_0972,4478,214,b-rag,1,8659,0,
s_0973,467,21,b-rag,1,16623,1,72.61
s_0974,670,18,b-rag,1,5828,1,66.37
s_0975,691,36,b-rag,1,12704,1,61.18
s_0976,473,27,b-rag,1,9232,1,76.85
s_0977,1077,65,b-rag,1,11081,1,76.92
s_0978,5442,266,b-rag,1,12689,0,
s_0979,718,40,b-rag,1,12899,1,67.87
s_0980,553,24,b-rag,1,7488,1,86.26
s_0981,1598,82,b-rag,1,9708,0,
s_0982,351,19,b-rag,1,11432,1,73.88
s_0983,294,31,b-rag,1,12408,1,68.64
s_0984,1397,61,b-rag,1,7407,0,
s_0985,478,39,b-rag,1,11121,1,54.03
s_0986,1004,61,b-rag,1,8043,0,
s_0987,1677,103,b-rag,1,6849,1,47.41
s_0988,1037,55,b-rag,1,7815,0,
s_0989,280,24,b-rag,1,10435,1,54.79
s_0990,11209,428,b-rag,1,6599,1,59.18
s_0991,293,9,b-rag,1,11683,1,55.12
s_0992,375,24,b-rag,1,9428,1,74.09
s_0993,117,9,b-rag,1,16450,1,41.03
s_0994,627,27,b-rag,1,7175,1,68.00
s_0995,1624,101,b-rag,1,4924,0,
s_0996,626,30,b-rag,1,6771,0,
s_0997,751,44,b-rag,1,7890,1,68.98
s_0998,2153,60,b-rag,1,9498,0,
s_0999,364,19,b-rag,1,7039,1,72.66
s_1000,891,54,b-rag,1,10277,1,43.86
s_1001,1773,58,b-rag,1,7119,0,
s_1002,1238,51,b-rag,1,7662,1,84.49
s_1003,1107,73,b-rag,1,6974,0,
s_1004,1174,39,b-rag,1,6169,1,47.15
s_1005,5354,223,b-rag,1,9239,1,65.40
s_1006,188,10,b-rag,1,8653,1,71.47
s_1007,878,29,b-rag,1,10331,0,
s_1008,500,21,b-rag,1,7845,0,
s_1009,254,10,b-rag,1,5019,1,70.33
s_1010,1768,100,b-rag,1,14730,0,
s_1011,2188,81,b-rag,1,7791,0,
s_1012,1290,93,b-rag,1,9082,0,
s_1013,469,18,b-rag,1,7719,0,
s_1014,2738,63,b-rag,1,7422,0,
s_1015,2601,90,b-rag,1,7496,0,
s_1016,868,46,b-rag,1,10746,1,71.92
s_1017,178,19,b-rag,1,7838,0,
s_1018,1453,139,b-rag,1,5241,1,44.85
s_1019,583,20,b-rag,1,9256,1,65.13
s_1020,973,78,b-rag,1,7257,1,62.20
s_1021,3414,106,b-rag,1,9792,0,
s_1022,1846,89,b-rag,1,11003,1,63.74
s_1023,501,32,b-rag,1,9502,1,65.47
s_1024,1378,79,b-rag,1,13166,1,76.94
s_1025,462,23,b-rag,1,11740,1,57.85
s_1026,1710,78,b-rag,1,8760,0,
s_1027,321,19,b-rag,1,15258,1,74.55
s_1028,592,40,b-rag,1,8610,1,72.53
s_1029,1309,67,b-rag,1,7758,1,53.41
s_1030,154,12,b-rag,1,10618,1,77.95
s_1031,2548,96,b-rag,1,8204,1,54.69
s_1032,392,37,b-rag,1,5157,1,69.90
s_1033,634,32,b-rag,1,4624,0,
s_1034,269,10,b-rag,1,14456,1,69.93
s_1035,625,31,b-rag,1,14537,0,
s_1036,739,55,b-rag,1,8205,1,41.05
s_1037,822,30,b-rag,1,14075,1,72.35
s_1038,1116,59,b-rag,1,17930,0,
s_1039,1682,100,b-rag,1,10673,1,73.16
s_1040,366,14,b-rag,1,4624,1,93.08
s_1041,676,37,b-rag,1,12320,1,65.65
s_1042,855,30,b-rag,1,8763,1,86.05
s_1043,1126,46,b-rag,1,10635,1,46.85
s_1044,829,37,b-rag,1,7866,1,78.11
s_1045,583,19,b-rag,1,11526,1,70.65
s_1046,999,71,b-rag,1,9505,0,
s_1047,959,70,b-rag,1,7772,0,
s_1048,2291,88,b-rag,1,9390,0,
s_1049,1032,53,b-rag,1,5160,1,72.01
s_1050,4199,140,b-rag,1,6994,1,57.83
s_1051,5361,313,b-rag,1,6205,1,53.43
s_1052,867,53,b-rag,1,7730,1,71.17
s_1053,7258,238,b-rag,1,7688,0,
s_1054,347,35,b-rag,1,6344,1,85.68
s_1055,584,43,b-rag,1,7716,1,48.16
s_1056,361,21,b-rag,1,3141,1,70.90
s_1057,213,26,b-rag,1,12483,1,57.40
s_1058,1684,123,b-rag,1,5427,1,80.65
s_1059,463,21,b-rag,1,9706,1,57.12
s_1060,1518,42,b-rag,1,8022,1,58.89
s_1061,480,33,b-rag,1,4605,1,62.20
s_1062,2710,67,b-rag,1,4621,0,
s_1063,859,59,b-rag,1,10258,0,
s_1064,1353,75,b-rag,1,13274,0,
s_1065,322,27,b-rag,1,8215,1,94.45
s_1066,1394,54,b-rag,1,11093,1,54.25
s_1067,1697,104,b-rag,1,5636,0,
s_1068,516,37,b-rag,1,7430,1,66.98
s_1069,1035,50,b-rag,1,7179,0,
s_1070,3445,114,b-rag,1,10486,0,
s_1071,625,38,b-rag,1,8900,0,
s_1072,520,23,b-rag,1,7466,0,
s_1073,633,53,b-rag,1,7269,1,66.02
s_1074,1160,83,b-rag,1,8957,1,85.43
s_1075,2843,92,b-rag,1,5297,0,
s_1076,151,16,b-rag,1,10454,0,
s_1077,2453,91,b-rag,1,8907,1,60.89
s_1078,329,28,b-rag,1,9305,1,77.18
s_1079,778,52,b-rag,1,8396,1,90.13
s_1080,1091,56,b-rag,1,8442,1,65.54
s_1081,1564,108,b-rag,1,14214,0,
s_1082,488,29,b-rag,1,5193,1,74.44
s_1083,4979,153,b-rag,1,8174,1,49.42
s_1084,4259,160,b-rag,1,7306,0,
s_1085,592,39,b-rag,1,9422,0,
s_1086,3803,175,b-rag,1,7686,0,
s_1087,1093,45,b-rag,1,9341,1,51.29
s_1088,313,17,b-rag,1,11976,1,49.10
s_1089,122,13,b-rag,1,11190,1,70.13
s_1090,644,26,b-rag,1,12189,0,
s_1091,313,22,b-rag,1,9537,1,71.86
s_1092,500,24,b-rag,1,12285,1,74.83
s_1093,5210,226,b-rag,1,8196,0,
s_1094,640,42,b-rag,1,7464,1,81.35
s_1095,1159,51,b-rag,1,8919,1,59.05
s_1096,3248,118,b-rag,1,16080,0,
s_1097,199,8,b-rag,1,9336,1,70.16
s_1098,254,12,b-rag,1,14368,1,80.58
s_1099,961,43,b-rag,1,9076,1,65.07
s_1100,930,48,b-rag,1,13208,0,
s_1101,70,6,b-rag,1,7906,1,71.73
s_1102,1230,61,b-rag,1,7700,1,49.61
s_1103,615,28,b-rag,1,5514,1,62.06
s_1104,1315,44,b-rag,1,10199,1,71.66
s_1105,1061,50,b-rag,1,6907,1,78.44
s_1106,765,46,b-rag,1,10819,1,61.30
s_1107,1253,51,b-rag,1,8092,1,62.43
s_1108,621,21,b-rag,1,9096,1,67.16
s_1109,481,23,b-rag,1,6389,1,77.72
s_1110,677,39,b-rag,1,8948,1,53.57
s_1111,1213,65,b-rag,1,10153,1,57.03
s_1112,563,21,b-rag,1,9510,0,
s_1113,230,18,b-rag,1,8983,1,61.96
s_1114,939,40,b-rag,1,9984,1,66.47
s_1115,415,12,b-rag,1,11722,1,89.34
s_1116,301,16,b-rag,1,11320,0,
s_1117,1517,85,b-rag,1,13262,0,
s_1118,1337,76,b-rag,1,12339,1,77.59
s_1119,373,24,b-rag,1,17576,1,61.73
s_1120,1389,31,b-rag,1,9868,1,56.02
s_1121,148,8,b-rag,1,10338,1,70.05
s_1122,350,25,b-rag,1,7285,1,92.26
s_1123,504,32,b-rag,1,6701,0,
s_1124,2648,73,b-rag,1,10237,0,
s_1125,498,18,b-rag,1,6639,1,58.59
s_1126,312,19,b-rag,1,5839,1,85.74
s_1127,399,14,b-rag,1,9016,1,76.40
s_1128,1343,76,b-rag,1,8577,1,74.18
s_1129,296,17,b-rag,1,8381,0,
s_1130,4933,133,b-rag,1,9924,0,
s_1131,782,50,b-rag,1,8737,1,71.70
s_1132,2254,87,b-rag,1,3847,0,
s_1133,858,27,b-rag,1,5348,1,55.74
s_1134,453,38,b-rag,1,9570,1,71.73
s_1135,975,47,b-rag,1,12053,1,55.89
s_1136,1225,74,b-rag,1,8739,1,50.92
s_1137,1969,73,b-rag,1,13596,1,54.89
s_1138,546,20,b-rag,1,9270,0,
s_1139,811,65,b-rag,1,5110,1,80.46
s_1140,558,38,b-rag,1,11424,1,76.80
s_1141,786,43,b-rag,1,6600,1,85.77
s_1142,846,38,b-rag,1,11456,1,54.72
s_1143,1056,41,b-rag,1,8862,0,
s_1144,893,32,b-rag,1,11911,0,
s_1145,238,35,b-rag,1,8401,1,68.41
s_1146,1451,53,b-rag,1,9901,0,
s_1147,2446,132,b-rag,1,11418,0,
s_1148,1309,86,b-rag,1,16718,1,71.63
s_1149,1151,121,b-rag,1,11104,0,
s_1150,467,40,b-rag,1,9345,0,
s_1151,1141,58,b-rag,1,7684,0,
s_1152,945,71,b-rag,1,6434,1,44.58
s_1153,257,14,b-rag,1,5675,1,66.67
s_1154,1746,121,b-rag,1,12179,1,75.86
s_1155,215,10,b-rag,1,8279,1,87.46
s_1156,55,5,b-rag,1,7300,1,94.53
s_1157,1643,77,b-rag,1,12918,0,
s_1158,798,39,b-rag,1,9420,0,
s_1159,425,49,b-rag,1,9003,1,69.85
s_1160,1913,102,b-rag,1,8380,0,
s_1161,1036,62,b-rag,1,12081,1,79.44
s_1162,576,29,b-rag,1,4467,1,80.18
s_1163,1972,63,b-rag,1,7975,1,77.71
s_1164,571,45,b-rag,1,7419,1,73.15
s_1165,295,17,b-rag,1,11553,1,73.10
s_1166,496,35,b-rag,1,7511,1,50.85
s_1167,2096,101,b-rag,1,13467,1,71.89
s_1168,85,5,b-rag,1,13503,1,97.84
s_1169,572,38,b-rag,1,9760,1,56.26
s_1170,487,28,b-rag,1,5698,1,76.92
s_1171,325,21,b-rag,1,7436,1,66.14
s_1172,2115,83,b-rag,1,7413,1,64.44
s_1173,301,17,b-rag,1,11768,1,66.46
s_1174,3645,130,b-rag,1,12536,1,51.37
s_1175,2066,82,b-rag,1,17104,1,61.72
s_1176,3914,205,b-rag,1,8237,1,64.18
s_1177,2020,72,b-rag,1,7861,1,67.32
s_1178,537,24,b-rag,1,6029,1,62.58
s_1179,698,28,b-rag,1,10318,0,
s_1180,944,26,b-rag,1,8971,1,68.30
s_1181,190,20,b-rag,1,9835,1,47.91
s_1182,980,32,b-rag,1,11147,0,
s_1183,425,24,b-rag,1,4568,1,63.74
s_1184,2139,131,b-rag,1,10975,0,
s_1185,520,38,b-rag,1,9711,1,70.24
s_1186,221,14,b-rag,1,6786,1,83.49
s_1187,1320,58,b-rag,1,13805,0,
s_1188,1220,58,b-rag,1,10433,1,52.13
s_1189,651,30,b-rag,1,6703,1,75.51
s_1190,419,27,b-rag,1,14552,1,70.94
s_1191,1817,105,b-rag,1,4923,1,79.36
s_1192,786,35,b-rag,1,6708,1,81.68
s_1193,416,24,b-rag,1,7407,1,94.29
s_1194,252,15,b-rag,1,9875,1,65.53
s_1195,316,18,b-rag,1,8611,1,80.25
s_1196,386,14,b-rag,1,12557,1,60.36
s_1197,840,37,b-rag,1,7213,1,82.99
s_1198,335,20,b-rag,1,7957,1,63.86
s_1199,551,20,b-rag,1,6935,1,89.57
s_1200,911,43,b-rag,1,7701,1,68.03
s_1201,481,49,b-rag,1,5852,1,61.88
s_1202,669,31,b-rag,1,5317,0,
s_1203,3033,87,b-rag,1,8079,1,60.08
s_1204,527,25,b-rag,1,4916,0,
s_1205,281,16,b-rag,1,14048,1,60.41
s_1206,121,6,b-rag,1,5264,1,80.68
s_1207,231,12,b-rag,1,5255,1,74.99
s_1208,1612,97,b-rag,1,8590,1,60.94
s_1209,1526,65,b-rag,1,9194,1,58.33
s_1210,340,29,b-rag,1,9229,0,
s_1211,97,6,b-rag,1,11048,1,61.68
s_1212,906,35,b-rag,1,9574,1,62.03
s_1213,862,74,b-rag,1,13532,1,50.89
s_1214,390,23,b-rag,1,7487,1,58.66
s_1215,283,18,b-rag,1,7984,1,65.33
s_1216,2959,150,b-rag,1,9247,0,
s_1217,247,17,b-rag,1,9159,1,71.98
s_1218,180,14,b-rag,1,13979,1,65.78
s_1219,835,45,b-rag,1,6237,1,67.38
s_1220,1104,62,b-rag,1,6907,0,
s_1221,1770,77,b-rag,1,9053,1,61.30
s_1222,563,24,b-rag,1,9274,1,58.89
s_1223,499,18,b-rag,1,7139,1,62.25
s_1224,1816,112,b-rag,1,5669,0,
s_1225,1776,84,b-rag,1,3654,1,67.10
s_1226,1591,77,b-rag,1,16378,0,
s_1227,493,24,b-rag,1,9373,1,70.27
s_1228,738,30,b-rag,1,9291,1,70.56
s_1229,981,43,b-rag,1,9230,1,51.70
s_1230,575,25,b-rag,1,19699,1,71.56
s_1231,1358,88,b-rag,1,7886,1,82.20
s_1232,575,24,b-rag,1,14989,1,64.12
s_1233,1617,72,b-rag,1,12442,0,
s_1234,226,15,b-rag,1,3458,0,
s_1235,470,34,b-rag,1,17106,1,79.34
s_1236,1245,47,b-rag,1,13192,1,61.85
s_1237,255,33,b-rag,1,10341,1,65.84
s_1238,511,24,b-rag,1,10470,1,57.61
s_1239,1969,118,b-rag,1,6818,0,
s_1240,1491,56,b-rag,1,8565,1,69.92
s_1241,505,37,b-rag,1,17476,0,
s_1242,362,25,b-rag,1,12117,1,92.00
s_1243,1514,60,b-rag,1,10831,0,
s_1244,465,20,b-rag,1,10378,1,76.69
s_1245,749,55,b-rag,1,7007,1,61.45
s_1246,670,38,b-rag,1,8543,1,71.56
s_1247,171,12,b-rag,1,8350,1,78.90
s_1248,585,41,b-rag,1,13132,1,46.12
s_1249,803,30,b-rag,1,10653,0,
s_1250,664,39,b-rag,1,6313,0,
s_1251,652,27,b-rag,1,11524,1,69.67
s_1252,541,50,b-rag,1,10937,1,81.35
s_1253,5499,217,b-rag,1,9553,0,
s_1254,2775,141,b-rag,1,7176,1,54.33
s_1255,1074,80,b-rag,1,10126,1,53.21
s_1256,442,38,b-rag,1,16287,1,69.88
s_1257,272,17,b-rag,1,8780,1,68.31
s_1258,2470,90,b-rag,1,11040,1,74.30
s_1259,797,42,b-rag,1,10156,1,62.12
s_1260,491,29,b-rag,1,9393,1,63.54
s_1261,298,22,b-rag,1,9656,1,71.72
s_1262,313,12,b-rag,1,6236,0,
s_1263,1025,52,b-rag,1,8931,1,70.70
s_1264,42,4,b-rag,1,6038,1,92.12
s_1265,354,29,b-rag,1,6555,1,72.18
s_1266,648,39,b-rag,1,8643,1,71.86
s_1267,972,51,b-rag,1,13886,1,82.04
s_1268,1440,59,b-rag,1,6845,1,73.20
s_1269,1005,73,b-rag,1,10108,1,67.33
s_1270,392,23,b-rag,1,9004,1,80.63
s_1271,617,48,b-rag,1,9606,0,
s_1272,577,28,b-rag,1,9948,1,77.72
s_1273,324,38,b-rag,1,8817,1,64.17
s_1274,672,69,b-rag,1,21390,1,66.39
s_1275,4408,128,b-rag,1,14264,0,
s_1276,622,46,b-rag,1,8198,1,54.45
s_1277,1430,54,b-rag,1,7753,1,50.10
s_1278,2033,101,b-rag,1,5410,0,
s_1279,302,21,b-rag,1,10609,1,85.74
s_1280,947,27,b-rag,1,7192,1,65.93
s_1281,4335,202,b-rag,1,9256,0,
s_1282,678,48,b-rag,1,7970,0,
s_1283,549,23,b-rag,1,5751,1,68.68
s_1284,634,27,b-rag,1,8793,1,58.96
s_1285,947,65,b-rag,1,5885,0,
s_1286,415,26,b-rag,1,8802,1,73.94
s_1287,127,7,b-rag,1,8255,1,78.85
s_1288,264,15,b-rag,1,17476,1,74.43
s_1289,761,35,b-rag,1,4220,1,90.29
s_1290,1038,52,b-rag,1,9074,1,61.30
s_1291,961,40,b-rag,1,12837,1,56.94
s_1292,66,5,b-rag,1,3702,1,70.39
s_1293,809,44,b-rag,1,6427,0,
s_1294,948,49,b-rag,1,8494,1,75.14
s_1295,2911,115,b-rag,1,12823,1,65.75
s_1296,428,22,b-rag,1,7572,1,79.10
s_1297,381,24,b-rag,1,14721,1,72.58
s_1298,2705,65,b-rag,1,9361,0,
s_1299,886,74,b-rag,1,14387,1,59.30
s_1300,1191,77,b-rag,1,10281,0,
s_1301,463,23,b-rag,1,4312,1,75.94
s_1302,987,47,b-rag,1,5109,0,
s_1303,1152,55,b-rag,1,8638,0,
s_1304,237,17,b-rag,1,8865,1,75.68
s_1305,249,13,b-rag,1,9398,1,93.22
s_1306,1099,74,b-rag,1,11135,0,
s_1307,2037,69,b-rag,1,8007,1,84.31
s_1308,491,43,b-rag,1,12304,1,69.66
s_1309,1945,173,b-rag,1,4386,0,
s_1310,1600,49,b-rag,1,18705,0,
s_1311,1408,56,b-rag,1,7773,1,61.53
s_1312,489,26,b-rag,1,10137,1,73.32
s_1313,262,20,b-rag,1,9403,1,65.10
s_1314,232,14,b-rag,1,7937,1,57.48
s_1315,203,15,b-rag,1,11220,1,82.79
s_1316,1170,50,b-rag,1,8723,0,
s_1317,1244,56,b-rag,1,9522,1,53.11
s_1318,243,25,b-rag,1,7266,1,52.19
s_1319,1459,107,b-rag,1,9706,1,70.15
s_1320,1197,58,b-rag,1,16987,0,
s_1321,578,19,b-rag,1,12006,1,42.58
s_1322,410,23,b-rag,1,7961,1,82.69
s_1323,1330,45,b-rag,1,8947,1,93.46
s_1324,872,45,b-rag,1,17165,1,75.45
s_1325,784,63,b-rag,1,8474,1,36.68
s_1326,1251,42,b-rag,1,8233,1,70.72
s_1327,87,3,b-rag,1,15989,1,86.06
s_1328,219,8,b-rag,1,4939,0,
s_1329,304,15,b-rag,1,8614,1,81.37
s_1330,1174,46,b-rag,1,10621,1,74.87
s_1331,947,52,b-rag,1,8141,1,64.83
s_1332,1030,28,b-rag,1,9619,0,
s_1333,107,4,b-rag,1,8185,1,74.80
s_1334,156,7,b-rag,1,9428,1,72.90
s_1335,85,4,b-rag,1,8586,1,75.81
s_1336,2409,91,b-rag,1,6383,1,56.38
s_1337,1154,103,b-rag,1,7759,1,75.44
s_1338,115,13,b-rag,1,6732,1,75.63
s_1339,127,12,b-rag,1,8509,1,72.02
s_1340,148,25,b-rag,1,7792,1,58.42
s_1341,304,11,b-rag,1,9093,1,63.26
s_1342,886,39,b-rag,1,10498,1,60.12
s_1343,364,32,b-rag,1,12416,1,70.36
s_1344,1807,102,b-rag,1,11000,1,71.61
s_1345,416,21,b-rag,1,7784,1,61.49
s_1346,1332,67,b-rag,1,8540,0,
s_1347,332,30,b-rag,1,9489,1,71.46
s_1348,171,17,b-rag,1,12483,1,57.00
s_1349,579,21,b-rag,1,8841,1,76.15
s_1350,367,14,b-rag,1,9372,1,59.46
s_1351,2275,68,b-rag,1,12530,1,64.80
s_1352,1246,52,b-rag,1,13564,0,
s_1353,1015,51,b-rag,1,6053,1,61.73
s_1354,252,10,b-rag,1,10126,1,66.91
s_1355,655,30,b-rag,1,8964,1,57.00
s_1356,250,23,b-rag,1,6089,1,94.48
s_1357,780,61,b-rag,1,10622,1,74.64
s_1358,674,30,b-rag,1,8099,1,63.02
s_1359,763,35,b-rag,1,7435,1,58.64
s_1360,642,27,b-rag,1,10914,1,70.80
s_1361,254,23,b-rag,1,7559,1,65.59
s_1362,628,28,b-rag,1,6199,1,82.04
s_1363,1121,63,b-rag,1,9471,0,
s_1364,2737,117,b-rag,1,9833,1,67.90
s_1365,1207,44,b-rag,1,6365,0,
s_1366,1617,64,b-rag,1,10325,0,
s_1367,616,24,b-rag,1,5303,1,43.22
s_1368,506,22,b-rag,1,8900,1,57.33
s_1369,955,71,b-rag,1,15509,1,77.30
s_1370,865,40,b-rag,1,9571,1,63.10
s_1371,4652,229,b-rag,1,13860,0,
s_1372,698,66,b-rag,1,11515,1,68.25
s_1373,650,33,b-rag,1,6711,1,82.88
s_1374,2230,121,b-rag,1,9778,1,58.70
s_1375,1318,70,b-rag,1,13077,0,
s_1376,464,27,b-rag,1,9118,1,80.40
s_1377,808,45,b-rag,1,10274,0,
s_1378,551,16,b-rag,1,9211,1,72.42
s_1379,864,33,b-rag,1,16176,0,
s_1380,583,16,b-rag,1,5831,1,77.63
s_1381,1133,31,b-rag,1,12036,1,78.08
s_1382,1307,85,b-rag,1,11852,0,
s_1383,1151,48,b-rag,1,13736,1,68.22
s_1384,884,29,b-rag,1,7975,1,60.03
s_1385,1385,49,b-rag,1,11132,0,
s_1386,5662,404,b-rag,1,5937,0,
s_1387,369,24,b-rag,1,14547,1,67.42
s_1388,1289,60,b-rag,1,4659,1,55.07
s_1389,1340,70,b-rag,1,10265,1,56.01
s_1390,593,50,b-rag,1,12475,1,67.30
s_1391,405,22,b-rag,1,12544,1,66.68
s_1392,498,40,b-rag,1,5692,1,65.60
s_1393,950,30,b-rag,1,7786,1,72.86
s_1394,388,11,b-rag,1,10536,1,74.89
s_1395,1144,45,b-rag,1,10174,1,58.49
s_1396,857,53,b-rag,1,10306,0,
s_1397,1898,122,b-rag,1,11946,0,
s_1398,466,37,b-rag,1,11205,1,67.99
s_1399,226,19,b-rag,1,4647,1,73.94
s_1400,2306,118,b-rag,1,4018,1,54.52
s_1401,427,22,b-rag,1,10569,1,76.70
s_1402,403,22,b-rag,1,12720,1,84.62
s_1403,701,53,b-rag,1,11093,1,56.50
s_1404,1056,39,b-rag,1,9374,0,
s_1405,325,23,b-rag,1,5822,1,81.53
s_1406,936,60,b-rag,1,9609,1,66.21
s_1407,1333,42,b-rag,1,7948,0,
s_1408,2100,38,b-rag,1,11135,1,66.40
s_1409,797,49,b-rag,1,15338,0,
s_1410,938,38,b-rag,1,10556,1,73.69
s_1411,464,27,b-rag,1,12625,1,75.49
s_1412,188,9,b-rag,1,9052,1,80.66
s_1413,1766,70,b-rag,1,3914,1,67.81
s_1414,502,38,b-rag,1,10105,1,81.74
s_1415,1192,42,b-rag,1,8094,1,60.02
s_1416,1213,39,b-rag,1,13719,1,79.36
s_1417,680,37,b-rag,1,7269,1,67.86
s_1418,564,29,b-rag,1,11704,1,73.97
s_1419,1364,78,b-rag,1,8170,1,74.41
s_1420,738,58,b-rag,1,8044,0,
s_1421,1963,126,b-rag,1,9773,1,65.61
s_1422,1317,85,b-rag,1,8745,1,72.18
s_1423,672,32,b-rag,1,12797,1,64.44
s_1424,394,29,b-rag,1,11648,0,
s_1425,167,10,b-rag,1,11725,1,80.93
s_1426,1124,43,b-rag,1,14135,0,
s_1427,1170,39,b-rag,1,5855,1,73.89
s_1428,388,17,b-rag,1,11269,1,50.44
s_1429,231,19,b-rag,1,5429,1,58.83
s_1430,3395,146,b-rag,1,8634,1,63.36
s_1431,926,49,b-rag,1,6933,0,
s_1432,1279,53,b-rag,1,8370,1,67.73
s_1433,423,41,b-rag,1,5202,1,74.87
s_1434,482,38,b-rag,1,9120,1,85.31
s_1435,1028,78,b-rag,1,12206,0,
s_1436,3201,151,b-rag,1,8075,1,74.87
s_1437,295,20,b-rag,1,5666,1,65.22
s_1438,912,44,b-rag,1,10969,1,53.26
s_1439,146,16,b-rag,1,9894,1,65.31
s_1440,687,38,b-rag,1,10424,1,68.63
s_1441,396,26,b-rag,1,5625,0,
s_1442,847,39,b-rag,1,3236,0,
s_1443,371,14,b-rag,1,8285,1,66.33
s_1444,411,26,b-rag,1,23354,1,88.68
s_1445,1015,57,b-rag,1,5186,1,61.97
s_1446,175,11,b-rag,1,6414,1,100.00
s_1447,597,42,b-rag,1,7740,1,78.03
s_1448,377,31,b-rag,1,15304,0,
s_1449,2663,83,b-rag,1,5369,0,
s_1450,3852,200,b-rag,1,11732,0,
s_1451,1139,54,b-rag,1,5411,0,
s_1452,899,56,b-rag,1,9543,1,71.61
s_1453,754,43,b-rag,1,9539,1,56.18
s_1454,1944,91,b-rag,1,12205,1,62.07
s_1455,573,24,b-rag,1,9445,1,91.83
s_1456,2556,79,b-rag,1,10276,0,
s_1457,360,18,b-rag,1,12436,0,
s_1458,166,11,b-rag,1,7457,1,65.10
s_1459,420,21,b-rag,1,6433,1,70.99
s_1460,151,8,b-rag,1,11801,1,37.85
s_1461,545,22,b-rag,1,7212,1,42.08
s_1462,131,8,b-rag,1,7292,1,78.54
s_1463,874,43,b-rag,1,7635,1,75.01
s_1464,1111,42,b-rag,1,13203,0,
s_1465,691,57,b-rag,1,8579,1,61.15
s_1466,657,26,b-rag,1,9914,0,
s_1467,905,59,b-rag,1,10143,1,68.66
s_1468,1932,83,b-rag,1,9589,1,88.17
s_1469,525,27,b-rag,1,6569,0,
s_1470,339,19,b-rag,1,13243,1,63.05
s_1471,1255,65,b-rag,1,13746,1,84.98
s_1472,3111,107,b-rag,1,9993,0,
s_1473,1183,76,b-rag,1,5226,1,54.55
s_1474,717,28,b-rag,1,11032,0,
s_1475,4506,118,b-rag,1,8755,0,
s_1476,613,37,b-rag,1,9179,1,86.21
s_1477,433,20,b-rag,1,6699,1,67.22
s_1478,2843,148,b-rag,1,10596,0,
s_1479,1208,63,b-rag,1,11672,1,63.76
s_1480,318,13,b-rag,1,4586,1,90.86
s_1481,80,10,b-rag,1,10547,1,72.48
s_1482,1887,111,b-rag,1,10470,1,68.44
s_1483,967,66,b-rag,1,5676,1,64.97
s_1484,337,22,b-rag,1,7752,1,82.31
s_1485,2375,108,b-rag,1,11904,1,70.07
s_1486,964,69,b-rag,1,7988,0,
s_1487,904,36,b-rag,1,10544,0,
s_1488,955,44,b-rag,1,15764,1,35.02
s_1489,275,18,b-rag,1,9340,1,51.43
s_1490,257,13,b-rag,1,8434,1,71.51
s_1491,248,15,b-rag,1,11598,1,62.31
s_1492,2758,153,b-rag,1,14552,1,82.74
s_1493,552,20,b-rag,1,7723,1,89.04
s_1494,2271,84,b-rag,1,8568,0,
s_1495,1595,30,b-rag,1,10715,1,79.23
s_1496,590,59,b-rag,1,11565,1,57.01
s_1497,1289,49,b-rag,1,16404,1,57.42
s_1498,504,23,b-rag,1,9007,0,
s_1499,650,18,b-rag,1,11562,0,
s_1500,1488,101,b-rag,1,6359,1,60.43
s_1501,788,25,b-rag,1,4103,0,
s_1502,487,42,b-rag,1,9299,1,71.24
s_1503,2131,140,b-rag,1,10244,1,64.22
s_1504,531,16,b-rag,1,7107,1,43.72
s_1505,629,31,b-rag,1,5886,0,
s_1506,860,36,b-rag,1,9643,1,68.03
s_1507,472,28,b-rag,1,13232,1,68.25
s_1508,733,50,b-rag,1,11738,1,70.28
s_1509,282,8,b-rag,1,7737,0,
s_1510,287,11,b-rag,1,11263,1,69.15
s_1511,2487,77,b-rag,1,6149,1,86.30
s_1512,1020,40,b-rag,1,4175,1,66.57
s_1513,809,41,b-rag,1,9086,0,
s_1514,257,18,b-rag,1,7573,1,82.74
s_1515,577,33,b-rag,1,8478,1,80.76
s_1516,759,61,b-rag,1,6653,1,57.39
s_1517,803,35,b-rag,1,10375,0,
s_1518,554,31,b-rag,1,10034,1,77.75
s_1519,1704,111,b-rag,1,8732,1,69.57
s_1520,151,13,b-rag,1,6331,1,63.10
s_1521,1357,91,b-rag,1,8814,1,59.87
s_1522,148,11,b-rag,1,9120,0,
s_1523,552,27,b-rag,1,11004,1,91.18
s_1524,825,38,b-rag,1,10730,1,84.14
s_1525,1525,53,b-rag,1,6053,1,56.57
s_1526,790,54,b-rag,1,7503,1,70.64
s_1527,709,38,b-rag,1,11657,1,74.84
s_1528,544,38,b-rag,1,8064,1,81.17
s_1529,367,25,b-rag,1,6947,1,65.26
s_1530,614,27,b-rag,1,5222,1,67.01
s_1531,2583,204,b-rag,1,14162,1,43.70
s_1532,464,20,b-rag,1,4793,1,100.00
s_1533,300,21,b-rag,1,6106,1,83.03
s_1534,5635,321,b-rag,1,8139,0,
s_1535,952,35,b-rag,1,8446,0,
s_1536,481,27,b-rag,1,7304,1,49.43
s_1537,205,17,b-rag,1,18098,1,78.11
s_1538,1823,94,b-rag,1,5173,1,64.56
s_1539,641,32,b-rag,1,13171,1,69.29
s_1540,993,58,b-rag,1,7470,1,70.23
s_1541,2260,114,b-rag,1,9720,1,74.49
s_1542,271,15,b-rag,1,8841,1,89.25
s_1543,1936,94,b-rag,1,10239,1,77.45
s_1544,506,26,b-rag,1,8063,1,64.46
s_1545,1203,47,b-rag,1,10414,0,
s_1546,749,25,b-rag,1,7645,1,70.66
s_1547,935,50,b-rag,1,4185,1,63.86
s_1548,821,36,b-rag,1,11788,1,59.30
s_1549,455,18,b-rag,1,11654,1,68.08
s_1550,2397,58,b-rag,1,7596,1,45.82
s_1551,138,7,b-rag,1,6438,1,67.69
s_1552,93,7,b-rag,1,7563,1,81.14
s_1553,1004,73,b-rag,1,9114,0,
s_1554,2798,108,b-rag,1,10075,1,60.67
s_1555,861,29,b-rag,1,13212,1,71.20
s_1556,1007,59,b-rag,1,7174,1,57.02
s_1557,846,48,b-rag,1,8260,0,
s_1558,732,46,b-rag,1,19816,1,75.02
s_1559,1189,49,b-rag,1,6488,1,54.79
s_1560,555,38,b-rag,1,10286,1,52.31
s_1561,1650,75,b-rag,1,8582,0,
s_1562,574,21,b-rag,1,5686,1,77.89
s_1563,865,26,b-rag,1,7664,1,68.44
s_1564,695,39,b-rag,1,11285,1,71.17
s_1565,1358,50,b-rag,1,10186,0,
s_1566,1890,73,b-rag,1,14257,1,65.09
s_1567,346,18,b-rag,1,6098,1,60.01
s_1568,190,15,b-rag,1,9875,1,77.92
s_1569,606,29,b-rag,1,10820,1,55.71
s_1570,658,31,b-rag,1,6322,1,58.35
s_1571,97,9,b-rag,1,9887,1,80.63
s_1572,552,45,b-rag,1,8343,0,
s_1573,202,21,b-rag,1,10803,0,
s_1574,852,32,b-rag,1,10890,1,70.30
s_1575,858,56,b-rag,1,6923,1,51.81
s_1576,591,36,b-rag,1,9095,0,
s_1577,692,32,b-rag,1,7428,1,70.27
s_1578,840,44,b-rag,1,11433,1,68.41
s_1579,974,57,b-rag,1,8160,1,94.18
s_1580,1385,84,b-rag,1,8996,1,64.90
s_1581,1253,73,b-rag,1,5229,1,52.39
s_1582,722,44,b-rag,1,14191,1,59.05
s_1583,1759,131,b-rag,1,5601,0,
s_1584,586,49,b-rag,1,8578,1,73.38
s_1585,228,17,b-rag,1,4964,1,67.38
s_1586,1032,40,b-rag,1,10265,0,
s_1587,486,19,b-rag,1,5711,1,64.44
s_1588,303,17,b-rag,1,9991,1,83.21
s_1589,1933,50,b-rag,1,11044,1,64.47
s_1590,164,12,b-rag,1,6433,0,
s_1591,57,7,b-rag,1,10435,1,76.76
s_1592,4287,253,b-rag,1,5860,1,43.91
s_1593,877,56,b-rag,1,7814,0,
s_1594,478,49,b-rag,1,9063,1,60.81
s_1595,1002,44,b-rag,1,11978,1,55.93
s_1596,666,36,b-rag,1,14586,0,
s_1597,2256,141,b-rag,1,8950,0,
s_1598,569,50,b-rag,1,14658,1,68.22
s_1599,488,25,b-rag,1,8732,1,62.51
s_1600,1057,56,b-rag,1,8119,1,57.29
s_1601,1337,62,b-rag,1,8539,1,72.56
s_1602,748,28,b-rag,1,21717,1,74.49
s_1603,316,14,b-rag,1,9328,1,64.37
s_1604,184,26,b-rag,1,8152,1,73.65
s_1605,808,42,b-rag,1,6103,0,
s_1606,521,59,b-rag,1,5386,1,59.03
s_1607,327,25,b-rag,1,10963,1,74.45
s_1608,408,20,b-rag,1,16542,1,62.58
s_1609,805,37,b-rag,1,9104,1,50.38
s_1610,789,50,b-rag,1,8060,1,53.25
s_1611,1212,52,b-rag,1,10891,1,46.38
s_1612,276,10,b-rag,1,9205,1,77.93
s_1613,3385,86,b-rag,1,10975,0,
s_1614,1237,56,b-rag,1,9466,1,82.51
s_1615,1313,132,b-rag,1,6819,0,
s_1616,489,29,b-rag,1,7745,0,
s_1617,828,62,b-rag,1,6827,1,42.38
s_1618,108,7,b-rag,1,7547,1,79.47
s_1619,1322,62,b-rag,1,6622,0,
s_1620,976,61,b-rag,1,5349,0,
s_1621,1371,72,b-rag,1,11864,0,
s_1622,9918,362,b-rag,1,9825,0,
s_1623,1159,99,b-rag,1,6842,1,81.30
s_1624,3231,219,b-rag,1,5410,0,
s_1625,862,41,b-rag,1,15575,1,93.66
s_1626,189,15,b-rag,1,10008,1,73.96
s_1627,414,13,b-rag,1,7737,1,66.99
s_1628,1196,103,b-rag,1,11466,1,68.00
s_1629,672,42,b-rag,1,7606,1,67.22
s_1630,392,24,b-rag,1,7811,1,79.24
s_1631,223,17,b-rag,1,12155,1,93.73
s_1632,325,15,b-rag,1,10700,1,53.12
s_1633,608,30,b-rag,1,9657,1,81.84
s_1634,689,53,b-rag,1,7639,0,
s_1635,3504,163,b-rag,1,10048,1,53.78
s_1636,104,8,b-rag,1,14065,1,54.64
s_1637,389,13,b-rag,1,5095,1,70.47
s_1638,690,25,b-rag,1,8619,1,76.07
s_1639,1379,71,b-rag,1,8201,0,
s_1640,713,31,b-rag,1,7359,1,92.48
s_1641,554,18,b-rag,1,7083,1,89.93
s_1642,1048,61,b-rag,1,7480,0,
s_1643,727,35,b-rag,1,5293,1,76.09
s_1644,1763,104,b-rag,1,11136,0,
s_1645,2937,123,b-rag,1,13197,0,
s_1646,2838,155,b-rag,1,9403,1,70.01
s_1647,1844,116,b-rag,1,11593,1,68.04
s_1648,215,8,b-rag,1,10767,1,62.81
s_1649,1029,50,b-rag,1,7438,1,69.07
s_1650,789,32,b-rag,1,6193,1,59.98
s_1651,3991,181,b-rag,1,4665,0,
s_1652,1105,44,b-rag,1,12598,1,67.59
s_1653,330,29,b-rag,1,7096,1,71.32
s_1654,1689,88,b-rag,1,7770,0,
s_1655,454,20,b-rag,1,9618,0,
s_1656,242,25,b-rag,1,13547,1,56.24
s_1657,289,22,b-rag,1,8658,1,59.50
s_1658,1589,129,b-rag,1,11443,1,66.13
s_1659,320,11,b-rag,1,10511,1,71.41
s_1660,817,30,b-rag,1,5148,1,71.34
s_1661,1664,42,b-rag,1,7141,0,
s_1662,243,12,b-rag,1,7177,1,73.87
s_1663,497,27,b-rag,1,8253,1,66.69
s_1664,1623,75,b-rag,1,5638,0,
s_1665,296,18,b-rag,1,12968,1,75.53
s_1666,447,27,b-rag,1,10676,1,66.91
s_1667,77,4,b-rag,1,6002,1,76.31
s_1668,406,13,b-rag,1,14908,1,66.44
s_1669,659,49,b-rag,1,13363,0,
s_1670,461,16,b-rag,1,9242,1,64.51
s_1671,678,36,b-rag,1,6624,1,91.77
s_1672,1467,47,b-rag,1,14269,1,76.87
s_1673,113,8,b-rag,1,12273,1,85.87
s_1674,541,49,b-rag,1,10680,0,
s_1675,706,41,b-rag,1,8075,1,45.85
s_1676,2132,99,b-rag,1,8266,0,
s_1677,461,35,b-rag,1,8136,0,
s_1678,1097,47,b-rag,1,14173,1,54.03
s_1679,501,35,b-rag,1,8746,1,68.72
s_1680,238,9,b-rag,1,7856,0,
s_1681,1775,85,b-rag,1,10503,0,
s_1682,503,24,b-rag,1,7446,1,49.04
s_1683,199,20,b-rag,1,11668,1,79.11
s_1684,84,6,b-rag,1,8403,1,73.50
s_1685,5446,175,b-rag,1,8234,0,
s_1686,847,49,b-rag,1,10661,1,55.61
s_1687,293,14,b-rag,1,8249,1,89.05
s_1688,1119,57,b-rag,1,9304,1,69.46
s_1689,1243,73,b-rag,1,8064,0,
s_1690,11670,389,b-rag,1,7899,1,46.48
s_1691,350,20,b-rag,1,9425,1,85.97
s_1692,187,16,b-rag,1,5842,1,77.48
s_1693,553,48,b-rag,1,10674,1,66.94
s_1694,1665,65,b-rag,1,8488,1,75.54
s_1695,1268,77,b-rag,1,11958,0,
s_1696,917,44,b-rag,1,12352,1,78.34
s_1697,1710,73,b-rag,1,12965,1,63.92
s_1698,390,24,b-rag,1,10247,1,73.87
s_1699,267,19,b-rag,1,11139,1,74.86
s_1700,597,24,b-rag,1,8400,1,99.82
s_1701,463,30,b-rag,1,5545,1,70.16
s_1702,795,46,b-rag,1,16666,1,72.22
s_1703,789,49,b-rag,1,12569,1,70.69
s_1704,429,18,b-rag,1,11871,1,78.36
s_1705,941,71,b-rag,1,14833,0,
s_1706,1643,56,b-rag,1,10785,0,
s_1707,82,6,b-rag,1,7883,1,82.64
s_1708,889,59,b-rag,1,9519,0,
s_1709,47,4,b-rag,1,4771,1,100.00
s_1710,1772,70,b-rag,1,8905,0,
s_1711,2152,113,b-rag,1,5638,1,60.06
s_1712,1066,73,b-rag,1,6290,1,63.70
s_1713,1387,63,b-rag,1,7062,0,
s_1714,737,63,b-rag,1,11827,1,54.92
s_1715,680,51,b-rag,1,12542,1,73.14
s_1716,4354,113,b-rag,1,6684,0,
s_1717,318,34,b-rag,1,11595,1,71.78
s_1718,898,52,b-rag,1,8771,1,49.49
s_1719,367,17,b-rag,1,7289,1,83.07
s_1720,284,14,b-rag,1,6653,0,
s_1721,380,13,b-rag,1,9074,0,
s_1722,243,17,b-rag,1,7160,1,74.38
s_1723,549,41,b-rag,1,10987,1,67.88
s_1724,1987,107,b-rag,1,4966,0,
s_1725,1503,83,b-rag,1,13684,0,
s_1726,2343,125,b-rag,1,11066,0,
s_1727,443,16,b-rag,1,6913,1,66.19
s_1728,456,14,b-rag,1,11390,1,35.00
s_1729,1273,37,b-rag,1,7636,1,45.03
s_1730,977,42,b-rag,1,6875,1,66.65
s_1731,8444,367,b-rag,1,6822,1,66.73
s_1732,565,29,b-rag,1,15509,1,73.65
s_1733,253,21,b-rag,1,8107,0,
s_1734,276,15,b-rag,1,6930,1,69.54
s_1735,676,48,b-rag,1,8398,1,68.41
s_1736,793,42,b-rag,1,8274,1,59.81
s_1737,1376,70,b-rag,1,12038,0,
s_1738,621,19,b-rag,1,6481,1,67.22
s_1739,593,23,b-rag,1,13023,1,79.45
s_1740,1054,41,b-rag,1,14020,1,66.75
s_1741,359,18,b-rag,1,8671,1,63.53
s_1742,385,25,b-rag,1,11424,1,57.26
s_1743,359,19,b-rag,1,6441,1,59.71
s_1744,2804,69,b-rag,1,18750,0,
s_1745,684,19,b-rag,1,9670,1,50.37
s_1746,757,61,b-rag,1,8122,1,54.83
s_1747,317,30,b-rag,1,8157,1,55.00
s_1748,999,44,b-rag,1,14955,0,
s_1749,2216,72,b-rag,1,11218,0,
s_1750,1058,61,b-rag,1,8905,1,70.18
s_1751,129,13,b-rag,1,10298,1,69.62
s_1752,399,18,b-rag,1,8863,0,
s_1753,1635,96,b-rag,1,9690,1,59.98
s_1754,258,14,b-rag,1,12516,1,70.81
s_1755,1762,120,b-rag,1,5198,1,59.70
s_1756,277,17,b-rag,1,7180,1,68.33
s_1757,482,20,b-rag,1,11051,1,64.71
s_1758,2227,185,b-rag,1,6041,1,74.43
s_1759,2390,102,b-rag,1,11673,0,
s_1760,255,20,b-rag,1,14639,1,64.39
s_1761,794,53,b-rag,1,9522,1,77.28
s_1762,91,7,b-rag,1,5094,1,73.06
s_1763,93,5,b-rag,1,6274,1,73.56
s_1764,185,20,b-rag,1,13392,1,66.89
s_1765,139,5,b-rag,1,11113,0,
s_1766,1468,62,b-rag,1,13365,0,
s_1767,1499,98,b-rag,1,6166,1,77.92
s_1768,1766,107,b-rag,1,7551,1,57.99
s_1769,1160,67,b-rag,1,7778,1,70.05
s_1770,1436,73,b-rag,1,7867,0,
s_1771,279,16,b-rag,1,9477,1,80.37
s_1772,1525,104,b-rag,1,10197,0,
s_1773,1035,92,b-rag,1,9513,1,56.16
s_1774,449,30,b-rag,1,3486,0,
s_1775,1081,84,b-rag,1,13369,0,
s_1776,728,18,b-rag,1,10280,1,59.28
s_1777,1020,43,b-rag,1,6872,0,
s_1778,3513,158,b-rag,1,8675,0,
s_1779,670,30,b-rag,1,8543,1,49.01
s_1780,679,44,b-rag,1,12292,1,80.28
s_1781,1015,75,b-rag,1,10195,0,
s_1782,241,14,b-rag,1,15742,1,63.55
s_1783,457,18,b-rag,1,8180,1,70.14
s_1784,1922,94,b-rag,1,8752,1,77.03
s_1785,110,17,b-rag,1,9096,1,86.08
s_1786,1774,90,b-rag,1,9303,0,
s_1787,654,38,b-rag,1,6819,1,90.67
s_1788,486,41,b-rag,1,11010,1,84.08
s_1789,919,41,b-rag,1,10341,1,69.53
s_1790,623,47,b-rag,1,9928,1,67.60
s_1791,1205,39,b-rag,1,10812,1,100.00
s_1792,2164,75,b-rag,1,19941,1,68.14
s_1793,2824,70,b-rag,1,13528,1,68.69
s_1794,661,46,b-rag,1,8003,1,78.81
s_1795,454,26,b-rag,1,6682,1,65.99
s_1796,578,20,b-rag,1,7090,1,54.59
s_1797,851,25,b-rag,1,4748,1,57.61
s_1798,170,11,b-rag,1,10158,1,87.11
s_1799,3481,203,b-rag,1,10681,1,54.62
s_1800,655,32,b-rag,1,9335,1,55.97
s_1801,2170,83,b-rag,1,8576,0,
s_1802,931,39,b-rag,1,6703,1,84.25
s_1803,1903,73,b-rag,1,10175,0,
s_1804,79,6,b-rag,1,6732,1,69.67
s_1805,1384,51,b-rag,1,14430,1,60.40
s_1806,133,7,b-rag,1,11338,1,79.64
s_1807,565,32,b-rag,1,7987,1,77.81
s_1808,1071,51,b-rag,1,6844,0,
s_1809,622,35,b-rag,1,9421,1,68.66
s_1810,1388,73,b-rag,1,6030,0,
s_1811,554,36,b-rag,1,7162,1,54.92
s_1812,1500,82,b-rag,1,11037,0,
s_1813,353,31,b-rag,1,12316,1,58.91
s_1814,5428,217,b-rag,1,10291,1,41.75
s_1815,852,50,b-rag,1,9143,1,65.95
s_1816,1775,60,b-rag,1,11280,0,
s_1817,1011,37,b-rag,1,8644,1,46.45
s_1818,576,48,b-rag,1,17159,1,62.09
s_1819,1642,62,b-rag,1,7486,1,61.10
s_1820,280,16,b-rag,1,7780,1,71.76
s_1821,2314,95,b-rag,1,7495,1,68.45
s_1822,2372,121,b-rag,1,7022,0,
s_1823,696,37,b-rag,1,8029,0,
s_1824,1432,101,b-rag,1,13527,0,
s_1825,544,34,b-rag,1,6213,1,61.12
s_1826,1488,69,b-rag,1,8002,0,
s_1827,443,25,b-rag,1,8217,1,65.98
s_1828,283,17,b-rag,1,7648,1,69.07
s_1829,91,8,b-rag,1,10864,1,74.52
s_1830,7167,256,b-rag,1,13139,1,71.76
s_1831,284,12,b-rag,1,4978,1,76.19
s_1832,878,71,b-rag,1,9741,1,81.47
s_1833,750,24,b-rag,1,11976,1,59.95
s_1834,106,6,b-rag,1,9602,0,
s_1835,130,6,b-rag,1,6087,1,57.48
s_1836,1071,53,b-rag,1,11085,1,50.77
s_1837,867,23,b-rag,1,7997,1,79.91
s_1838,387,16,b-rag,1,12111,1,72.22
s_1839,175,13,b-rag,1,13556,1,82.92
s_1840,2693,126,b-rag,1,6474,0,
s_1841,6413,261,b-rag,1,7543,1,48.70
s_1842,1214,63,b-rag,1,7372,1,72.21
s_1843,417,22,b-rag,1,9391,1,55.84
s_1844,1311,57,b-rag,1,8416,1,68.98
s_1845,1473,59,b-rag,1,10891,1,79.82
s_1846,3664,104,b-rag,1,14834,1,33.51
s_1847,1993,142,b-rag,1,10386,0,
s_1848,291,8,b-rag,1,7781,1,55.77
s_1849,687,36,b-rag,1,15253,1,46.80
s_1850,616,60,b-rag,1,9836,0,
s_1851,337,17,b-rag,1,6522,1,73.03
s_1852,3137,153,b-rag,1,8526,1,57.67
s_1853,1013,40,b-rag,1,7022,0,
s_1854,574,30,b-rag,1,7686,1,61.86
s_1855,1499,73,b-rag,1,9654,0,
s_1856,1178,37,b-rag,1,10657,1,65.11
s_1857,1476,108,b-rag,1,10275,1,64.25
s_1858,419,39,b-rag,1,8658,1,71.77
s_1859,966,77,b-rag,1,7525,1,71.70
s_1860,962,58,b-rag,1,9839,1,65.40
s_1861,1230,51,b-rag,1,8218,1,67.60
s_1862,1066,47,b-rag,1,10062,1,85.71
s_1863,127,7,b-rag,1,12589,1,74.93
s_1864,4513,150,b-rag,1,7158,0,
s_1865,924,53,b-rag,1,6592,1,58.61
s_1866,2082,87,b-rag,1,12945,1,71.25
s_1867,761,29,b-rag,1,5906,1,48.27
s_1868,1521,66,b-rag,1,9579,1,56.83
s_1869,1000,46,b-rag,1,7693,1,73.09
s_1870,556,19,b-rag,1,7879,1,51.45
s_1871,455,19,b-rag,1,5611,1,78.29
s_1872,1566,79,b-rag,1,10077,0,
s_1873,1328,63,b-rag,1,10349,1,78.77
s_1874,365,16,b-rag,1,10414,1,61.21
s_1875,689,35,b-rag,1,6412,0,
s_1876,321,17,b-rag,1,5301,1,67.05
s_1877,2661,74,b-rag,1,8804,1,54.90
s_1878,598,46,b-rag,1,3936,1,65.39
s_1879,2625,107,b-rag,1,7242,1,72.18
s_1880,514,45,b-rag,1,7446,1,85.75
s_1881,438,24,b-rag,1,11188,1,74.96
s_1882,2131,64,b-rag,1,6451,0,
s_1883,4191,168,b-rag,1,10951,0,
s_1884,832,45,b-rag,1,8566,1,100.00
s_1885,433,20,b-rag,1,11839,1,65.98
s_1886,538,32,b-rag,1,7785,1,53.18
s_1887,5126,211,b-rag,1,12419,1,60.50
s_1888,1158,26,b-rag,1,11025,0,
s_1889,118,7,b-rag,1,15704,1,95.76
s_1890,1090,34,b-rag,1,7372,0,
s_1891,3648,121,b-rag,1,5176,0,
s_1892,244,11,b-rag,1,12564,1,73.05
s_1893,691,43,b-rag,1,7499,1,65.22
s_1894,226,17,b-rag,1,8457,1,78.74
s_1895,1380,48,b-rag,1,15078,1,49.48
s_1896,798,44,b-rag,1,3939,0,
s_1897,463,22,b-rag,1,12411,0,
s_1898,1365,109,b-rag,1,6671,1,62.13
s_1899,870,58,b-rag,1,6815,1,69.80
s_1900,1245,53,b-rag,1,10051,1,68.50
s_1901,538,13,b-rag,1,16852,1,55.40
s_1902,746,52,b-rag,1,9378,1,72.46
s_1903,3013,106,b-rag,1,12233,1,68.27
s_1904,2445,66,b-rag,1,11881,1,49.59
s_1905,200,8,b-rag,1,12420,1,73.61
s_1906,955,51,b-rag,1,10956,0,
s_1907,465,28,b-rag,1,9170,1,86.23
s_1908,311,19,b-rag,1,8725,1,73.04
s_1909,286,18,b-rag,1,6585,1,61.30
s_1910,1073,62,b-rag,1,6347,0,
s_1911,736,31,b-rag,1,5882,1,69.88
s_1912,191,11,b-rag,1,5593,1,70.95
s_1913,255,20,b-rag,1,8894,1,71.22
s_1914,1148,69,b-rag,1,7913,0,
s_1915,933,54,b-rag,1,9351,1,47.29
s_1916,748,40,b-rag,1,8211,1,67.96
s_1917,727,30,b-rag,1,11444,0,
s_1918,205,15,b-rag,1,7496,1,58.51
s_1919,749,49,b-rag,1,10901,1,73.66
s_1920,809,61,b-rag,1,12643,1,60.49
s_1921,1038,59,b-rag,1,12582,0,
s_1922,828,36,b-rag,1,9912,1,80.03
s_1923,507,26,b-rag,1,7933,1,77.37
s_1924,4852,318,b-rag,1,7189,0,
s_1925,1309,73,b-rag,1,11281,0,
s_1926,2916,145,b-rag,1,12761,1,49.71
s_1927,415,35,b-rag,1,13057,1,77.02
s_1928,210,11,b-rag,1,11721,0,
s_1929,1307,105,b-rag,1,5284,1,61.21
s_1930,551,25,b-rag,1,10927,1,47.05
s_1931,134,7,b-rag,1,6504,1,78.97
s_1932,644,46,b-rag,1,10840,1,54.85
s_1933,485,20,b-rag,1,8762,1,77.47
s_1934,382,27,b-rag,1,8781,1,76.96
s_1935,2545,150,b-rag,1,13468,0,
s_1936,329,20,b-rag,1,8828,1,55.30
s_1937,1231,64,b-rag,1,8132,0,
s_1938,574,33,b-rag,1,4675,1,61.65
s_1939,2607,135,b-rag,1,7682,1,51.06
s_1940,2987,143,b-rag,1,11112,1,67.52
s_1941,1991,77,b-rag,1,6133,1,72.64
s_1942,2387,116,b-rag,1,9118,1,63.64
s_1943,1679,88,b-rag,1,5605,1,68.12
s_1944,484,14,b-rag,1,9555,1,55.37
s_1945,501,54,b-rag,1,7808,1,68.83
s_1946,322,30,b-rag,1,9972,0,
s_1947,1615,74,b-rag,1,5120,1,65.37
s_1948,1442,125,b-rag,1,9719,1,67.19
s_1949,1640,97,b-rag,1,6728,1,75.15
s_1950,2121,119,b-rag,1,8695,1,53.41
s_1951,2322,100,b-rag,1,16129,0,
s_1952,907,62,b-rag,1,6021,1,53.20
s_1953,386,20,b-rag,1,7665,1,61.48
s_1954,1596,86,b-rag,1,13196,1,73.58
s_1955,4091,130,b-rag,1,21984,1,59.61
s_1956,1692,80,b-rag,1,6247,1,55.36
s_1957,79,6,b-rag,1,4937,1,78.63
s_1958,1151,38,b-rag,1,8170,1,54.40
s_1959,395,28,b-rag,1,5501,1,65.11
s_1960,354,12,b-rag,1,14028,1,59.41
s_1961,266,23,b-rag,1,8033,1,49.87
s_1962,1078,56,b-rag,1,4735,0,
s_1963,794,58,b-rag,1,10086,1,73.38
s_1964,471,33,b-rag,1,10814,1,65.53
s_1965,254,24,b-rag,1,7275,1,80.87
s_1966,2958,143,b-rag,1,9159,1,68.85
s_1967,134,8,b-rag,1,8813,1,77.57
s_1968,552,29,b-rag,1,4977,1,64.49
s_1969,618,24,b-rag,1,12188,1,65.73
s_1970,105,11,b-rag,1,9632,1,77.16
s_1971,1449,52,b-rag,1,8454,1,64.66
s_1972,1771,77,b-rag,1,8396,0,
s_1973,355,13,b-rag,1,8593,1,75.40
s_1974,2381,85,b-rag,1,9118,1,62.22
s_1975,2126,94,b-rag,1,8267,1,59.27
s_1976,986,75,b-rag,1,10649,0,
s_1977,5536,274,b-rag,1,6757,1,58.25
s_1978,501,35,b-rag,1,10481,1,81.90
s_1979,3268,213,b-rag,1,9405,1,67.30
s_1980,662,47,b-rag,1,12560,1,70.41
s_1981,1258,92,b-rag,1,6495,1,73.07
s_1982,1307,58,b-rag,1,6774,0,
s_1983,1460,77,b-rag,1,11588,0,
s_1984,3122,111,b-rag,1,6693,1,66.55
s_1985,798,82,b-rag,1,8330,1,60.89
s_1986,800,25,b-rag,1,9166,0,
s_1987,662,30,b-rag,1,9733,1,63.89
s_1988,1383,45,b-rag,1,8424,0,
s_1989,991,66,b-rag,1,6365,0,
s_1990,901,41,b-rag,1,8272,1,73.25
s_1991,539,33,b-rag,1,5917,1,72.42
s_1992,83,4,b-rag,1,7905,1,84.39
s_1993,220,11,b-rag,1,11418,1,86.65
s_1994,329,16,b-rag,1,7308,0,
s_1995,586,46,b-rag,1,13695,1,76.98
s_1996,993,37,b-rag,1,5633,0,
s_1997,168,9,b-rag,1,5498,1,82.51
s_1998,108,9,b-rag,1,9446,1,74.42
s_1999,235,18,b-rag,1,9142,1,69.21
s_0000,493,23,b-single,4,18586,0,
s_0001,1078,40,b-single,4,31680,1,99.46
s_0002,1983,77,b-single,4,42227,1,90.55
s_0003,825,49,b-single,4,29317,1,88.66
s_0004,1511,88,b-single,4,43639,1,89.85
s_0005,367,24,b-single,4,21380,1,87.40
s_0006,687,45,b-single,4,24170,1,95.20
s_0007,580,27,b-single,4,41749,1,72.45
s_0008,1121,48,b-single,4,40783,0,
s_0009,1419,76,b-single,4,44829,1,74.26
s_0010,4867,146,b-single,4,20904,0,
s_0011,209,12,b-single,4,38034,1,99.13
s_0012,631,39,b-single,4,28592,1,88.41
s_0013,502,16,b-single,4,34381,1,100.00
s_0014,992,84,b-single,4,38538,0,
s_0015,1234,80,b-single,4,30064,1,100.00
s_0016,138,13,b-single,4,30176,1,80.55
s_0017,2583,96,b-single,4,26091,1,95.88
s_0018,335,13,b-single,4,21774,1,100.00
s_0019,325,25,b-single,4,22644,1,97.13
s_0020,1093,66,b-single,4,27000,1,70.96
s_0021,921,23,b-single,4,36445,1,93.59
s_0022,1723,100,b-single,4,20792,0,
s_0023,215,8,b-single,4,34035,1,90.44
s_0024,568,29,b-single,4,22455,1,84.40
s_0025,392,20,b-single,4,29962,1,98.77
s_0026,339,19,b-single,4,42913,1,94.64
s_0027,2091,140,b-single,4,40668,1,93.36
s_0028,2054,85,b-single,4,31609,1,94.13
s_0029,2508,199,b-single,4,23585,1,77.05
s_0030,181,11,b-single,4,18095,1,99.52
s_0031,688,40,b-single,4,33952,1,81.45
s_0032,540,44,b-single,4,30890,1,95.90
s_0033,309,13,b-single,4,15171,1,79.06
s_0034,357,30,b-single,4,34824,1,88.66
s_0035,153,12,b-single,4,50188,1,80.69
s_0036,564,36,b-single,4,30194,1,88.89
s_0037,706,25,b-single,4,29017,1,100.00
s_0038,341,24,b-single,4,51295,1,91.87
s_0039,1508,121,b-single,4,30950,1,57.41
s_0040,557,22,b-single,4,39777,1,90.14
s_0041,1655,68,b-single,4,38325,1,68.80
s_0042,1105,56,b-single,4,48918,1,60.48
s_0043,606,37,b-single,4,13770,1,99.25
s_0044,2406,200,b-single,4,20955,1,70.30
s_0045,1748,81,b-single,4,25729,0,
s_0046,331,15,b-single,4,50774,1,72.24
s_0047,1104,48,b-single,4,14310,0,
s_0048,2134,140,b-single,4,24217,0,
s_0049,617,30,b-single,4,29236,1,74.43
s_0050,446,32,b-single,4,18621,1,95.72
s_0051,862,28,b-single,4,40675,1,79.45
s_0052,866,38,b-single,4,22433,0,
s_0053,1046,59,b-single,4,40113,1,76.59
s_0054,3163,141,b-single,4,17171,1,78.83
s_0055,2588,137,b-single,4,19742,1,83.32
s_0056,169,12,b-single,4,38569,1,77.89
s_0057,451,21,b-single,4,25562,1,100.00
s_0058,2330,82,b-single,4,26973,0,
s_0059,1024,52,b-single,4,19496,1,98.65
s_0060,2951,146,b-single,4,51605,0,
s_0061,999,53,b-single,4,35823,1,81.04
s_0062,269,13,b-single,4,28960,1,95.31
s_0063,1035,53,b-single,4,31061,1,61.79
s_0064,1717,80,b-single,4,27006,1,92.50
s_0065,146,18,b-single,4,33826,1,88.83
s_0066,847,16,b-single,4,23181,1,96.66
s_0067,733,50,b-single,4,26684,1,92.62
s_0068,1645,71,b-single,4,34269,1,75.85
s_0069,150,9,b-single,4,32597,1,77.86
s_0070,1415,131,b-single,4,35712,1,83.74
s_0071,1830,117,b-single,4,18695,1,69.12
s_0072,1155,53,b-single,4,35317,0,
s_0073,1406,44,b-single,4,22367,1,65.74
s_0074,445,13,b-single,4,20936,1,85.19
s_0075,5208,229,b-single,4,33004,1,73.11
s_0076,1315,65,b-single,4,33357,1,72.47
s_0077,937,66,b-single,4,26914,1,100.00
s_0078,2167,118,b-single,4,35277,1,78.66
s_0079,248,23,b-single,4,42780,1,90.01
s_0080,2413,84,b-single,4,14525,0,
s_0081,361,19,b-single,4,28795,1,100.00
s_0082,835,36,b-single,4,21789,1,73.65
s_0083,2299,103,b-single,4,41805,1,87.55
s_0084,732,35,b-single,4,27485,1,75.72
s_0085,2798,107,b-single,4,41157,1,83.56
s_0086,450,32,b-single,4,21057,1,76.56
s_0087,1005,32,b-single,4,39027,1,87.87
s_0088,1052,60,b-single,4,28090,1,91.87
s_0089,1028,25,b-single,4,21499,1,90.97
s_0090,1364,72,b-single,4,36154,1,90.47
s_0091,2480,90,b-single,4,35071,1,87.99
s_0092,846,33,b-single,4,15896,1,87.37
s_0093,586,33,b-single,4,39466,1,95.22
s_0094,1443,30,b-single,4,29112,1,81.62
s_0095,523,24,b-single,4,38512,1,100.00
s_0096,1257,49,b-single,4,16739,1,87.57
s_0097,2194,75,b-single,4,42397,1,76.59
s_0098,731,45,b-single,4,35946,0,
s_0099,1650,68,b-single,4,43655,1,66.99
s_0100,1416,61,b-single,4,25790,1,77.63
s_0101,1319,52,b-single,4,37971,1,70.20
s_0102,159,15,b-single,4,37445,1,100.00
s_0103,116,6,b-single,4,21788,1,95.46
s_0104,2601,103,b-single,4,21422,1,71.34
s_0105,151,14,b-single,4,23986,1,89.23
s_0106,668,39,b-single,4,28725,1,100.00
s_0107,1036,45,b-single,4,26584,1,81.35
s_0108,333,16,b-single,4,28629,1,100.00
s_0109,1076,70,b-single,4,24250,0,
s_0110,241,12,b-single,4,52376,1,90.20
s_0111,484,32,b-single,4,23690,1,63.15
s_0112,1041,45,b-single,4,22075,1,72.66
s_0113,2140,88,b-single,4,30766,0,
s_0114,781,25,b-single,4,15349,1,81.72
s_0115,459,26,b-single,4,14056,1,76.94
s_0116,1288,43,b-single,4,34287,1,100.00
s_0117,2189,71,b-single,4,18395,1,91.06
s_0118,1132,41,b-single,4,30335,1,82.33
s_0119,415,28,b-single,4,31044,1,92.91
s_0120,891,90,b-single,4,29928,0,
s_0121,287,27,b-single,4,36416,0,
s_0122,1589,84,b-single,4,28112,1,67.53
s_0123,2682,127,b-single,4,39915,1,66.26
s_0124,378,43,b-single,4,26145,0,
s_0125,373,29,b-single,4,30121,1,64.20
s_0126,975,58,b-single,4,23011,1,83.18
s_0127,1059,46,b-single,4,26170,1,76.67
s_0128,793,43,b-single,4,22914,1,95.90
s_0129,5271,258,b-single,4,27182,1,79.93
s_0130,3076,115,b-single,4,34866,1,80.01
s_0131,136,6,b-single,4,17038,1,90.47
s_0132,165,8,b-single,4,15785,1,94.28
s_0133,153,12,b-single,4,30839,1,100.00
s_0134,1312,60,b-single,4,30288,1,86.95
s_0135,7857,338,b-single,4,28739,0,
s_0136,1751,75,b-single,4,37147,1,83.98
s_0137,1296,93,b-single,4,20288,1,89.32
s_0138,992,78,b-single,4,40185,1,65.98
s_0139,296,15,b-single,4,36047,1,84.04
s_0140,1792,86,b-single,4,36178,1,67.46
s_0141,1257,48,b-single,4,23377,0,
s_0142,251,14,b-single,4,33540,1,79.73
s_0143,827,58,b-single,4,31634,0,
s_0144,354,14,b-single,4,25976,1,75.96
s_0145,687,50,b-single,4,34947,1,87.04
s_0146,386,25,b-single,4,27147,1,100.00
s_0147,758,38,b-single,4,26826,1,95.58
s_0148,616,36,b-single,4,33232,1,77.77
s_0149,294,27,b-single,4,31029,1,94.04
s_0150,825,49,b-single,4,26380,1,90.40
s_0151,1246,70,b-single,4,28151,1,77.46
s_0152,323,16,b-single,4,18501,1,95.35
s_0153,413,25,b-single,4,27307,1,100.00
s_0154,3670,212,b-single,4,27675,1,77.55
s_0155,1330,67,b-single,4,26805,1,75.19
s_0156,739,36,b-single,4,29701,1,80.44
s_0157,1289,42,b-single,4,41834,0,
s_0158,159,14,b-single,4,22884,1,79.42
s_0159,1187,57,b-single,4,18042,1,81.79
s_0160,767,45,b-single,4,34401,1,81.80
s_0161,336,22,b-single,4,15803,1,84.03
s_0162,351,24,b-single,4,19666,1,94.62
s_0163,278,17,b-single,4,35127,0,
s_0164,1851,115,b-single,4,11659,1,73.02
s_0165,202,14,b-single,4,17235,1,94.29
s_0166,2658,135,b-single,4,30066,1,100.00
s_0167,5385,136,b-single,4,25067,1,93.05
s_0168,211,14,b-single,4,24973,0,
s_0169,696,54,b-single,4,33562,1,65.09
s_0170,899,43,b-single,4,21591,1,73.20
s_0171,78,4,b-single,4,18424,1,98.27
s_0172,1021,37,b-single,4,21983,1,81.00
s_0173,716,42,b-single,4,34862,1,100.00
s_0174,547,26,b-single,4,29831,1,100.00
s_0175,728,48,b-single,4,42165,1,99.33
s_0176,2799,229,b-single,4,20698,1,74.60
s_0177,308,15,b-single,4,22700,1,76.00
s_0178,1096,58,b-single,4,22752,1,100.00
s_0179,11978,277,b-single,4,27275,1,76.11
s_0180,662,63,b-single,4,19131,1,100.00
s_0181,170,12,b-single,4,34380,1,97.38
s_0182,2369,212,b-single,4,21660,1,99.36
s_0183,1854,64,b-single,4,14155,0,
s_0184,222,17,b-single,4,16661,1,99.92
s_0185,2544,107,b-single,4,41193,0,
s_0186,260,29,b-single,4,25274,1,86.27
s_0187,889,49,b-single,4,34691,1,74.79
s_0188,322,18,b-single,4,16851,1,65.95
s_0189,314,24,b-single,4,37655,1,96.47
s_0190,363,23,b-single,4,37818,1,78.92
s_0191,982,70,b-single,4,22690,1,76.41
s_0192,4029,165,b-single,4,36233,1,82.67
s_0193,599,20,b-single,4,52439,1,73.75
s_0194,133,12,b-single,4,23534,1,95.58
s_0195,366,28,b-single,4,26091,1,58.05
s_0196,144,7,b-single,4,22950,1,100.00
s_0197,1246,46,b-single,4,17028,1,72.71
s_0198,522,34,b-single,4,24031,1,100.00
s_0199,410,19,b-single,4,31747,1,77.13
s_0200,680,21,b-single,4,24890,1,88.32
s_0201,3083,157,b-single,4,45880,0,
s_0202,266,16,b-single,4,35175,1,80.13
s_0203,1066,67,b-single,4,39559,1,90.03
s_0204,418,15,b-single,4,32819,1,66.65
s_0205,469,18,b-single,4,73625,1,82.95
s_0206,471,30,b-single,4,36255,1,90.40
s_0207,238,8,b-single,4,33567,1,92.23
s_0208,293,13,b-single,4,21524,1,64.53
s_0209,217,9,b-single,4,23014,1,83.26
s_0210,779,39,b-single,4,34335,1,87.60
s_0211,2983,139,b-single,4,37918,0,
s_0212,110,11,b-single,4,32649,1,100.00
s_0213,375,24,b-single,4,13920,1,100.00
s_0214,834,46,b-single,4,19622,1,93.06
s_0215,552,36,b-single,4,24269,1,86.01
s_0216,863,22,b-single,4,17572,1,86.35
s_0217,147,14,b-single,4,30388,1,99.39
s_0218,868,47,b-single,4,24981,1,90.59
s_0219,916,38,b-single,4,15715,1,78.79
s_0220,4208,98,b-single,4,40376,1,87.11
s_0221,609,26,b-single,4,21556,1,100.00
s_0222,1375,41,b-single,4,26041,0,
s_0223,669,15,b-single,4,21053,1,83.05
s_0224,1097,42,b-single,4,13550,1,100.00
s_0225,705,48,b-single,4,28044,1,90.06
s_0226,287,22,b-single,4,27927,1,94.61
s_0227,1412,39,b-single,4,29079,1,96.61
s_0228,463,16,b-single,4,36348,1,87.87
s_0229,702,21,b-single,4,20263,1,81.81
s_0230,806,43,b-single,4,21641,1,88.83
s_0231,677,22,b-single,4,33472,1,89.89
s_0232,1639,75,b-single,4,34611,1,85.00
s_0233,140,13,b-single,4,25163,1,100.00
s_0234,827,87,b-single,4,34473,1,83.05
s_0235,741,41,b-single,4,21376,1,77.63
s_0236,883,27,b-single,4,26571,1,78.25
s_0237,794,32,b-single,4,19978,1,68.92
s_0238,985,49,b-single,4,47052,1,87.25
s_0239,1422,64,b-single,4,16677,1,81.35
s_0240,76,6,b-single,4,24876,1,94.00
s_0241,2425,175,b-single,4,16614,1,75.77
s_0242,2255,114,b-single,4,45057,0,
s_0243,376,22,b-single,4,31402,1,100.00
s_0244,1649,75,b-single,4,37301,0,
s_0245,1076,27,b-single,4,34047,1,73.15
s_0246,275,12,b-single,4,17764,1,75.33
s_0247,984,64,b-single,4,24500,1,91.91
s_0248,1996,193,b-single,4,22443,1,71.07
s_0249,2385,82,b-single,4,29923,0,
s_0250,327,18,b-single,4,12648,1,100.00
s_0251,127,7,b-single,4,16680,1,86.17
s_0252,1093,37,b-single,4,28849,1,89.75
s_0253,4910,248,b-single,4,28647,1,77.86
s_0254,959,35,b-single,4,39179,1,100.00
s_0255,328,21,b-single,4,39822,1,78.45
s_0256,1358,92,b-single,4,41214,1,78.33
s_0257,577,20,b-single,4,39830,0,
s_0258,749,64,b-single,4,39605,1,90.01
s_0259,1096,55,b-single,4,27928,1,69.56
s_0260,1149,62,b-single,4,30369,1,76.66
s_0261,664,31,b-single,4,29993,1,85.43
s_0262,670,37,b-single,4,22660,1,83.19
s_0263,589,41,b-single,4,39800,1,88.51
s_0264,1396,118,b-single,4,16057,1,78.90
s_0265,1577,109,b-single,4,35319,1,83.91
s_0266,934,65,b-single,4,36790,1,91.04
s_0267,11647,456,b-single,4,27569,1,71.60
s_0268,406,22,b-single,4,19261,1,71.52
s_0269,875,91,b-single,4,23102,0,
s_0270,2606,115,b-single,4,17313,1,73.59
s_0271,670,44,b-single,4,27037,1,85.81
s_0272,635,33,b-single,4,33532,1,98.45
s_0273,6422,195,b-single,4,22194,0,
s_0274,364,22,b-single,4,35705,1,92.82
s_0275,780,36,b-single,4,30320,1,75.90
s_0276,321,17,b-single,4,26465,1,100.00
s_0277,913,51,b-single,4,46075,1,76.73
s_0278,635,62,b-single,4,27551,1,84.91
s_0279,1532,62,b-single,4,16695,0,
s_0280,913,43,b-single,4,24103,1,99.58
s_0281,488,44,b-single,4,24865,1,69.36
s_0282,1001,18,b-single,4,27424,1,78.14
s_0283,2666,104,b-single,4,29686,1,100.00
s_0284,401,22,b-single,4,20423,1,82.02
s_0285,956,41,b-single,4,51823,1,89.35
s_0286,294,18,b-single,4,19945,1,79.20
s_0287,1585,69,b-single,4,23969,0,
s_0288,477,13,b-single,4,29183,1,76.34
s_0289,433,30,b-single,4,36389,1,67.96
s_0290,1350,101,b-single,4,23233,1,92.95
s_0291,1666,46,b-single,4,17727,1,78.02
s_0292,1265,58,b-single,4,39599,1,86.20
s_0293,1047,51,b-single,4,25163,1,100.00
s_0294,297,18,b-single,4,40721,1,100.00
s_0295,539,25,b-single,4,59667,1,88.39
s_0296,179,9,b-single,4,29595,1,76.83
s_0297,3470,213,b-single,4,28829,1,100.00
s_0298,586,36,b-single,4,27995,1,79.49
s_0299,508,24,b-single,4,24530,1,80.18
s_0300,1067,55,b-single,4,26890,1,93.42
s_0301,2924,143,b-single,4,23707,1,83.62
s_0302,1798,70,b-single,4,18174,1,63.06
s_0303,252,15,b-single,4,32771,1,95.84
s_0304,3578,216,b-single,4,50712,1,62.94
s_0305,1575,91,b-single,4,32053,0,
s_0306,287,21,b-single,4,30068,1,95.34
s_0307,242,11,b-single,4,42733,1,96.22
s_0308,1048,61,b-single,4,18943,1,76.74
s_0309,852,31,b-single,4,28229,1,82.69
s_0310,1188,82,b-single,4,28957,1,70.77
s_0311,1616,65,b-single,4,22932,1,73.80
s_0312,483,33,b-single,4,15624,1,65.98
s_0313,481,22,b-single,4,26503,1,84.58
s_0314,3484,113,b-single,4,53309,0,
s_0315,324,23,b-single,4,37113,1,92.61
s_0316,2565,108,b-single,4,42468,0,
s_0317,7707,138,b-single,4,20443,0,
s_0318,614,24,b-single,4,19323,1,87.67
s_0319,178,14,b-single,4,16719,1,100.00
s_0320,290,17,b-single,4,26435,1,97.55
s_0321,650,39,b-single,4,27988,1,80.40
s_0322,460,30,b-single,4,25893,1,91.12
s_0323,1179,48,b-single,4,26239,1,77.49
s_0324,1855,61,b-single,4,38154,1,91.71
s_0325,43,4,b-single,4,23848,1,100.00
s_0326,311,17,b-single,4,30916,1,100.00
s_0327,1236,49,b-single,4,34358,1,74.74
s_0328,345,17,b-single,4,25348,1,100.00
s_0329,1653,102,b-single,4,31044,1,52.32
s_0330,2925,136,b-single,4,43382,1,79.71
s_0331,394,34,b-single,4,29420,1,81.18
s_0332,852,31,b-single,4,25181,1,79.83
s_0333,572,28,b-single,4,30390,1,73.30
s_0334,3852,219,b-single,4,29574,1,92.39
s_0335,2267,90,b-single,4,39841,0,
s_0336,960,69,b-single,4,37616,1,93.18
s_0337,769,43,b-single,4,26185,1,80.45
s_0338,262,20,b-single,4,21989,0,
s_0339,431,33,b-single,4,22554,1,84.60
s_0340,470,29,b-single,4,31272,1,100.00
s_0341,1350,80,b-single,4,22665,1,76.09
s_0342,714,44,b-single,4,42904,1,96.02
s_0343,998,97,b-single,4,23084,1,79.87
s_0344,814,38,b-single,4,30624,1,84.58
s_0345,3120,77,b-single,4,20467,1,89.82
s_0346,1324,96,b-single,4,34061,1,76.00
s_0347,399,25,b-single,4,30337,1,72.85
s_0348,677,41,b-single,4,11460,1,100.00
s_0349,312,20,b-single,4,32827,1,75.00
s_0350,561,33,b-single,4,38620,1,75.61
s_0351,420,36,b-single,4,28278,1,66.93
s_0352,2622,140,b-single,4,16303,0,
s_0353,791,56,b-single,4,35404,1,93.48
s_0354,1601,106,b-single,4,54134,0,
s_0355,828,37,b-single,4,33377,1,79.90
s_0356,311,15,b-single,4,20266,1,77.00
s_0357,269,11,b-single,4,37486,1,99.78
s_0358,1155,35,b-single,4,41694,1,81.42
s_0359,156,8,b-single,4,38533,1,84.93
s_0360,1076,42,b-single,4,22211,1,64.48
s_0361,84,8,b-single,4,23002,1,83.23
s_0362,1000,50,b-single,4,27183,1,88.54
s_0363,923,38,b-single,4,42607,1,95.77
s_0364,221,9,b-single,4,32341,1,81.78
s_0365,292,21,b-single,4,11317,1,89.81
s_0366,452,39,b-single,4,38085,1,95.95
s_0367,908,60,b-single,4,19223,0,
s_0368,144,8,b-single,4,30931,1,81.93
s_0369,144,7,b-single,4,19622,1,85.34
s_0370,1696,60,b-single,4,40810,1,94.40
s_0371,442,27,b-single,4,23454,1,86.65
s_0372,746,46,b-single,4,28146,1,65.00
s_0373,1583,101,b-single,4,30251,1,83.54
s_0374,1391,74,b-single,4,35997,1,83.91
s_0375,414,20,b-single,4,17495,1,83.12
s_0376,1297,57,b-single,4,57452,1,95.46
s_0377,732,25,b-single,4,30290,1,85.12
s_0378,294,18,b-single,4,42144,1,73.76
s_0379,817,51,b-single,4,28356,1,78.75
s_0380,400,19,b-single,4,32896,1,90.90
s_0381,830,31,b-single,4,28718,1,58.75
s_0382,908,51,b-single,4,13279,0,
s_0383,271,11,b-single,4,24191,1,61.10
s_0384,1507,111,b-single,4,23045,1,83.65
s_0385,409,23,b-single,4,19372,1,55.60
s_0386,380,25,b-single,4,28202,1,78.68
s_0387,3369,103,b-single,4,25503,0,
s_0388,434,31,b-single,4,19802,1,82.27
s_0389,760,60,b-single,4,22038,1,90.39
s_0390,3558,168,b-single,4,21337,1,91.85
s_0391,595,21,b-single,4,35838,1,89.73
s_0392,118,9,b-single,4,39657,1,84.38
s_0393,4570,146,b-single,4,27560,1,91.19
s_0394,581,19,b-single,4,18836,1,87.34
s_0395,423,29,b-single,4,23386,1,98.21
s_0396,955,48,b-single,4,44545,1,94.27
s_0397,597,24,b-single,4,25646,1,73.80
s_0398,558,18,b-single,4,33309,1,95.29
s_0399,1002,80,b-single,4,27189,1,74.98
s_0400,175,15,b-single,4,23255,1,95.11
s_0401,1246,79,b-single,4,38312,1,82.35
s_0402,754,52,b-single,4,38849,1,75.87
s_0403,1864,94,b-single,4,22538,1,80.89
s_0404,502,27,b-single,4,48127,0,
s_0405,470,29,b-single,4,22776,1,95.62
s_0406,1454,41,b-single,4,40153,0,
s_0407,283,25,b-single,4,34555,1,91.48
s_0408,590,38,b-single,4,37284,1,93.09
s_0409,2793,121,b-single,4,34620,1,79.12
s_0410,2282,163,b-single,4,76052,0,
s_0411,896,24,b-single,4,19663,1,75.76
s_0412,785,59,b-single,4,28307,1,81.96
s_0413,675,43,b-single,4,49062,0,
s_0414,295,19,b-single,4,26953,1,84.14
s_0415,175,10,b-single,4,22634,1,98.91
s_0416,998,65,b-single,4,24705,1,87.95
s_0417,528,23,b-single,4,23831,0,
s_0418,351,16,b-single,4,30395,1,90.06
s_0419,394,15,b-single,4,25378,1,88.08
s_0420,779,22,b-single,4,39059,1,89.23
s_0421,750,29,b-single,4,33676,1,76.11
s_0422,56,5,b-single,4,26252,1,91.58
s_0423,636,24,b-single,4,25435,1,75.19
s_0424,1848,92,b-single,4,38572,1,83.95
s_0425,204,11,b-single,4,38155,1,69.17
s_0426,1087,73,b-single,4,33129,1,98.35
s_0427,2219,168,b-single,4,16581,1,70.30
s_0428,1499,64,b-single,4,28273,1,86.47
s_0429,346,27,b-single,4,18153,1,85.16
s_0430,870,44,b-single,4,25764,1,83.47
s_0431,887,62,b-single,4,28898,1,78.99
s_0432,829,52,b-single,4,33686,1,82.45
s_0433,2310,88,b-single,4,31992,1,82.04
s_0434,553,42,b-single,4,34029,1,85.70
s_0435,7741,198,b-single,4,37020,1,81.77
s_0436,1475,43,b-single,4,26483,1,97.49
s_0437,440,15,b-single,4,21538,1,82.82
s_0438,365,16,b-single,4,28802,0,
s_0439,1360,120,b-single,4,33151,1,71.82
s_0440,580,34,b-single,4,30535,0,
s_0441,4020,135,b-single,4,34227,0,
s_0442,713,31,b-single,4,30865,0,
s_0443,1019,55,b-single,4,25591,1,82.78
s_0444,214,17,b-single,4,24955,1,91.66
s_0445,1335,70,b-single,4,41116,1,94.97
s_0446,2303,119,b-single,4,17155,1,89.51
s_0447,1566,65,b-single,4,25907,1,90.50
s_0448,222,11,b-single,4,26140,0,
s_0449,1776,88,b-single,4,17611,1,65.29
s_0450,680,22,b-single,4,20040,1,79.12
s_0451,729,30,b-single,4,29977,1,98.71
s_0452,3472,214,b-single,4,35596,1,70.48
s_0453,620,20,b-single,4,24633,0,
s_0454,1834,91,b-single,4,24912,1,80.44
s_0455,3731,95,b-single,4,18841,1,70.83
s_0456,596,38,b-single,4,34762,1,70.11
s_0457,379,20,b-single,4,27506,1,88.35
s_0458,1352,50,b-single,4,27815,1,86.41
s_0459,3152,166,b-single,4,53639,1,88.58
s_0460,650,36,b-single,4,23603,1,94.40
s_0461,1619,91,b-single,4,30296,1,81.78
s_0462,156,9,b-single,4,19634,1,87.21
s_0463,453,23,b-single,4,24004,1,100.00
s_0464,757,34,b-single,4,21507,1,79.47
s_0465,1479,83,b-single,4,25330,0,
s_0466,1825,119,b-single,4,41468,0,
s_0467,767,26,b-single,4,16945,1,91.00
s_0468,107,8,b-single,4,11458,1,100.00
s_0469,236,21,b-single,4,44934,1,79.72
s_0470,3213,131,b-single,4,42177,1,81.18
s_0471,351,42,b-single,4,23593,1,77.13
s_0472,1188,163,b-single,4,23017,0,
s_0473,427,25,b-single,4,20635,1,92.97
s_0474,1121,35,b-single,4,28098,1,77.81
s_0475,482,24,b-single,4,23237,1,76.54
s_0476,1349,41,b-single,4,30061,1,80.99
s_0477,2136,100,b-single,4,35433,1,87.48
s_0478,193,9,b-single,4,21649,1,87.50
s_0479,271,18,b-single,4,24459,1,73.79
s_0480,251,14,b-single,4,21159,1,84.20
s_0481,1936,108,b-single,4,27678,1,84.52
s_0482,547,30,b-single,4,46775,1,61.21
s_0483,1450,88,b-single,4,35555,1,72.15
s_0484,783,34,b-single,4,31922,1,99.27
s_0485,354,24,b-single,4,42482,1,95.28
s_0486,481,26,b-single,4,22777,1,90.52
s_0487,5186,208,b-single,4,33279,0,
s_0488,768,43,b-single,4,24244,1,72.39
s_0489,1296,67,b-single,4,11954,1,97.20
s_0490,988,48,b-single,4,26985,1,84.58
s_0491,182,12,b-single,4,30114,1,78.75
s_0492,10245,238,b-single,4,31364,1,74.70
s_0493,4482,154,b-single,4,26686,0,
s_0494,1583,70,b-single,4,21592,1,89.98
s_0495,816,45,b-single,4,23664,1,100.00
s_0496,594,44,b-single,4,24977,1,89.61
s_0497,1433,94,b-single,4,29773,1,76.32
s_0498,323,22,b-single,4,24662,1,91.44
s_0499,525,36,b-single,4,31518,1,77.91
s_0500,5347,315,b-single,4,34587,1,91.02
s_0501,1472,67,b-single,4,35603,1,78.63
s_0502,1878,72,b-single,4,18367,1,73.00
s_0503,258,18,b-single,4,34033,1,70.49
s_0504,1178,62,b-single,4,20621,1,81.21
s_0505,450,22,b-single,4,25237,1,89.72
s_0506,1755,112,b-single,4,27794,0,
s_0507,487,17,b-single,4,23790,1,100.00
s_0508,4303,181,b-single,4,28926,1,67.48
s_0509,836,36,b-single,4,29758,1,77.94
s_0510,3077,107,b-single,4,19510,0,
s_0511,240,11,b-single,4,20486,0,
s_0512,924,62,b-single,4,29989,0,
s_0513,936,59,b-single,4,20973,1,66.79
s_0514,2253,87,b-single,4,28811,1,94.88
s_0515,2167,87,b-single,4,44157,0,
s_0516,3806,145,b-single,4,40909,0,
s_0517,275,17,b-single,4,22126,1,66.11
s_0518,408,19,b-single,4,18373,1,92.33
s_0519,316,23,b-single,4,35740,1,84.06
s_0520,440,29,b-single,4,17145,1,91.39
s_0521,909,45,b-single,4,20452,1,94.52
s_0522,900,63,b-single,4,53899,1,84.13
s_0523,1092,57,b-single,4,30688,0,
s_0524,328,17,b-single,4,40629,1,81.12
s_0525,486,21,b-single,4,33589,1,93.90
s_0526,1359,75,b-single,4,27633,0,
s_0527,1087,34,b-single,4,26807,1,84.51
s_0528,613,19,b-single,4,28446,1,100.00
s_0529,1374,75,b-single,4,30306,1,91.33
s_0530,534,24,b-single,4,28241,1,85.90
s_0531,2548,141,b-single,4,41166,0,
s_0532,176,15,b-single,4,26722,1,100.00
s_0533,253,20,b-single,4,19518,1,93.81
s_0534,550,49,b-single,4,25819,1,100.00
s_0535,1466,77,b-single,4,32947,1,79.13
s_0536,1604,97,b-single,4,25030,1,82.04
s_0537,343,12,b-single,4,30776,1,89.13
s_0538,1367,78,b-single,4,31661,1,89.21
s_0539,824,40,b-single,4,23623,1,79.54
s_0540,1040,50,b-single,4,21392,1,86.88
s_0541,1470,49,b-single,4,38782,1,86.55
s_0542,941,72,b-single,4,32775,1,100.00
s_0543,301,21,b-single,4,40156,1,80.20
s_0544,448,41,b-single,4,23445,1,95.42
s_0545,975,50,b-single,4,40831,1,87.61
s_0546,881,35,b-single,4,22740,0,
s_0547,424,19,b-single,4,23403,1,80.82
s_0548,2761,100,b-single,4,30601,1,74.78
s_0549,820,39,b-single,4,32835,1,74.56
s_0550,611,38,b-single,4,20073,1,99.21
s_0551,374,21,b-single,4,26346,1,63.86
s_0552,915,29,b-single,4,19548,1,75.16
s_0553,804,56,b-single,4,21364,1,77.64
s_0554,1460,79,b-single,4,23931,0,
s_0555,3137,160,b-single,4,25529,1,89.73
s_0556,223,17,b-single,4,42258,1,88.97
s_0557,1057,46,b-single,4,21712,1,73.19
s_0558,1455,84,b-single,4,47861,0,
s_0559,499,64,b-single,4,49452,1,100.00
s_0560,762,42,b-single,4,36239,1,100.00
s_0561,682,38,b-single,4,34982,1,95.68
s_0562,1283,35,b-single,4,35015,0,
s_0563,806,35,b-single,4,37217,1,100.00
s_0564,367,18,b-single,4,28676,1,76.74
s_0565,211,16,b-single,4,29558,1,76.25
s_0566,1112,54,b-single,4,50158,1,78.60
s_0567,473,18,b-single,4,20106,1,87.97
s_0568,535,31,b-single,4,31364,1,82.82
s_0569,275,18,b-single,4,35025,0,
s_0570,3447,155,b-single,4,27798,1,96.70
s_0571,799,43,b-single,4,19834,1,94.92
s_0572,577,51,b-single,4,28315,1,94.62
s_0573,681,32,b-single,4,40401,1,46.43
s_0574,353,18,b-single,4,23824,1,62.52
s_0575,1072,40,b-single,4,57296,1,66.08
s_0576,403,20,b-single,4,29645,1,86.63
s_0577,512,33,b-single,4,37352,1,85.95
s_0578,706,44,b-single,4,26250,1,76.31
s_0579,339,22,b-single,4,25143,1,83.45
s_0580,779,46,b-single,4,32225,1,83.19
s_0581,2263,97,b-single,4,24903,1,98.06
s_0582,1126,47,b-single,4,36096,1,77.35
s_0583,674,26,b-single,4,19041,1,75.01
s_0584,913,64,b-single,4,36210,1,96.73
s_0585,878,83,b-single,4,17646,0,
s_0586,1362,63,b-single,4,32847,1,93.91
s_0587,836,62,b-single,4,18874,1,95.79
s_0588,711,29,b-single,4,54901,1,96.55
s_0589,3380,169,b-single,4,37702,1,62.90
s_0590,307,18,b-single,4,35330,1,99.82
s_0591,3662,98,b-single,4,30690,0,
s_0592,5853,157,b-single,4,30536,1,78.86
s_0593,2214,89,b-single,4,41103,1,82.66
s_0594,473,20,b-single,4,31810,1,90.83
s_0595,1137,61,b-single,4,29361,1,96.89
s_0596,299,18,b-single,4,41510,1,96.34
s_0597,405,37,b-single,4,21422,1,89.80
s_0598,1070,28,b-single,4,17110,1,80.74
s_0599,246,13,b-single,4,23768,1,85.22
s_0600,556,41,b-single,4,35197,1,94.10
s_0601,676,21,b-single,4,50055,0,
s_0602,56,7,b-single,4,26659,1,76.86
s_0603,1758,87,b-single,4,17795,1,83.18
s_0604,747,52,b-single,4,22232,1,100.00
s_0605,2990,74,b-single,4,17695,1,67.57
s_0606,476,24,b-single,4,23811,1,84.93
s_0607,529,22,b-single,4,46858,1,83.63
s_0608,3787,196,b-single,4,29784,1,77.93
s_0609,265,13,b-single,4,37954,1,85.07
s_0610,460,37,b-single,4,30631,1,82.84
s_0611,1935,57,b-single,4,21141,1,75.07
s_0612,980,41,b-single,4,28293,1,100.00
s_0613,1771,100,b-single,4,37390,0,
s_0614,667,34,b-single,4,23345,1,73.26
s_0615,902,62,b-single,4,38254,1,84.81
s_0616,493,22,b-single,4,29962,1,82.45
s_0617,1018,72,b-single,4,32873,1,100.00
s_0618,374,18,b-single,4,15305,1,100.00
s_0619,1272,48,b-single,4,33950,1,68.85
s_0620,841,48,b-single,4,64211,1,82.36
s_0621,277,22,b-single,4,41116,1,100.00
s_0622,1115,53,b-single,4,21027,1,78.92
s_0623,260,12,b-single,4,17710,1,100.00
s_0624,691,33,b-single,4,25741,1,100.00
s_0625,406,18,b-single,4,24827,1,100.00
s_0626,282,14,b-single,4,44644,1,100.00
s_0627,896,49,b-single,4,17946,1,94.15
s_0628,301,10,b-single,4,20604,1,69.99
s_0629,1821,122,b-single,4,35454,0,
s_0630,1002,60,b-single,4,28086,1,76.47
s_0631,615,66,b-single,4,24162,1,65.94
s_0632,856,49,b-single,4,28535,1,65.01
s_0633,305,16,b-single,4,26225,1,60.44
s_0634,881,35,b-single,4,15508,1,79.34
s_0635,1284,87,b-single,4,48688,1,77.89
s_0636,1468,34,b-single,4,26560,1,83.29
s_0637,188,8,b-single,4,18841,0,
s_0638,819,30,b-single,4,18376,1,75.66
s_0639,399,11,b-single,4,33930,1,87.90
s_0640,644,36,b-single,4,28643,1,95.41
s_0641,2028,77,b-single,4,28211,1,77.30
s_0642,2032,91,b-single,4,38024,1,87.42
s_0643,2342,106,b-single,4,24220,0,
s_0644,613,27,b-single,4,23962,1,93.17
s_0645,388,18,b-single,4,18265,1,64.56
s_0646,998,63,b-single,4,16591,0,
s_0647,1769,55,b-single,4,29263,1,80.66
s_0648,630,49,b-single,4,29293,1,98.03
s_0649,1378,41,b-single,4,33073,0,
s_0650,4111,161,b-single,4,32409,1,54.09
s_0651,642,45,b-single,4,27019,1,61.51
s_0652,1268,42,b-single,4,31756,1,85.30
s_0653,434,17,b-single,4,23115,1,100.00
s_0654,983,110,b-single,4,30955,1,75.88
s_0655,253,27,b-single,4,20354,1,87.98
s_0656,3275,154,b-single,4,22874,1,85.84
s_0657,852,38,b-single,4,34832,1,91.80
s_0658,7467,157,b-single,4,22752,0,
s_0659,373,12,b-single,4,39168,1,95.40
s_0660,1059,71,b-single,4,30527,1,71.51
s_0661,509,38,b-single,4,33638,1,79.45
s_0662,951,35,b-single,4,28414,0,
s_0663,542,18,b-single,4,23247,1,95.28
s_0664,361,24,b-single,4,21583,1,100.00
s_0665,322,20,b-single,4,22516,1,100.00
s_0666,1113,62,b-single,4,25654,1,64.72
s_0667,1053,51,b-single,4,30507,1,65.10
s_0668,783,67,b-single,4,33454,1,86.38
s_0669,1651,80,b-single,4,43055,1,72.84
s_0670,735,64,b-single,4,33192,1,84.06
s_0671,2044,69,b-single,4,31562,1,53.38
s_0672,192,8,b-single,4,18186,1,91.52
s_0673,458,19,b-single,4,16862,1,83.14
s_0674,1325,82,b-single,4,35302,0,
s_0675,1166,52,b-single,4,18784,1,98.25
s_0676,300,23,b-single,4,21780,1,76.47
s_0677,2441,148,b-single,4,28517,1,82.17
s_0678,251,15,b-single,4,40705,1,67.33
s_0679,185,7,b-single,4,29218,1,88.25
s_0680,844,55,b-single,4,29232,1,87.64
s_0681,2127,168,b-single,4,33155,1,97.70
s_0682,497,20,b-single,4,44863,1,80.54
s_0683,438,25,b-single,4,46580,1,88.33
s_0684,341,37,b-single,4,23931,1,78.42
s_0685,50,2,b-single,4,36577,1,100.00
s_0686,1471,70,b-single,4,24408,1,80.70
s_0687,586,32,b-single,4,45389,0,
s_0688,795,53,b-single,4,31997,1,70.76
s_0689,1610,71,b-single,4,20422,1,78.98
s_0690,1792,85,b-single,4,17884,0,
s_0691,782,39,b-single,4,24296,1,76.81
s_0692,1584,92,b-single,4,15024,1,77.54
s_0693,423,17,b-single,4,29011,1,88.61
s_0694,1863,80,b-single,4,36568,1,96.71
s_0695,766,38,b-single,4,30280,1,94.57
s_0696,192,13,b-single,4,30470,1,96.29
s_0697,1742,86,b-single,4,24052,0,
s_0698,444,15,b-single,4,17943,1,71.62
s_0699,1492,61,b-single,4,40823,1,63.05
s_0700,2782,106,b-single,4,35895,1,63.33
s_0701,1209,53,b-single,4,28967,1,92.79
s_0702,650,64,b-single,4,20684,1,77.81
s_0703,249,17,b-single,4,26300,1,81.81
s_0704,626,27,b-single,4,24052,0,
s_0705,1029,53,b-single,4,42653,1,90.32
s_0706,1097,58,b-single,4,19864,0,
s_0707,1017,43,b-single,4,17456,1,79.36
s_0708,1013,64,b-single,4,21804,1,96.88
s_0709,673,34,b-single,4,35261,1,78.65
s_0710,369,17,b-single,4,41020,1,82.83
s_0711,624,27,b-single,4,31509,1,87.27
s_0712,456,27,b-single,4,25113,1,73.34
s_0713,1241,86,b-single,4,20743,1,98.86
s_0714,783,42,b-single,4,41047,1,86.71
s_0715,364,13,b-single,4,57512,1,100.00
s_0716,201,11,b-single,4,27651,1,100.00
s_0717,461,26,b-single,4,31723,1,86.16
s_0718,1353,44,b-single,4,21999,0,
s_0719,2096,122,b-single,4,30363,1,66.03
s_0720,854,27,b-single,4,18260,1,91.34
s_0721,345,15,b-single,4,41371,1,100.00
s_0722,784,48,b-single,4,24124,1,88.56
s_0723,2476,95,b-single,4,22964,0,
s_0724,144,15,b-single,4,20836,1,94.31
s_0725,3309,107,b-single,4,30345,1,81.40
s_0726,202,22,b-single,4,38220,1,95.20
s_0727,164,13,b-single,4,32056,1,88.20
s_0728,1583,68,b-single,4,36160,0,
s_0729,430,20,b-single,4,15543,1,76.88
s_0730,383,27,b-single,4,16785,1,75.33
s_0731,894,29,b-single,4,27240,1,80.76
s_0732,390,23,b-single,4,22094,1,100.00
s_0733,504,38,b-single,4,28718,1,88.59
s_0734,151,7,b-single,4,42688,1,100.00
s_0735,744,53,b-single,4,37060,1,72.18
s_0736,439,33,b-single,4,21397,1,72.12
s_0737,449,40,b-single,4,15881,1,95.23
s_0738,139,13,b-single,4,31697,1,80.21
s_0739,1462,81,b-single,4,36074,1,72.16
s_0740,801,67,b-single,4,26725,1,97.33
s_0741,328,13,b-single,4,25983,1,66.66
s_0742,1313,81,b-single,4,37584,1,100.00
s_0743,517,28,b-single,4,41311,1,95.64
s_0744,467,23,b-single,4,28067,1,87.20
s_0745,244,20,b-single,4,31316,1,100.00
s_0746,624,27,b-single,4,50157,1,99.65
s_0747,4527,204,b-single,4,29338,1,75.35
s_0748,516,23,b-single,4,28202,1,68.09
s_0749,485,24,b-single,4,25775,1,80.99
s_0750,743,45,b-single,4,22027,0,
s_0751,1642,69,b-single,4,18594,1,78.73
s_0752,2658,110,b-single,4,22048,0,
s_0753,213,27,b-single,4,32774,1,100.00
s_0754,633,41,b-single,4,53009,1,77.21
s_0755,212,16,b-single,4,35695,1,87.44
s_0756,2156,87,b-single,4,46395,1,64.52
s_0757,2491,99,b-single,4,29837,1,85.54
s_0758,1970,96,b-single,4,31604,1,85.48
s_0759,777,19,b-single,4,15076,1,73.74
s_0760,4843,180,b-single,4,19722,1,90.78
s_0761,1681,109,b-single,4,27375,0,
s_0762,1607,71,b-single,4,36006,1,100.00
s_0763,1847,96,b-single,4,36467,1,100.00
s_0764,1934,80,b-single,4,48674,0,
s_0765,1792,121,b-single,4,25549,1,81.92
s_0766,3228,221,b-single,4,22409,1,87.92
s_0767,321,22,b-single,4,28247,1,74.71
s_0768,1491,87,b-single,4,16982,1,82.99
s_0769,255,16,b-single,4,43007,1,97.66
s_0770,1917,148,b-single,4,30046,1,82.49
s_0771,9797,219,b-single,4,34879,1,89.68
s_0772,1150,61,b-single,4,25988,1,87.01
s_0773,888,55,b-single,4,22846,1,72.03
s_0774,2183,106,b-single,4,23135,1,80.07
s_0775,1228,76,b-single,4,35133,1,97.92
s_0776,305,22,b-single,4,48363,1,86.37
s_0777,357,24,b-single,4,33767,1,99.69
s_0778,166,8,b-single,4,28483,1,82.54
s_0779,2053,58,b-single,4,50339,1,73.10
s_0780,2124,130,b-single,4,17846,1,76.25
s_0781,440,18,b-single,4,23981,1,100.00
s_0782,217,22,b-single,4,26055,1,81.35
s_0783,176,8,b-single,4,31956,1,82.69
s_0784,965,81,b-single,4,13876,1,89.82
s_0785,200,13,b-single,4,33758,1,100.00
s_0786,301,19,b-single,4,19710,1,96.29
s_0787,1732,68,b-single,4,46363,0,
s_0788,1656,41,b-single,4,22907,1,83.76
s_0789,4169,154,b-single,4,27942,1,84.62
s_0790,541,28,b-single,4,32306,1,83.08
s_0791,2176,112,b-single,4,16953,1,70.93
s_0792,2726,149,b-single,4,22612,1,89.97
s_0793,306,19,b-single,4,36845,1,85.62
s_0794,315,15,b-single,4,19153,1,71.48
s_0795,390,36,b-single,4,35809,1,62.80
s_0796,1220,81,b-single,4,41332,1,73.87
s_0797,4087,202,b-single,4,19079,1,76.90
s_0798,805,48,b-single,4,21368,0,
s_0799,2121,87,b-single,4,31876,1,93.31
s_0800,257,12,b-single,4,29282,1,100.00
s_0801,949,34,b-single,4,30523,1,80.57
s_0802,537,37,b-single,4,25240,1,82.63
s_0803,1083,46,b-single,4,29164,1,81.89
s_0804,1673,76,b-single,4,24552,1,83.73
s_0805,176,14,b-single,4,35187,1,94.61
s_0806,832,58,b-single,4,32558,1,74.12
s_0807,741,55,b-single,4,40521,1,80.52
s_0808,548,28,b-single,4,34845,1,78.50
s_0809,214,15,b-single,4,22859,1,97.92
s_0810,1206,55,b-single,4,22266,0,
s_0811,730,41,b-single,4,24888,1,70.76
s_0812,2408,164,b-single,4,29890,0,
s_0813,656,38,b-single,4,24126,1,99.46
s_0814,630,39,b-single,4,36641,1,72.75
s_0815,1265,79,b-single,4,25049,1,93.44
s_0816,356,24,b-single,4,24807,1,76.86
s_0817,2219,85,b-single,4,29269,1,80.25
s_0818,186,15,b-single,4,33515,1,100.00
s_0819,924,75,b-single,4,33787,1,67.18
s_0820,849,30,b-single,4,26406,1,96.16
s_0821,524,34,b-single,4,21791,1,100.00
s_0822,493,24,b-single,4,34758,1,87.23
s_0823,319,13,b-single,4,25516,1,68.84
s_0824,1798,94,b-single,4,15426,1,82.13
s_0825,2398,79,b-single,4,28318,0,
s_0826,255,23,b-single,4,31956,1,88.45
s_0827,1353,45,b-single,4,26510,1,79.77
s_0828,299,19,b-single,4,16674,1,89.32
s_0829,1418,82,b-single,4,24380,1,100.00
s_0830,711,28,b-single,4,27633,1,81.28
s_0831,940,45,b-single,4,27963,1,100.00
s_0832,1331,80,b-single,4,33291,1,98.59
s_0833,340,15,b-single,4,18495,1,75.99
s_0834,776,40,b-single,4,42973,1,90.86
s_0835,1074,54,b-single,4,26296,1,80.03
s_0836,1409,135,b-single,4,33786,1,82.95
s_0837,426,30,b-single,4,41712,1,100.00
s_0838,2777,124,b-single,4,32292,0,
s_0839,1265,56,b-single,4,33854,0,
s_0840,2980,98,b-single,4,23859,1,72.29
s_0841,460,30,b-single,4,37295,1,79.40
s_0842,1354,52,b-single,4,27623,1,58.54
s_0843,1186,62,b-single,4,21946,1,93.56
s_0844,776,54,b-single,4,25144,1,80.13
s_0845,1790,83,b-single,4,32338,1,99.02
s_0846,1156,86,b-single,4,42713,1,81.41
s_0847,754,26,b-single,4,19156,0,
s_0848,1461,105,b-single,4,13454,0,
s_0849,1364,67,b-single,4,30726,0,
s_0850,580,53,b-single,4,27173,0,
s_0851,316,16,b-single,4,14735,1,100.00
s_0852,1208,102,b-single,4,32155,1,94.27
s_0853,1149,78,b-single,4,20764,1,100.00
s_0854,634,17,b-single,4,32868,1,84.25
s_0855,6251,161,b-single,4,36383,0,
s_0856,380,32,b-single,4,24789,1,99.63
s_0857,654,35,b-single,4,32343,1,75.47
s_0858,737,46,b-single,4,35705,1,83.05
s_0859,798,37,b-single,4,15731,1,89.96
s_0860,600,38,b-single,4,26632,1,91.64
s_0861,1215,41,b-single,4,41125,1,63.84
s_0862,328,21,b-single,4,30019,1,78.03
s_0863,553,33,b-single,4,35727,1,100.00
s_0864,418,21,b-single,4,29241,1,85.90
s_0865,276,26,b-single,4,31390,1,84.46
s_0866,387,16,b-single,4,21177,1,64.36
s_0867,927,54,b-single,4,37305,1,86.84
s_0868,392,18,b-single,4,39884,1,82.57
s_0869,1367,52,b-single,4,22162,1,73.64
s_0870,262,19,b-single,4,35833,1,95.19
s_0871,743,28,b-single,4,45572,1,83.71
s_0872,1142,49,b-single,4,23944,1,82.56
s_0873,1589,64,b-single,4,21452,1,86.34
s_0874,1628,105,b-single,4,32839,1,90.34
s_0875,1350,59,b-single,4,18240,1,65.04
s_0876,1150,79,b-single,4,14551,1,66.59
s_0877,219,13,b-single,4,25395,1,50.81
s_0878,304,16,b-single,4,18393,1,88.64
s_0879,239,15,b-single,4,22829,1,78.86
s_0880,737,36,b-single,4,27547,1,86.07
s_0881,3372,97,b-single,4,27714,0,
s_0882,1832,129,b-single,4,26624,1,82.23
s_0883,1270,76,b-single,4,28754,0,
s_0884,3232,233,b-single,4,39569,1,66.33
s_0885,415,27,b-single,4,21167,1,100.00
s_0886,2486,107,b-single,4,28470,1,74.43
s_0887,1933,80,b-single,4,30825,0,
s_0888,765,56,b-single,4,25630,1,92.51
s_0889,601,24,b-single,4,30243,1,71.97
s_0890,145,10,b-single,4,29794,1,90.60
s_0891,621,33,b-single,4,28569,1,89.43
s_0892,198,13,b-single,4,35582,1,87.86
s_0893,1011,26,b-single,4,29408,1,82.02
s_0894,991,45,b-single,4,29529,1,91.04
s_0895,2576,223,b-single,4,25158,1,80.13
s_0896,211,16,b-single,4,21408,1,93.65
s_0897,1485,50,b-single,4,33642,1,84.15
s_0898,839,39,b-single,4,24276,1,91.86
s_0899,731,36,b-single,4,21546,0,
s_0900,1200,57,b-single,4,21314,1,91.50
s_0901,590,34,b-single,4,41448,0,
s_0902,557,23,b-single,4,37515,1,94.57
s_0903,576,40,b-single,4,29124,0,
s_0904,733,57,b-single,4,29689,1,77.85
s_0905,1337,103,b-single,4,42399,1,76.25
s_0906,251,10,b-single,4,26314,1,100.00
s_0907,1362,105,b-single,4,32555,1,89.81
s_0908,256,11,b-single,4,36156,1,68.38
s_0909,4329,194,b-single,4,20656,1,63.75
s_0910,1241,36,b-single,4,19648,1,76.39
s_0911,173,11,b-single,4,49543,1,84.05
s_0912,455,34,b-single,4,25001,1,80.95
s_0913,1403,49,b-single,4,27259,1,80.52
s_0914,107,5,b-single,4,28988,1,93.88
s_0915,1549,70,b-single,4,28199,1,93.04
s_0916,801,16,b-single,4,23894,1,80.52
s_0917,1126,38,b-single,4,17585,1,95.39
s_0918,162,12,b-single,4,33655,1,88.87
s_0919,2509,264,b-single,4,30175,0,
s_0920,2052,72,b-single,4,14471,1,66.28
s_0921,1551,56,b-single,4,35900,0,
s_0922,381,30,b-single,4,26332,1,70.08
s_0923,2061,123,b-single,4,17553,1,71.70
s_0924,723,38,b-single,4,22964,1,79.27
s_0925,599,35,b-single,4,27322,1,98.65
s_0926,2291,141,b-single,4,26800,0,
s_0927,333,16,b-single,4,16963,1,83.94
s_0928,1329,52,b-single,4,32560,1,78.84
s_0929,319,23,b-single,4,20650,1,74.82
s_0930,226,11,b-single,4,16921,1,100.00
s_0931,362,17,b-single,4,40183,1,100.00
s_0932,175,15,b-single,4,27864,1,88.46
s_0933,3827,191,b-single,4,35408,1,71.46
s_0934,2386,68,b-single,4,30183,1,73.27
s_0935,413,24,b-single,4,25590,1,68.00
s_0936,1065,59,b-single,4,28849,1,100.00
s_0937,448,18,b-single,4,36245,1,87.32
s_0938,316,33,b-single,4,36778,1,100.00
s_0939,1790,70,b-single,4,27894,1,90.97
s_0940,430,32,b-single,4,17212,1,54.26
s_0941,1032,49,b-single,4,25250,1,79.81
s_0942,334,26,b-single,4,32258,1,99.31
s_0943,285,14,b-single,4,21447,1,85.91
s_0944,1052,72,b-single,4,32428,1,100.00
s_0945,726,31,b-single,4,35649,1,95.67
s_0946,2319,180,b-single,4,24182,1,91.74
s_0947,1472,77,b-single,4,44880,0,
s_0948,125,14,b-single,4,14836,1,100.00
s_0949,998,57,b-single,4,18375,1,95.84
s_0950,1386,76,b-single,4,40302,1,79.28
s_0951,501,27,b-single,4,27864,1,89.76
s_0952,4130,190,b-single,4,17220,1,98.39
s_0953,2057,72,b-single,4,39725,1,84.44
s_0954,128,6,b-single,4,26892,1,95.28
s_0955,435,16,b-single,4,28954,1,74.91
s_0956,6669,414,b-single,4,22484,0,
s_0957,340,18,b-single,4,24005,1,100.00
s_0958,1394,73,b-single,4,41748,0,
s_0959,1031,83,b-single,4,23801,1,65.26
s_0960,2383,89,b-single,4,22611,1,80.34
s_0961,3857,216,b-single,4,25042,1,93.58
s_0962,533,21,b-single,4,22497,1,80.91
s_0963,451,34,b-single,4,32049,1,89.35
s_0964,467,21,b-single,4,22738,1,99.68
s_0965,405,22,b-single,4,27547,1,98.98
s_0966,678,34,b-single,4,21682,1,100.00
s_0967,486,19,b-single,4,32356,1,88.94
s_0968,1378,86,b-single,4,20765,1,78.29
s_0969,726,55,b-single,4,39857,1,96.00
s_0970,666,33,b-single,4,40232,1,98.72
s_0971,952,77,b-single,4,29424,1,76.27
s_0972,4478,214,b-single,4,17912,1,75.33
s_0973,467,21,b-single,4,33185,1,81.09
s_0974,670,18,b-single,4,35667,1,74.63
s_0975,691,36,b-single,4,20960,1,77.70
s_0976,473,27,b-single,4,37209,1,96.93
s_0977,1077,65,b-single,4,23916,1,69.20
s_0978,5442,266,b-single,4,16771,0,
s_0979,718,40,b-single,4,31666,1,93.23
s_0980,553,24,b-single,4,17136,0,
s_0981,1598,82,b-single,4,27019,1,83.92
s_0982,351,19,b-single,4,26398,1,85.55
s_0983,294,31,b-single,4,23369,1,99.34
s_0984,1397,61,b-single,4,39682,1,73.49
s_0985,478,39,b-single,4,19965,1,55.81
s_0986,1004,61,b-single,4,17213,1,72.41
s_0987,1677,103,b-single,4,40570,0,
s_0988,1037,55,b-single,4,25161,1,92.37
s_0989,280,24,b-single,4,22640,1,73.52
s_0990,11209,428,b-single,4,26362,1,90.20
s_0991,293,9,b-single,4,29042,1,78.28
s_0992,375,24,b-single,4,34951,1,85.57
s_0993,117,9,b-single,4,25292,1,99.58
s_0994,627,27,b-single,4,33057,1,89.17
s_0995,1624,101,b-single,4,48825,1,68.20
s_0996,626,30,b-single,4,19399,1,67.82
s_0997,751,44,b-single,4,11397,1,93.28
s_0998,2153,60,b-single,4,14381,1,76.95
s_0999,364,19,b-single,4,33232,1,93.62
s_1000,891,54,b-single,4,28718,1,86.08
s_1001,1773,58,b-single,4,22012,1,100.00
s_1002,1238,51,b-single,4,29762,1,84.02
s_1003,1107,73,b-single,4,32243,1,94.00
s_1004,1174,39,b-single,4,24527,1,83.10
s_1005,5354,223,b-single,4,27848,1,60.95
s_1006,188,10,b-single,4,22753,1,85.95
s_1007,878,29,b-single,4,31337,0,
s_1008,500,21,b-single,4,25681,1,67.13
s_1009,254,10,b-single,4,23366,1,86.98
s_1010,1768,100,b-single,4,16277,1,75.27
s_1011,2188,81,b-single,4,27542,1,73.43
s_1012,1290,93,b-single,4,23149,1,74.11
s_1013,469,18,b-single,4,21316,0,
s_1014,2738,63,b-single,4,14988,0,
s_1015,2601,90,b-single,4,17785,1,75.04
s_1016,868,46,b-single,4,26671,1,73.76
s_1017,178,19,b-single,4,25428,1,78.97
s_1018,1453,139,b-single,4,27004,0,
s_1019,583,20,b-single,4,26872,1,86.70
s_1020,973,78,b-single,4,20103,0,
s_1021,3414,106,b-single,4,22144,1,70.51
s_1022,1846,89,b-single,4,24124,1,93.88
s_1023,501,32,b-single,4,15678,1,65.28
s_1024,1378,79,b-single,4,18853,1,81.18
s_1025,462,23,b-single,4,26681,1,82.86
s_1026,1710,78,b-single,4,22750,1,67.45
s_1027,321,19,b-single,4,20336,1,65.60
s_1028,592,40,b-single,4,17414,1,75.62
s_1029,1309,67,b-single,4,30406,1,79.36
s_1030,154,12,b-single,4,26489,1,83.54
s_1031,2548,96,b-single,4,24295,1,91.59
s_1032,392,37,b-single,4,22910,1,89.50
s_1033,634,32,b-single,4,32330,0,
s_1034,269,10,b-single,4,21364,1,100.00
s_1035,625,31,b-single,4,26320,1,62.06
s_1036,739,55,b-single,4,27757,1,97.15
s_1037,822,30,b-single,4,26857,1,98.05
s_1038,1116,59,b-single,4,14382,1,79.02
s_1039,1682,100,b-single,4,25328,1,67.96
s_1040,366,14,b-single,4,36882,1,83.18
s_1041,676,37,b-single,4,23431,1,77.33
s_1042,855,30,b-single,4,26850,1,77.64
s_1043,1126,46,b-single,4,34725,0,
s_1044,829,37,b-single,4,24584,1,100.00
s_1045,583,19,b-single,4,34395,1,84.89
s_1046,999,71,b-single,4,20042,1,100.00
s_1047,959,70,b-single,4,24352,0,
s_1048,2291,88,b-single,4,36522,0,
s_1049,1032,53,b-single,4,23383,1,97.80
s_1050,4199,140,b-single,4,27841,1,80.96
s_1051,5361,313,b-single,4,33189,1,79.76
s_1052,867,53,b-single,4,21680,1,94.44
s_1053,7258,238,b-single,4,32983,1,66.14
s_1054,347,35,b-single,4,44652,1,84.56
s_1055,584,43,b-single,4,40769,1,92.28
s_1056,361,21,b-single,4,29917,1,95.16
s_1057,213,26,b-single,4,38504,1,94.67
s_1058,1684,123,b-single,4,54408,1,79.80
s_1059,463,21,b-single,4,19697,1,68.86
s_1060,1518,42,b-single,4,36336,1,74.22
s_1061,480,33,b-single,4,32198,1,91.77
s_1062,2710,67,b-single,4,38378,1,77.70
s_1063,859,59,b-single,4,28049,1,85.00
s_1064,1353,75,b-single,4,28366,1,71.51
s_1065,322,27,b-single,4,35170,1,93.63
s_1066,1394,54,b-single,4,41197,1,97.77
s_1067,1697,104,b-single,4,20368,1,90.63
s_1068,516,37,b-single,4,41748,1,70.81
s_1069,1035,50,b-single,4,19196,1,85.27
s_1070,3445,114,b-single,4,20283,1,90.32
s_1071,625,38,b-single,4,19815,0,
s_1072,520,23,b-single,4,27242,1,86.01
s_1073,633,53,b-single,4,25342,1,93.07
s_1074,1160,83,b-single,4,28368,1,95.22
s_1075,2843,92,b-single,4,26236,1,84.32
s_1076,151,16,b-single,4,33686,1,83.43
s_1077,2453,91,b-single,4,29083,1,59.66
s_1078,329,28,b-single,4,38800,0,
s_1079,778,52,b-single,4,40430,1,87.69
s_1080,1091,56,b-single,4,13090,1,74.28
s_1081,1564,108,b-single,4,46694,0,
s_1082,488,29,b-single,4,37190,1,79.56
s_1083,4979,153,b-single,4,30739,1,80.57
s_1084,4259,160,b-single,4,54301,1,77.83
s_1085,592,39,b-single,4,11352,1,62.51
s_1086,3803,175,b-single,4,28141,0,
s_1087,1093,45,b-single,4,41470,1,63.75
s_1088,313,17,b-single,4,24688,1,90.31
s_1089,122,13,b-single,4,28724,1,98.20
s_1090,644,26,b-single,4,18851,0,
s_1091,313,22,b-single,4,35958,1,73.27
s_1092,500,24,b-single,4,19666,1,75.17
s_1093,5210,226,b-single,4,31583,1,80.59
s_1094,640,42,b-single,4,37539,1,92.59
s_1095,1159,51,b-single,4,32659,1,72.46
s_1096,3248,118,b-single,4,24768,1,61.58
s_1097,199,8,b-single,4,33207,1,91.73
s_1098,254,12,b-single,4,28010,1,100.00
s_1099,961,43,b-single,4,15342,0,
s_1100,930,48,b-single,4,23187,1,88.47
s_1101,70,6,b-single,4,53415,1,100.00
s_1102,1230,61,b-single,4,22601,1,65.08
s_1103,615,28,b-single,4,27818,1,89.78
s_1104,1315,44,b-single,4,28786,1,74.43
s_1105,1061,50,b-single,4,19387,1,100.00
s_1106,765,46,b-single,4,19495,1,74.56
s_1107,1253,51,b-single,4,40715,1,86.58
s_1108,621,21,b-single,4,24176,1,88.29
s_1109,481,23,b-single,4,33409,1,100.00
s_1110,677,39,b-single,4,27352,1,86.10
s_1111,1213,65,b-single,4,48060,1,79.22
s_1112,563,21,b-single,4,35253,1,66.56
s_1113,230,18,b-single,4,22598,1,85.09
s_1114,939,40,b-single,4,42747,1,97.86
s_1115,415,12,b-single,4,39165,1,83.62
s_1116,301,16,b-single,4,27082,1,90.56
s_1117,1517,85,b-single,4,21727,1,75.72
s_1118,1337,76,b-single,4,28045,1,84.37
s_1119,373,24,b-single,4,20200,1,90.29
s_1120,1389,31,b-single,4,35706,1,67.05
s_1121,148,8,b-single,4,17934,1,89.54
s_1122,350,25,b-single,4,29860,1,96.30
s_1123,504,32,b-single,4,41173,1,83.91
s_1124,2648,73,b-single,4,25875,0,
s_1125,498,18,b-single,4,39734,1,86.03
s_1126,312,19,b-single,4,19980,1,100.00
s_1127,399,14,b-single,4,36197,1,92.33
s_1128,1343,76,b-single,4,31010,1,69.70
s_1129,296,17,b-single,4,19993,0,
s_1130,4933,133,b-single,4,19094,1,71.45
s_1131,782,50,b-single,4,22708,1,78.38
s_1132,2254,87,b-single,4,14646,1,94.14
s_1133,858,27,b-single,4,34947,1,78.99
s_1134,453,38,b-single,4,16661,1,86.88
s_1135,975,47,b-single,4,20176,1,84.86
s_1136,1225,74,b-single,4,34652,1,95.78
s_1137,1969,73,b-single,4,26592,1,79.67
s_1138,546,20,b-single,4,45203,1,75.57
s_1139,811,65,b-single,4,28570,1,94.15
s_1140,558,38,b-single,4,16300,1,81.31
s_1141,786,43,b-single,4,31496,1,75.84
s_1142,846,38,b-single,4,30576,1,80.89
s_1143,1056,41,b-single,4,26282,1,86.73
s_1144,893,32,b-single,4,33144,1,94.67
s_1145,238,35,b-single,4,32472,1,99.20
s_1146,1451,53,b-single,4,27014,1,75.40
s_1147,2446,132,b-single,4,33247,1,93.81
s_1148,1309,86,b-single,4,30443,1,63.03
s_1149,1151,121,b-single,4,36887,1,74.25
s_1150,467,40,b-single,4,23876,1,86.29
s_1151,1141,58,b-single,4,36223,0,
s_1152,945,71,b-single,4,27170,1,87.76
s_1153,257,14,b-single,4,18024,1,81.67
s_1154,1746,121,b-single,4,31252,1,100.00
s_1155,215,10,b-single,4,29196,1,88.61
s_1156,55,5,b-single,4,13559,1,100.00
s_1157,1643,77,b-single,4,64458,1,81.68
s_1158,798,39,b-single,4,17774,0,
s_1159,425,49,b-single,4,18083,1,67.95
s_1160,1913,102,b-single,4,25397,0,
s_1161,1036,62,b-single,4,20573,1,81.62
s_1162,576,29,b-single,4,42839,1,100.00
s_1163,1972,63,b-single,4,32415,1,82.42
s_1164,571,45,b-single,4,19442,1,80.77
s_1165,295,17,b-single,4,31135,1,91.82
s_1166,496,35,b-single,4,36537,1,92.25
s_1167,2096,101,b-single,4,31199,1,91.83
s_1168,85,5,b-single,4,21851,1,100.00
s_1169,572,38,b-single,4,47558,1,91.09
s_1170,487,28,b-single,4,33122,1,88.79
s_1171,325,21,b-single,4,34579,1,89.68
s_1172,2115,83,b-single,4,29106,0,
s_1173,301,17,b-single,4,18912,1,100.00
s_1174,3645,130,b-single,4,39375,1,75.90
s_1175,2066,82,b-single,4,31531,1,81.67
s_1176,3914,205,b-single,4,29233,1,75.73
s_1177,2020,72,b-single,4,22911,1,95.44
s_1178,537,24,b-single,4,20150,1,82.28
s_1179,698,28,b-single,4,21715,1,72.94
s_1180,944,26,b-single,4,45117,1,80.62
s_1181,190,20,b-single,4,31440,1,67.18
s_1182,980,32,b-single,4,47426,1,79.85
s_1183,425,24,b-single,4,35255,1,90.33
s_1184,2139,131,b-single,4,39480,0,
s_1185,520,38,b-single,4,35048,1,87.75
s_1186,221,14,b-single,4,14119,1,95.66
s_1187,1320,58,b-single,4,38326,1,91.47
s_1188,1220,58,b-single,4,20881,1,84.24
s_1189,651,30,b-single,4,32881,1,72.39
s_1190,419,27,b-single,4,32241,1,73.91
s_1191,1817,105,b-single,4,29839,1,83.49
s_1192,786,35,b-single,4,20442,1,79.55
s_1193,416,24,b-single,4,30419,1,94.79
s_1194,252,15,b-single,4,41686,1,100.00
s_1195,316,18,b-single,4,19844,1,74.60
s_1196,386,14,b-single,4,27595,1,77.12
s_1197,840,37,b-single,4,34222,1,78.71
s_1198,335,20,b-single,4,39899,1,82.65
s_1199,551,20,b-single,4,26308,1,85.04
s_1200,911,43,b-single,4,17675,1,63.54
s_1201,481,49,b-single,4,21191,1,85.52
s_1202,669,31,b-single,4,23499,1,77.88
s_1203,3033,87,b-single,4,22911,1,58.57
s_1204,527,25,b-single,4,19573,1,69.93
s_1205,281,16,b-single,4,29852,1,80.25
s_1206,121,6,b-single,4,32820,1,100.00
s_1207,231,12,b-single,4,30534,1,89.57
s_1208,1612,97,b-single,4,25881,0,
s_1209,1526,65,b-single,4,37962,1,87.67
s_1210,340,29,b-single,4,24768,1,89.45
s_1211,97,6,b-single,4,18441,1,83.31
s_1212,906,35,b-single,4,10705,1,92.41
s_1213,862,74,b-single,4,35324,1,61.12
s_1214,390,23,b-single,4,26884,1,97.14
s_1215,283,18,b-single,4,14403,1,81.83
s_1216,2959,150,b-single,4,31841,0,
s_1217,247,17,b-single,4,23555,1,86.22
s_1218,180,14,b-single,4,17422,1,94.05
s_1219,835,45,b-single,4,27747,1,79.62
s_1220,1104,62,b-single,4,53135,1,77.99
s_1221,1770,77,b-single,4,21370,1,88.17
s_1222,563,24,b-single,4,30817,1,79.99
s_1223,499,18,b-single,4,23057,1,92.62
s_1224,1816,112,b-single,4,30119,0,
s_1225,1776,84,b-single,4,40431,1,69.59
s_1226,1591,77,b-single,4,23752,1,78.61
s_1227,493,24,b-single,4,26114,1,86.36
s_1228,738,30,b-single,4,32940,1,74.74
s_1229,981,43,b-single,4,23132,1,69.68
s_1230,575,25,b-single,4,24935,1,77.00
s_1231,1358,88,b-single,4,25902,1,87.94
s_1232,575,24,b-single,4,20511,1,86.20
s_1233,1617,72,b-single,4,21361,0,
s_1234,226,15,b-single,4,22385,1,68.16
s_1235,470,34,b-single,4,24786,1,93.85
s_1236,1245,47,b-single,4,25475,1,97.00
s_1237,255,33,b-single,4,33401,1,93.27
s_1238,511,24,b-single,4,16052,1,89.79
s_1239,1969,118,b-single,4,47509,1,67.58
s_1240,1491,56,b-single,4,74638,0,
s_1241,505,37,b-single,4,19470,1,100.00
s_1242,362,25,b-single,4,27398,1,90.16
s_1243,1514,60,b-single,4,25932,1,79.87
s_1244,465,20,b-single,4,18766,1,81.15
s_1245,749,55,b-single,4,19673,1,82.81
s_1246,670,38,b-single,4,26645,1,77.22
s_1247,171,12,b-single,4,42621,1,100.00
s_1248,585,41,b-single,4,24532,1,86.69
s_1249,803,30,b-single,4,29708,0,
s_1250,664,39,b-single,4,35287,1,88.12
s_1251,652,27,b-single,4,19001,1,71.76
s_1252,541,50,b-single,4,31482,1,93.79
s_1253,5499,217,b-single,4,28055,1,86.08
s_1254,2775,141,b-single,4,28056,1,76.94
s_1255,1074,80,b-single,4,20233,1,81.69
s_1256,442,38,b-single,4,39511,1,91.69
s_1257,272,17,b-single,4,29411,1,83.56
s_1258,2470,90,b-single,4,31998,1,88.87
s_1259,797,42,b-single,4,35303,1,100.00
s_1260,491,29,b-single,4,22388,1,100.00
s_1261,298,22,b-single,4,46862,1,68.12
s_1262,313,12,b-single,4,33608,1,86.76
s_1263,1025,52,b-single,4,27067,1,82.88
s_1264,42,4,b-single,4,26185,1,100.00
s_1265,354,29,b-single,4,23177,1,84.58
s_1266,648,39,b-single,4,35939,1,88.91
s_1267,972,51,b-single,4,20653,1,93.57
s_1268,1440,59,b-single,4,19345,0,
s_1269,1005,73,b-single,4,11822,1,76.69
s_1270,392,23,b-single,4,21780,1,72.26
s_1271,617,48,b-single,4,22901,0,
s_1272,577,28,b-single,4,38411,1,95.46
s_1273,324,38,b-single,4,24417,1,100.00
s_1274,672,69,b-single,4,23804,1,73.85
s_1275,4408,128,b-single,4,39635,1,72.15
s_1276,622,46,b-single,4,22819,1,89.45
s_1277,1430,54,b-single,4,27866,1,90.63
s_1278,2033,101,b-single,4,31076,1,86.32
s_1279,302,21,b-single,4,32764,1,99.44
s_1280,947,27,b-single,4,24096,1,86.77
s_1281,4335,202,b-single,4,31003,0,
s_1282,678,48,b-single,4,35508,0,
s_1283,549,23,b-single,4,25698,1,87.50
s_1284,634,27,b-single,4,12422,0,
s_1285,947,65,b-single,4,19731,1,83.58
s_1286,415,26,b-single,4,17291,1,89.90
s_1287,127,7,b-single,4,22373,1,81.13
s_1288,264,15,b-single,4,16295,1,100.00
s_1289,761,35,b-single,4,12051,1,81.25
s_1290,1038,52,b-single,4,16314,1,100.00
s_1291,961,40,b-single,4,30308,1,88.59
s_1292,66,5,b-single,4,25129,1,90.67
s_1293,809,44,b-single,4,44813,1,79.87
s_1294,948,49,b-single,4,23410,1,79.28
s_1295,2911,115,b-single,4,24202,1,80.66
s_1296,428,22,b-single,4,26657,0,
s_1297,381,24,b-single,4,22255,1,91.72
s_1298,2705,65,b-single,4,24178,1,77.29
s_1299,886,74,b-single,4,29554,0,
s_1300,1191,77,b-single,4,23801,1,87.99
s_1301,463,23,b-single,4,26530,1,98.28
s_1302,987,47,b-single,4,46558,0,
s_1303,1152,55,b-single,4,22446,1,50.55
s_1304,237,17,b-single,4,37115,1,100.00
s_1305,249,13,b-single,4,27161,1,100.00
s_1306,1099,74,b-single,4,25259,0,
s_1307,2037,69,b-single,4,41481,1,83.59
s_1308,491,43,b-single,4,23500,1,95.68
s_1309,1945,173,b-single,4,30311,0,
s_1310,1600,49,b-single,4,33752,0,
s_1311,1408,56,b-single,4,34299,1,94.26
s_1312,489,26,b-single,4,33437,1,74.95
s_1313,262,20,b-single,4,22370,1,84.01
s_1314,232,14,b-single,4,21612,1,74.85
s_1315,203,15,b-single,4,23475,1,95.42
s_1316,1170,50,b-single,4,34580,0,
s_1317,1244,56,b-single,4,47130,1,78.43
s_1318,243,25,b-single,4,32232,1,80.42
s_1319,1459,107,b-single,4,25225,1,76.63
s_1320,1197,58,b-single,4,20697,1,68.16
s_1321,578,19,b-single,4,17409,1,100.00
s_1322,410,23,b-single,4,33117,1,90.12
s_1323,1330,45,b-single,4,34615,1,80.58
s_1324,872,45,b-single,4,44420,1,90.08
s_1325,784,63,b-single,4,31946,1,79.19
s_1326,1251,42,b-single,4,33481,1,66.50
s_1327,87,3,b-single,4,19227,1,64.16
s_1328,219,8,b-single,4,48737,1,65.58
s_1329,304,15,b-single,4,20580,1,72.00
s_1330,1174,46,b-single,4,25969,1,94.69
s_1331,947,52,b-single,4,32000,0,
s_1332,1030,28,b-single,4,24709,1,86.91
s_1333,107,4,b-single,4,21693,1,76.99
s_1334,156,7,b-single,4,32331,1,79.06
s_1335,85,4,b-single,4,19998,1,79.84
s_1336,2409,91,b-single,4,21014,1,86.01
s_1337,1154,103,b-single,4,26760,1,94.87
s_1338,115,13,b-single,4,25725,1,95.52
s_1339,127,12,b-single,4,34087,1,92.42
s_1340,148,25,b-single,4,29985,1,98.58
s_1341,304,11,b-single,4,37494,1,95.45
s_1342,886,39,b-single,4,37605,1,89.94
s_1343,364,32,b-single,4,52482,1,94.58
s_1344,1807,102,b-single,4,42528,1,89.77
s_1345,416,21,b-single,4,26941,1,70.06
s_1346,1332,67,b-single,4,37647,1,73.21
s_1347,332,30,b-single,4,25393,1,100.00
s_1348,171,17,b-single,4,27772,1,77.58
s_1349,579,21,b-single,4,25324,1,85.51
s_1350,367,14,b-single,4,16336,1,81.69
s_1351,2275,68,b-single,4,38801,1,84.09
s_1352,1246,52,b-single,4,15667,0,
s_1353,1015,51,b-single,4,18440,1,93.28
s_1354,252,10,b-single,4,31560,1,76.90
s_1355,655,30,b-single,4,26092,1,67.75
s_1356,250,23,b-single,4,21223,1,100.00
s_1357,780,61,b-single,4,24801,1,89.65
s_1358,674,30,b-single,4,27068,1,100.00
s_1359,763,35,b-single,4,30222,1,80.46
s_1360,642,27,b-single,4,32988,1,84.09
s_1361,254,23,b-single,4,14498,1,86.92
s_1362,628,28,b-single,4,40437,1,95.89
s_1363,1121,63,b-single,4,19560,1,75.18
s_1364,2737,117,b-single,4,18000,1,86.79
s_1365,1207,44,b-single,4,15746,1,89.80
s_1366,1617,64,b-single,4,32496,0,
s_1367,616,24,b-single,4,24102,1,84.66
s_1368,506,22,b-single,4,19943,1,85.80
s_1369,955,71,b-single,4,40841,1,83.45
s_1370,865,40,b-single,4,21949,1,91.31
s_1371,4652,229,b-single,4,37850,0,
s_1372,698,66,b-single,4,26855,1,96.05
s_1373,650,33,b-single,4,29847,1,84.34
s_1374,2230,121,b-single,4,23828,1,69.84
s_1375,1318,70,b-single,4,29165,1,70.75
s_1376,464,27,b-single,4,43425,1,100.00
s_1377,808,45,b-single,4,19227,1,62.17
s_1378,551,16,b-single,4,21941,1,88.03
s_1379,864,33,b-single,4,26037,0,
s_1380,583,16,b-single,4,18179,1,89.24
s_1381,1133,31,b-single,4,27168,1,85.33
s_1382,1307,85,b-single,4,23325,0,
s_1383,1151,48,b-single,4,30498,1,86.93
s_1384,884,29,b-single,4,11874,1,82.47
s_1385,1385,49,b-single,4,32875,0,
s_1386,5662,404,b-single,4,29873,0,
s_1387,369,24,b-single,4,17208,1,82.40
s_1388,1289,60,b-single,4,14515,1,96.54
s_1389,1340,70,b-single,4,19321,0,
s_1390,593,50,b-single,4,46213,1,93.88
s_1391,405,22,b-single,4,28162,1,84.91
s_1392,498,40,b-single,4,37433,1,84.39
s_1393,950,30,b-single,4,42261,1,69.43
s_1394,388,11,b-single,4,27439,1,84.67
s_1395,1144,45,b-single,4,33307,1,100.00
s_1396,857,53,b-single,4,16189,1,99.04
s_1397,1898,122,b-single,4,51905,1,53.24
s_1398,466,37,b-single,4,37816,1,91.20
s_1399,226,19,b-single,4,25012,1,83.21
s_1400,2306,118,b-single,4,15431,1,78.77
s_1401,427,22,b-single,4,22728,1,79.88
s_1402,403,22,b-single,4,23197,1,88.40
s_1403,701,53,b-single,4,26779,1,83.95
s_1404,1056,39,b-single,4,43619,1,71.32
s_1405,325,23,b-single,4,27353,1,63.30
s_1406,936,60,b-single,4,32816,1,67.69
s_1407,1333,42,b-single,4,24765,1,83.80
s_1408,2100,38,b-single,4,23913,1,66.41
s_1409,797,49,b-single,4,28296,1,72.38
s_1410,938,38,b-single,4,20142,0,
s_1411,464,27,b-single,4,26234,1,90.20
s_1412,188,9,b-single,4,30360,1,100.00
s_1413,1766,70,b-single,4,34256,1,92.46
s_1414,502,38,b-single,4,21088,1,82.13
s_1415,1192,42,b-single,4,41821,1,83.47
s_1416,1213,39,b-single,4,26448,1,75.01
s_1417,680,37,b-single,4,29183,1,78.90
s_1418,564,29,b-single,4,42723,1,77.98
s_1419,1364,78,b-single,4,45267,1,86.39
s_1420,738,58,b-single,4,31036,1,73.22
s_1421,1963,126,b-single,4,24999,1,84.56
s_1422,1317,85,b-single,4,38011,1,73.26
s_1423,672,32,b-single,4,22136,0,
s_1424,394,29,b-single,4,18019,1,84.60
s_1425,167,10,b-single,4,37602,1,91.92
s_1426,1124,43,b-single,4,20814,1,84.42
s_1427,1170,39,b-single,4,28155,1,78.45
s_1428,388,17,b-single,4,30636,1,100.00
s_1429,231,19,b-single,4,26090,1,73.43
s_1430,3395,146,b-single,4,20575,1,96.08
s_1431,926,49,b-single,4,17111,1,82.59
s_1432,1279,53,b-single,4,38036,1,79.79
s_1433,423,41,b-single,4,22073,1,100.00
s_1434,482,38,b-single,4,15009,1,72.61
s_1435,1028,78,b-single,4,29615,1,78.93
s_1436,3201,151,b-single,4,52463,1,100.00
s_1437,295,20,b-single,4,43415,1,92.42
s_1438,912,44,b-single,4,29580,0,
s_1439,146,16,b-single,4,26236,1,100.00
s_1440,687,38,b-single,4,20562,1,75.56
s_1441,396,26,b-single,4,14174,1,72.85
s_1442,847,39,b-single,4,41081,1,100.00
s_1443,371,14,b-single,4,43892,1,82.73
s_1444,411,26,b-single,4,18999,1,91.86
s_1445,1015,57,b-single,4,25260,1,89.80
s_1446,175,11,b-single,4,23200,1,100.00
s_1447,597,42,b-single,4,17584,1,100.00
s_1448,377,31,b-single,4,19182,1,100.00
s_1449,2663,83,b-single,4,37218,0,
s_1450,3852,200,b-single,4,49484,1,66.53
s_1451,1139,54,b-single,4,35403,1,94.00
s_1452,899,56,b-single,4,35160,1,90.53
s_1453,754,43,b-single,4,45011,1,97.26
s_1454,1944,91,b-single,4,24877,1,86.61
s_1455,573,24,b-single,4,40475,1,100.00
s_1456,2556,79,b-single,4,22434,0,
s_1457,360,18,b-single,4,28940,1,85.85
s_1458,166,11,b-single,4,32831,1,100.00
s_1459,420,21,b-single,4,32879,1,95.95
s_1460,151,8,b-single,4,23538,1,85.10
s_1461,545,22,b-single,4,22197,1,73.75
s_1462,131,8,b-single,4,27396,1,100.00
s_1463,874,43,b-single,4,27573,0,
s_1464,1111,42,b-single,4,16417,0,
s_1465,691,57,b-single,4,37750,1,91.88
s_1466,657,26,b-single,4,32561,0,
s_1467,905,59,b-single,4,28974,1,83.83
s_1468,1932,83,b-single,4,19930,1,75.35
s_1469,525,27,b-single,4,37350,0,
s_1470,339,19,b-single,4,24661,0,
s_1471,1255,65,b-single,4,30478,1,85.14
s_1472,3111,107,b-single,4,29473,1,88.03
s_1473,1183,76,b-single,4,26483,1,74.00
s_1474,717,28,b-single,4,48883,1,78.60
s_1475,4506,118,b-single,4,17567,0,
s_1476,613,37,b-single,4,37729,1,100.00
s_1477,433,20,b-single,4,26182,1,88.60
s_1478,2843,148,b-single,4,27217,0,
s_1479,1208,63,b-single,4,35070,1,95.92
s_1480,318,13,b-single,4,35084,1,100.00
s_1481,80,10,b-single,4,44610,1,98.64
s_1482,1887,111,b-single,4,44393,1,88.61
s_1483,967,66,b-single,4,33956,1,82.64
s_1484,337,22,b-single,4,28787,1,88.03
s_1485,2375,108,b-single,4,33046,1,59.02
s_1486,964,69,b-single,4,23554,1,58.09
s_1487,904,36,b-single,4,47799,1,85.51
s_1488,955,44,b-single,4,40154,1,97.69
s_1489,275,18,b-single,4,38975,1,63.88
s_1490,257,13,b-single,4,34116,1,96.33
s_1491,248,15,b-single,4,21472,1,81.84
s_1492,2758,153,b-single,4,28090,1,69.10
s_1493,552,20,b-single,4,17954,1,65.01
s_1494,2271,84,b-single,4,31520,1,63.83
s_1495,1595,30,b-single,4,27944,1,83.92
s_1496,590,59,b-single,4,21771,0,
s_1497,1289,49,b-single,4,23323,1,69.19
s_1498,504,23,b-single,4,24795,1,81.61
s_1499,650,18,b-single,4,31785,1,88.85
s_1500,1488,101,b-single,4,51434,1,64.31
s_1501,788,25,b-single,4,22390,0,
s_1502,487,42,b-single,4,20186,1,81.25
s_1503,2131,140,b-single,4,26619,1,74.32
s_1504,531,16,b-single,4,28855,1,81.85
s_1505,629,31,b-single,4,22210,1,92.21
s_1506,860,36,b-single,4,25679,1,82.56
s_1507,472,28,b-single,4,28530,1,67.76
s_1508,733,50,b-single,4,24533,1,63.57
s_1509,282,8,b-single,4,27764,0,
s_1510,287,11,b-single,4,27704,1,69.96
s_1511,2487,77,b-single,4,27472,1,84.01
s_1512,1020,40,b-single,4,23296,1,81.00
s_1513,809,41,b-single,4,28456,1,91.71
s_1514,257,18,b-single,4,26229,1,87.28
s_1515,577,33,b-single,4,34970,1,100.00
s_1516,759,61,b-single,4,19291,1,78.29
s_1517,803,35,b-single,4,45385,1,96.00
s_1518,554,31,b-single,4,26608,1,98.15
s_1519,1704,111,b-single,4,26266,1,84.89
s_1520,151,13,b-single,4,45258,1,75.73
s_1521,1357,91,b-single,4,28452,1,76.18
s_1522,148,11,b-single,4,25372,1,62.56
s_1523,552,27,b-single,4,51966,1,100.00
s_1524,825,38,b-single,4,19398,1,81.10
s_1525,1525,53,b-single,4,24437,1,89.67
s_1526,790,54,b-single,4,29161,1,87.00
s_1527,709,38,b-single,4,33786,1,79.60
s_1528,544,38,b-single,4,27862,1,100.00
s_1529,367,25,b-single,4,42008,1,69.19
s_1530,614,27,b-single,4,33611,1,87.76
s_1531,2583,204,b-single,4,35852,1,84.94
s_1532,464,20,b-single,4,43557,1,100.00
s_1533,300,21,b-single,4,28559,1,95.22
s_1534,5635,321,b-single,4,43718,0,
s_1535,952,35,b-single,4,31417,1,76.31
s_1536,481,27,b-single,4,22422,1,93.57
s_1537,205,17,b-single,4,24987,1,100.00
s_1538,1823,94,b-single,4,29754,1,67.56
s_1539,641,32,b-single,4,42355,1,73.45
s_1540,993,58,b-single,4,25343,1,100.00
s_1541,2260,114,b-single,4,17915,1,73.87
s_1542,271,15,b-single,4,29075,1,93.04
s_1543,1936,94,b-single,4,44195,1,81.34
s_1544,506,26,b-single,4,32654,1,78.84
s_1545,1203,47,b-single,4,45566,1,64.07
s_1546,749,25,b-single,4,31390,1,89.32
s_1547,935,50,b-single,4,18674,1,81.79
s_1548,821,36,b-single,4,31821,1,99.96
s_1549,455,18,b-single,4,23214,1,68.78
s_1550,2397,58,b-single,4,24707,1,73.91
s_1551,138,7,b-single,4,34597,1,100.00
s_1552,93,7,b-single,4,28067,1,92.82
s_1553,1004,73,b-single,4,34671,1,77.61
s_1554,2798,108,b-single,4,35636,1,83.36
s_1555,861,29,b-single,4,25650,1,74.41
s_1556,1007,59,b-single,4,30839,1,82.50
s_1557,846,48,b-single,4,21050,1,75.42
s_1558,732,46,b-single,4,22563,1,91.27
s_1559,1189,49,b-single,4,34519,1,96.38
s_1560,555,38,b-single,4,35130,1,84.06
s_1561,1650,75,b-single,4,16839,1,76.73
s_1562,574,21,b-single,4,27273,1,97.50
s_1563,865,26,b-single,4,29789,1,80.43
s_1564,695,39,b-single,4,31806,1,85.82
s_1565,1358,50,b-single,4,22765,1,81.27
s_1566,1890,73,b-single,4,20634,1,95.11
s_1567,346,18,b-single,4,37984,1,75.91
s_1568,190,15,b-single,4,29105,1,86.02
s_1569,606,29,b-single,4,43324,1,69.37
s_1570,658,31,b-single,4,37306,1,63.74
s_1571,97,9,b-single,4,21227,1,100.00
s_1572,552,45,b-single,4,18745,1,73.24
s_1573,202,21,b-single,4,32712,1,73.56
s_1574,852,32,b-single,4,37503,1,85.97
s_1575,858,56,b-single,4,45450,1,92.55
s_1576,591,36,b-single,4,19497,1,72.38
s_1577,692,32,b-single,4,33262,1,78.48
s_1578,840,44,b-single,4,38922,1,93.73
s_1579,974,57,b-single,4,21059,1,100.00
s_1580,1385,84,b-single,4,26692,1,83.90
s_1581,1253,73,b-single,4,26670,1,71.06
s_1582,722,44,b-single,4,21279,1,90.62
s_1583,1759,131,b-single,4,13406,0,
s_1584,586,49,b-single,4,22135,1,94.98
s_1585,228,17,b-single,4,24842,1,88.52
s_1586,1032,40,b-single,4,53008,1,78.50
s_1587,486,19,b-single,4,39212,1,80.85
s_1588,303,17,b-single,4,29620,1,82.14
s_1589,1933,50,b-single,4,41387,1,83.37
s_1590,164,12,b-single,4,36811,1,74.36
s_1591,57,7,b-single,4,39501,1,81.35
s_1592,4287,253,b-single,4,13329,1,80.48
s_1593,877,56,b-single,4,26785,1,93.90
s_1594,478,49,b-single,4,20176,1,90.88
s_1595,1002,44,b-single,4,37134,1,87.30
s_1596,666,36,b-single,4,31798,1,91.31
s_1597,2256,141,b-single,4,19279,1,74.36
s_1598,569,50,b-single,4,20807,1,77.69
s_1599,488,25,b-single,4,49367,1,83.72
s_1600,1057,56,b-single,4,20980,1,85.02
s_1601,1337,62,b-single,4,28003,1,68.01
s_1602,748,28,b-single,4,31334,1,74.58
s_1603,316,14,b-single,4,34557,1,100.00
s_1604,184,26,b-single,4,22492,1,94.93
s_1605,808,42,b-single,4,23711,1,88.59
s_1606,521,59,b-single,4,29388,1,61.79
s_1607,327,25,b-single,4,40544,1,98.09
s_1608,408,20,b-single,4,38949,1,97.59
s_1609,805,37,b-single,4,31300,1,81.60
s_1610,789,50,b-single,4,48594,1,99.73
s_1611,1212,52,b-single,4,39156,1,85.48
s_1612,276,10,b-single,4,21602,1,98.37
s_1613,3385,86,b-single,4,28156,1,91.17
s_1614,1237,56,b-single,4,15686,1,77.11
s_1615,1313,132,b-single,4,32268,1,99.57
s_1616,489,29,b-single,4,40402,1,80.07
s_1617,828,62,b-single,4,18432,1,79.89
s_1618,108,7,b-single,4,25454,1,98.13
s_1619,1322,62,b-single,4,32303,1,85.94
s_1620,976,61,b-single,4,23479,1,81.48
s_1621,1371,72,b-single,4,32802,1,68.51
s_1622,9918,362,b-single,4,43147,0,
s_1623,1159,99,b-single,4,25296,1,71.28
s_1624,3231,219,b-single,4,20820,0,
s_1625,862,41,b-single,4,31750,1,85.44
s_1626,189,15,b-single,4,26068,1,95.82
s_1627,414,13,b-single,4,39385,1,93.09
s_1628,1196,103,b-single,4,30824,1,100.00
s_1629,672,42,b-single,4,37618,1,87.68
s_1630,392,24,b-single,4,30139,1,95.24
s_1631,223,17,b-single,4,31128,1,100.00
s_1632,325,15,b-single,4,34527,1,97.67
s_1633,608,30,b-single,4,24523,1,73.46
s_1634,689,53,b-single,4,19948,0,
s_1635,3504,163,b-single,4,28690,1,87.14
s_1636,104,8,b-single,4,35805,1,75.36
s_1637,389,13,b-single,4,18422,1,77.09
s_1638,690,25,b-single,4,26491,1,100.00
s_1639,1379,71,b-single,4,18595,1,76.79
s_1640,713,31,b-single,4,15846,1,64.38
s_1641,554,18,b-single,4,26464,1,100.00
s_1642,1048,61,b-single,4,23513,1,97.05
s_1643,727,35,b-single,4,14724,1,95.31
s_1644,1763,104,b-single,4,33457,1,83.04
s_1645,2937,123,b-single,4,38961,1,97.56
s_1646,2838,155,b-single,4,31545,1,85.06
s_1647,1844,116,b-single,4,51597,0,
s_1648,215,8,b-single,4,32116,1,89.14
s_1649,1029,50,b-single,4,45319,1,78.71
s_1650,789,32,b-single,4,21304,1,88.68
s_1651,3991,181,b-single,4,29141,1,70.41
s_1652,1105,44,b-single,4,37783,1,94.06
s_1653,330,29,b-single,4,21440,1,82.51
s_1654,1689,88,b-single,4,31295,1,86.84
s_1655,454,20,b-single,4,24954,1,91.55
s_1656,242,25,b-single,4,27506,1,88.04
s_1657,289,22,b-single,4,28145,1,93.59
s_1658,1589,129,b-single,4,48668,1,84.54
s_1659,320,11,b-single,4,20438,0,
s_1660,817,30,b-single,4,25530,1,82.01
s_1661,1664,42,b-single,4,43822,0,
s_1662,243,12,b-single,4,38316,1,72.72
s_1663,497,27,b-single,4,30978,1,83.98
s_1664,1623,75,b-single,4,53104,1,82.57
s_1665,296,18,b-single,4,21419,1,80.85
s_1666,447,27,b-single,4,33774,1,74.48
s_1667,77,4,b-single,4,17222,1,99.93
s_1668,406,13,b-single,4,22154,1,78.65
s_1669,659,49,b-single,4,25135,1,77.13
s_1670,461,16,b-single,4,30291,1,69.98
s_1671,678,36,b-single,4,25194,1,79.33
s_1672,1467,47,b-single,4,25477,1,86.23
s_1673,113,8,b-single,4,21915,1,72.05
s_1674,541,49,b-single,4,26929,1,81.34
s_1675,706,41,b-single,4,29014,1,85.27
s_1676,2132,99,b-single,4,27282,0,
s_1677,461,35,b-single,4,35906,1,87.82
s_1678,1097,47,b-single,4,18800,1,100.00
s_1679,501,35,b-single,4,34257,1,90.76
s_1680,238,9,b-single,4,25429,1,61.36
s_1681,1775,85,b-single,4,42935,1,88.57
s_1682,503,24,b-single,4,20690,1,77.89
s_1683,199,20,b-single,4,41890,1,81.47
s_1684,84,6,b-single,4,35947,1,84.41
s_1685,5446,175,b-single,4,20008,0,
s_1686,847,49,b-single,4,45838,1,71.30
s_1687,293,14,b-single,4,26298,1,77.29
s_1688,1119,57,b-single,4,23695,1,99.64
s_1689,1243,73,b-single,4,26536,1,93.11
s_1690,11670,389,b-single,4,44908,1,75.65
s_1691,350,20,b-single,4,31386,1,100.00
s_1692,187,16,b-single,4,22737,1,97.89
s_1693,553,48,b-single,4,35769,1,91.35
s_1694,1665,65,b-single,4,29339,1,70.50
s_1695,1268,77,b-single,4,29332,1,88.16
s_1696,917,44,b-single,4,25091,1,98.08
s_1697,1710,73,b-single,4,22749,1,73.52
s_1698,390,24,b-single,4,18219,1,88.64
s_1699,267,19,b-single,4,15660,1,91.38
s_1700,597,24,b-single,4,21440,1,98.69
s_1701,463,30,b-single,4,25591,1,86.39
s_1702,795,46,b-single,4,22309,1,94.22
s_1703,789,49,b-single,4,19790,1,83.23
s_1704,429,18,b-single,4,24111,1,100.00
s_1705,941,71,b-single,4,36796,1,86.27
s_1706,1643,56,b-single,4,27874,0,
s_1707,82,6,b-single,4,29990,1,100.00
s_1708,889,59,b-single,4,31758,0,
s_1709,47,4,b-single,4,36681,1,100.00
s_1710,1772,70,b-single,4,27546,1,76.47
s_1711,2152,113,b-single,4,27391,1,81.47
s_1712,1066,73,b-single,4,21459,1,90.16
s_1713,1387,63,b-single,4,35763,1,84.81
s_1714,737,63,b-single,4,20642,1,70.94
s_1715,680,51,b-single,4,32015,1,100.00
s_1716,4354,113,b-single,4,33022,0,
s_1717,318,34,b-single,4,23377,1,91.56
s_1718,898,52,b-single,4,35500,1,89.25
s_1719,367,17,b-single,4,36651,1,79.94
s_1720,284,14,b-single,4,25268,1,98.19
s_1721,380,13,b-single,4,32900,1,92.32
s_1722,243,17,b-single,4,31322,1,100.00
s_1723,549,41,b-single,4,42629,1,98.78
s_1724,1987,107,b-single,4,27318,0,
s_1725,1503,83,b-single,4,30762,1,80.41
s_1726,2343,125,b-single,4,24960,0,
s_1727,443,16,b-single,4,28532,1,100.00
s_1728,456,14,b-single,4,28212,1,65.56
s_1729,1273,37,b-single,4,25987,1,76.58
s_1730,977,42,b-single,4,35465,1,96.70
s_1731,8444,367,b-single,4,42665,1,80.76
s_1732,565,29,b-single,4,37359,1,73.24
s_1733,253,21,b-single,4,46217,1,90.29
s_1734,276,15,b-single,4,19072,1,99.43
s_1735,676,48,b-single,4,26436,1,76.48
s_1736,793,42,b-single,4,21880,1,57.69
s_1737,1376,70,b-single,4,34702,1,75.45
s_1738,621,19,b-single,4,42631,1,84.64
s_1739,593,23,b-single,4,21121,1,100.00
s_1740,1054,41,b-single,4,24773,1,81.48
s_1741,359,18,b-single,4,26388,1,97.04
s_1742,385,25,b-single,4,26311,1,88.31
s_1743,359,19,b-single,4,45704,1,85.61
s_1744,2804,69,b-single,4,52272,1,60.82
s_1745,684,19,b-single,4,31402,1,78.36
s_1746,757,61,b-single,4,37386,1,63.78
s_1747,317,30,b-single,4,25207,1,83.28
s_1748,999,44,b-single,4,23436,1,69.51
s_1749,2216,72,b-single,4,47118,1,81.87
s_1750,1058,61,b-single,4,30029,1,83.23
s_1751,129,13,b-single,4,16820,1,86.59
s_1752,399,18,b-single,4,35740,1,68.52
s_1753,1635,96,b-single,4,24187,1,87.75
s_1754,258,14,b-single,4,37647,1,73.95
s_1755,1762,120,b-single,4,20314,0,
s_1756,277,17,b-single,4,27850,1,94.49
s_1757,482,20,b-single,4,24874,1,89.92
s_1758,2227,185,b-single,4,33936,1,78.18
s_1759,2390,102,b-single,4,46765,1,70.94
s_1760,255,20,b-single,4,21619,1,98.49
s_1761,794,53,b-single,4,22252,1,74.73
s_1762,91,7,b-single,4,32504,1,100.00
s_1763,93,5,b-single,4,29701,1,100.00
s_1764,185,20,b-single,4,34310,1,85.95
s_1765,139,5,b-single,4,33442,1,87.79
s_1766,1468,62,b-single,4,24135,1,79.50
s_1767,1499,98,b-single,4,19958,1,88.45
s_1768,1766,107,b-single,4,20512,1,71.80
s_1769,1160,67,b-single,4,39819,1,80.74
s_1770,1436,73,b-single,4,20532,1,77.73
s_1771,279,16,b-single,4,31480,1,81.44
s_1772,1525,104,b-single,4,47358,0,
s_1773,1035,92,b-single,4,24474,1,81.78
s_1774,449,30,b-single,4,26565,1,75.88
s_1775,1081,84,b-single,4,24081,1,77.05
s_1776,728,18,b-single,4,26308,1,79.04
s_1777,1020,43,b-single,4,43401,1,73.00
s_1778,3513,158,b-single,4,18621,0,
s_1779,670,30,b-single,4,33393,1,90.41
s_1780,679,44,b-single,4,42556,1,100.00
s_1781,1015,75,b-single,4,19791,1,74.71
s_1782,241,14,b-single,4,23398,1,87.70
s_1783,457,18,b-single,4,21907,0,
s_1784,1922,94,b-single,4,44863,1,100.00
s_1785,110,17,b-single,4,34767,1,100.00
s_1786,1774,90,b-single,4,26385,1,77.28
s_1787,654,38,b-single,4,25850,1,78.95
s_1788,486,41,b-single,4,30001,1,100.00
s_1789,919,41,b-single,4,29037,1,73.01
s_1790,623,47,b-single,4,25218,1,98.44
s_1791,1205,39,b-single,4,20467,1,100.00
s_1792,2164,75,b-single,4,22769,1,73.87
s_1793,2824,70,b-single,4,27329,1,85.81
s_1794,661,46,b-single,4,44335,1,72.02
s_1795,454,26,b-single,4,24335,1,93.97
s_1796,578,20,b-single,4,39533,1,93.75
s_1797,851,25,b-single,4,17015,1,91.87
s_1798,170,11,b-single,4,25335,1,100.00
s_1799,3481,203,b-single,4,24006,1,77.71
s_1800,655,32,b-single,4,35403,1,93.59
s_1801,2170,83,b-single,4,21766,0,
s_1802,931,39,b-single,4,25904,1,87.49
s_1803,1903,73,b-single,4,35959,1,100.00
s_1804,79,6,b-single,4,18557,1,91.28
s_1805,1384,51,b-single,4,19377,1,77.16
s_1806,133,7,b-single,4,40544,1,100.00
s_1807,565,32,b-single,4,20868,1,78.88
s_1808,1071,51,b-single,4,29894,0,
s_1809,622,35,b-single,4,17885,1,96.53
s_1810,1388,73,b-single,4,36983,1,88.06
s_1811,554,36,b-single,4,24860,1,83.36
s_1812,1500,82,b-single,4,29095,0,
s_1813,353,31,b-single,4,27905,1,94.12
s_1814,5428,217,b-single,4,16647,1,68.84
s_1815,852,50,b-single,4,21692,1,75.77
s_1816,1775,60,b-single,4,25538,1,75.06
s_1817,1011,37,b-single,4,19977,1,83.82
s_1818,576,48,b-single,4,39701,1,93.78
s_1819,1642,62,b-single,4,24040,1,93.09
s_1820,280,16,b-single,4,35782,1,92.66
s_1821,2314,95,b-single,4,17328,1,75.80
s_1822,2372,121,b-single,4,21699,1,89.89
s_1823,696,37,b-single,4,34110,1,79.47
s_1824,1432,101,b-single,4,12800,1,78.34
s_1825,544,34,b-single,4,23078,1,89.17
s_1826,1488,69,b-single,4,16233,1,79.80
s_1827,443,25,b-single,4,24753,1,93.03
s_1828,283,17,b-single,4,42543,1,87.52
s_1829,91,8,b-single,4,31005,1,100.00
s_1830,7167,256,b-single,4,31766,0,
s_1831,284,12,b-single,4,25171,1,98.15
s_1832,878,71,b-single,4,27902,1,66.94
s_1833,750,24,b-single,4,23480,1,100.00
s_1834,106,6,b-single,4,20229,1,83.11
s_1835,130,6,b-single,4,24936,1,89.91
s_1836,1071,53,b-single,4,29290,1,67.73
s_1837,867,23,b-single,4,54365,1,80.16
s_1838,387,16,b-single,4,23443,1,68.30
s_1839,175,13,b-single,4,23030,1,90.05
s_1840,2693,126,b-single,4,29078,0,
s_1841,6413,261,b-single,4,22669,1,76.44
s_1842,1214,63,b-single,4,32478,1,78.61
s_1843,417,22,b-single,4,39789,1,94.90
s_1844,1311,57,b-single,4,33565,1,70.42
s_1845,1473,59,b-single,4,22521,1,85.26
s_1846,3664,104,b-single,4,28960,1,77.46
s_1847,1993,142,b-single,4,26886,1,72.97
s_1848,291,8,b-single,4,28362,1,70.81
s_1849,687,36,b-single,4,29091,0,
s_1850,616,60,b-single,4,38850,1,75.07
s_1851,337,17,b-single,4,29198,1,83.37
s_1852,3137,153,b-single,4,43744,1,74.84
s_1853,1013,40,b-single,4,22011,1,82.05
s_1854,574,30,b-single,4,28420,1,100.00
s_1855,1499,73,b-single,4,32645,0,
s_1856,1178,37,b-single,4,33963,1,100.00
s_1857,1476,108,b-single,4,37557,1,93.93
s_1858,419,39,b-single,4,21844,1,73.96
s_1859,966,77,b-single,4,32048,1,79.46
s_1860,962,58,b-single,4,19464,1,87.30
s_1861,1230,51,b-single,4,43055,1,80.30
s_1862,1066,47,b-single,4,17221,1,88.11
s_1863,127,7,b-single,4,25557,1,88.58
s_1864,4513,150,b-single,4,35306,0,
s_1865,924,53,b-single,4,17857,1,88.90
s_1866,2082,87,b-single,4,30467,1,94.29
s_1867,761,29,b-single,4,23759,1,84.88
s_1868,1521,66,b-single,4,49382,1,80.00
s_1869,1000,46,b-single,4,29652,1,82.91
s_1870,556,19,b-single,4,29423,1,74.97
s_1871,455,19,b-single,4,22871,1,97.37
s_1872,1566,79,b-single,4,23824,0,
s_1873,1328,63,b-single,4,18295,0,
s_1874,365,16,b-single,4,31543,0,
s_1875,689,35,b-single,4,23514,1,100.00
s_1876,321,17,b-single,4,43364,1,90.54
s_1877,2661,74,b-single,4,20862,1,80.38
s_1878,598,46,b-single,4,30203,0,
s_1879,2625,107,b-single,4,19937,1,73.51
s_1880,514,45,b-single,4,21632,1,100.00
s_1881,438,24,b-single,4,31747,1,73.73
s_1882,2131,64,b-single,4,34647,0,
s_1883,4191,168,b-single,4,28423,0,
s_1884,832,45,b-single,4,14390,1,100.00
s_1885,433,20,b-single,4,14723,1,69.85
s_1886,538,32,b-single,4,25911,1,100.00
s_1887,5126,211,b-single,4,30580,1,89.40
s_1888,1158,26,b-single,4,19119,1,70.18
s_1889,118,7,b-single,4,55080,1,100.00
s_1890,1090,34,b-single,4,36298,1,79.27
s_1891,3648,121,b-single,4,29819,1,70.08
s_1892,244,11,b-single,4,24303,1,94.91
s_1893,691,43,b-single,4,30951,1,79.78
s_1894,226,17,b-single,4,25021,1,85.21
s_1895,1380,48,b-single,4,55144,1,68.78
s_1896,798,44,b-single,4,23808,1,87.90
s_1897,463,22,b-single,4,22557,0,
s_1898,1365,109,b-single,4,34973,1,90.26
s_1899,870,58,b-single,4,23587,1,74.31
s_1900,1245,53,b-single,4,33432,0,
s_1901,538,13,b-single,4,17909,1,100.00
s_1902,746,52,b-single,4,32292,1,81.97
s_1903,3013,106,b-single,4,38326,1,73.19
s_1904,2445,66,b-single,4,25235,1,95.07
s_1905,200,8,b-single,4,26288,1,98.19
s_1906,955,51,b-single,4,49702,1,76.34
s_1907,465,28,b-single,4,19173,1,81.31
s_1908,311,19,b-single,4,29381,1,96.41
s_1909,286,18,b-single,4,22420,1,86.19
s_1910,1073,62,b-single,4,44740,0,
s_1911,736,31,b-single,4,29219,1,81.73
s_1912,191,11,b-single,4,34976,1,75.97
s_1913,255,20,b-single,4,36058,1,100.00
s_1914,1148,69,b-single,4,16292,1,79.28
s_1915,933,54,b-single,4,23301,1,72.20
s_1916,748,40,b-single,4,14934,1,91.28
s_1917,727,30,b-single,4,30226,1,97.90
s_1918,205,15,b-single,4,29192,1,87.14
s_1919,749,49,b-single,4,11691,1,73.42
s_1920,809,61,b-single,4,33787,1,90.36
s_1921,1038,59,b-single,4,53884,1,76.99
s_1922,828,36,b-single,4,35694,1,90.74
s_1923,507,26,b-single,4,32396,1,76.30
s_1924,4852,318,b-single,4,28953,1,76.63
s_1925,1309,73,b-single,4,40694,0,
s_1926,2916,145,b-single,4,26533,1,82.65
s_1927,415,35,b-single,4,12245,1,79.74
s_1928,210,11,b-single,4,25888,1,81.78
s_1929,1307,105,b-single,4,19943,1,83.82
s_1930,551,25,b-single,4,31581,0,
s_1931,134,7,b-single,4,29274,1,86.53
s_1932,644,46,b-single,4,25698,1,94.54
s_1933,485,20,b-single,4,35356,1,100.00
s_1934,382,27,b-single,4,27071,0,
s_1935,2545,150,b-single,4,13279,1,85.33
s_1936,329,20,b-single,4,26062,0,
s_1937,1231,64,b-single,4,13638,1,85.57
s_1938,574,33,b-single,4,23015,1,89.21
s_1939,2607,135,b-single,4,46518,1,68.49
s_1940,2987,143,b-single,4,28634,1,77.31
s_1941,1991,77,b-single,4,32620,1,78.94
s_1942,2387,116,b-single,4,21887,1,68.75
s_1943,1679,88,b-single,4,28785,1,77.88
s_1944,484,14,b-single,4,42608,1,100.00
s_1945,501,54,b-single,4,32561,1,72.44
s_1946,322,30,b-single,4,21993,1,64.53
s_1947,1615,74,b-single,4,23498,1,86.74
s_1948,1442,125,b-single,4,36175,1,69.95
s_1949,1640,97,b-single,4,18540,1,78.84
s_1950,2121,119,b-single,4,25710,1,94.73
s_1951,2322,100,b-single,4,15009,0,
s_1952,907,62,b-single,4,18923,0,
s_1953,386,20,b-single,4,48539,1,92.38
s_1954,1596,86,b-single,4,17530,1,83.86
s_1955,4091,130,b-single,4,29269,0,
s_1956,1692,80,b-single,4,21718,1,81.83
s_1957,79,6,b-single,4,38072,1,95.31
s_1958,1151,38,b-single,4,28614,1,94.46
s_1959,395,28,b-single,4,34861,1,80.54
s_1960,354,12,b-single,4,27088,1,71.31
s_1961,266,23,b-single,4,26785,1,54.15
s_1962,1078,56,b-single,4,20135,1,71.64
s_1963,794,58,b-single,4,20035,0,
s_1964,471,33,b-single,4,31595,1,88.19
s_1965,254,24,b-single,4,26362,1,98.78
s_1966,2958,143,b-single,4,27272,1,78.32
s_1967,134,8,b-single,4,18467,1,100.00
s_1968,552,29,b-single,4,21986,1,98.42
s_1969,618,24,b-single,4,28539,1,92.51
s_1970,105,11,b-single,4,21979,1,78.70
s_1971,1449,52,b-single,4,23894,1,79.38
s_1972,1771,77,b-single,4,18147,1,88.66
s_1973,355,13,b-single,4,24499,1,87.65
s_1974,2381,85,b-single,4,44374,1,82.89
s_1975,2126,94,b-single,4,28080,1,76.06
s_1976,986,75,b-single,4,18166,1,100.00
s_1977,5536,274,b-single,4,51953,1,86.81
s_1978,501,35,b-single,4,35690,1,93.13
s_1979,3268,213,b-single,4,31992,1,86.39
s_1980,662,47,b-single,4,36046,1,95.39
s_1981,1258,92,b-single,4,14364,0,
s_1982,1307,58,b-single,4,25828,1,69.45
s_1983,1460,77,b-single,4,30261,1,88.08
s_1984,3122,111,b-single,4,26645,1,72.18
s_1985,798,82,b-single,4,35250,1,85.48
s_1986,800,25,b-single,4,16830,1,71.16
s_1987,662,30,b-single,4,45881,1,89.06
s_1988,1383,45,b-single,4,36095,1,100.00
s_1989,991,66,b-single,4,34765,1,73.93
s_1990,901,41,b-single,4,19762,1,91.48
s_1991,539,33,b-single,4,34982,1,71.92
s_1992,83,4,b-single,4,13913,1,100.00
s_1993,220,11,b-single,4,44239,1,90.30
s_1994,329,16,b-single,4,35983,0,
s_1995,586,46,b-single,4,35667,1,87.15
s_1996,993,37,b-single,4,19557,1,65.14
s_1997,168,9,b-single,4,37510,1,96.33
s_1998,108,9,b-single,4,20247,1,100.00
s_1999,235,18,b-single,4,53895,1,91.61
s_0000,493,23,b-nosplit,5,25881,1,75.24
s_0001,1078,40,b-nosplit,5,21878,1,83.05
s_0002,1983,77,b-nosplit,5,38159,1,86.73
s_0003,825,49,b-nosplit,5,26704,1,97.82
s_0004,1511,88,b-nosplit,5,20173,1,90.35
s_0005,367,24,b-nosplit,5,26092,1,83.36
s_0006,687,45,b-nosplit,5,16156,1,78.77
s_0007,580,27,b-nosplit,5,14473,0,
s_0008,1121,48,b-nosplit,5,38888,0,
s_0009,1419,76,b-nosplit,5,22206,1,68.87
s_0010,4867,146,b-nosplit,5,40241,1,68.75
s_0011,209,12,b-nosplit,5,20974,1,94.91
s_0012,631,39,b-nosplit,5,17137,1,100.00
s_0013,502,16,b-nosplit,5,22646,1,85.06
s_0014,992,84,b-nosplit,5,17079,1,86.23
s_0015,1234,80,b-nosplit,5,18214,1,100.00
s_0016,138,13,b-nosplit,5,16041,1,100.00
s_0017,2583,96,b-nosplit,5,17345,1,100.00
s_0018,335,13,b-nosplit,5,47735,1,82.09
s_0019,325,25,b-nosplit,5,26396,1,79.84
s_0020,1093,66,b-nosplit,5,28058,1,83.39
s_0021,921,23,b-nosplit,5,23121,1,93.23
s_0022,1723,100,b-nosplit,5,22852,1,82.49
s_0023,215,8,b-nosplit,5,42876,1,100.00
s_0024,568,29,b-nosplit,5,32393,1,92.84
s_0025,392,20,b-nosplit,5,15683,1,100.00
s_0026,339,19,b-nosplit,5,41481,1,69.15
s_0027,2091,140,b-nosplit,5,23249,1,74.23
s_0028,2054,85,b-nosplit,5,24106,1,89.31
s_0029,2508,199,b-nosplit,5,26622,0,
s_0030,181,11,b-nosplit,5,28600,1,98.52
s_0031,688,40,b-nosplit,5,27391,1,82.94
s_0032,540,44,b-nosplit,5,22945,1,93.25
s_0033,309,13,b-nosplit,5,16609,1,88.00
s_0034,357,30,b-nosplit,5,36243,1,98.89
s_0035,153,12,b-nosplit,5,28447,1,71.85
s_0036,564,36,b-nosplit,5,21163,1,79.68
s_0037,706,25,b-nosplit,5,24531,1,80.66
s_0038,341,24,b-nosplit,5,31537,1,94.72
s_0039,1508,121,b-nosplit,5,22066,1,91.97
s_0040,557,22,b-nosplit,5,30911,1,100.00
s_0041,1655,68,b-nosplit,5,25152,1,75.67
s_0042,1105,56,b-nosplit,5,25527,1,85.19
s_0043,606,37,b-nosplit,5,21368,1,80.58
s_0044,2406,200,b-nosplit,5,44011,1,100.00
s_0045,1748,81,b-nosplit,5,17799,0,
s_0046,331,15,b-nosplit,5,23821,1,89.97
s_0047,1104,48,b-nosplit,5,18718,1,81.54
s_0048,2134,140,b-nosplit,5,29808,0,
s_0049,617,30,b-nosplit,5,18056,1,83.27
s_0050,446,32,b-nosplit,5,39752,1,100.00
s_0051,862,28,b-nosplit,5,15905,1,76.84
s_0052,866,38,b-nosplit,5,27736,0,
s_0053,1046,59,b-nosplit,5,19377,1,87.65
s_0054,3163,141,b-nosplit,5,31780,1,87.46
s_0055,2588,137,b-nosplit,5,16638,1,91.00
s_0056,169,12,b-nosplit,5,53486,1,74.82
s_0057,451,21,b-nosplit,5,22792,1,96.44
s_0058,2330,82,b-nosplit,5,28239,0,
s_0059,1024,52,b-nosplit,5,33694,1,83.69
s_0060,2951,146,b-nosplit,5,23577,1,85.04
s_0061,999,53,b-nosplit,5,21802,1,93.85
s_0062,269,13,b-nosplit,5,22152,1,80.31
s_0063,1035,53,b-nosplit,5,40803,1,91.28
s_0064,1717,80,b-nosplit,5,31675,1,100.00
s_0065,146,18,b-nosplit,5,34287,1,84.01
s_0066,847,16,b-nosplit,5,27673,1,65.53
s_0067,733,50,b-nosplit,5,20884,1,100.00
s_0068,1645,71,b-nosplit,5,29860,1,94.35
s_0069,150,9,b-nosplit,5,35306,1,75.74
s_0070,1415,131,b-nosplit,5,42253,1,88.65
s_0071,1830,117,b-nosplit,5,48232,0,
s_0072,1155,53,b-nosplit,5,37548,0,
s_0073,1406,44,b-nosplit,5,29883,1,100.00
s_0074,445,13,b-nosplit,5,33111,1,91.37
s_0075,5208,229,b-nosplit,5,28192,0,
s_0076,1315,65,b-nosplit,5,38195,1,85.37
s_0077,937,66,b-nosplit,5,40396,1,100.00
s_0078,2167,118,b-nosplit,5,17612,1,80.65
s_0079,248,23,b-nosplit,5,34261,1,73.17
s_0080,2413,84,b-nosplit,5,17983,1,72.21
s_0081,361,19,b-nosplit,5,23546,1,88.68
s_0082,835,36,b-nosplit,5,38645,1,70.11
s_0083,2299,103,b-nosplit,5,26977,1,89.37
s_0084,732,35,b-nosplit,5,13572,0,
s_0085,2798,107,b-nosplit,5,19035,1,94.81
s_0086,450,32,b-nosplit,5,20948,1,85.83
s_0087,1005,32,b-nosplit,5,35366,1,91.82
s_0088,1052,60,b-nosplit,5,19955,1,91.67
s_0089,1028,25,b-nosplit,5,17117,1,91.71
s_0090,1364,72,b-nosplit,5,34614,1,85.08
s_0091,2480,90,b-nosplit,5,25348,1,85.49
s_0092,846,33,b-nosplit,5,20981,1,96.83
s_0093,586,33,b-nosplit,5,33551,1,94.59
s_0094,1443,30,b-nosplit,5,13127,1,95.63
s_0095,523,24,b-nosplit,5,24371,1,100.00
s_0096,1257,49,b-nosplit,5,31668,1,87.97
s_0097,2194,75,b-nosplit,5,25233,0,
s_0098,731,45,b-nosplit,5,22511,1,78.52
s_0099,1650,68,b-nosplit,5,22727,1,53.99
s_0100,1416,61,b-nosplit,5,32874,1,84.71
s_0101,1319,52,b-nosplit,5,24528,1,89.76
s_0102,159,15,b-nosplit,5,24320,1,100.00
s_0103,116,6,b-nosplit,5,28248,1,91.44
s_0104,2601,103,b-nosplit,5,24363,1,97.97
s_0105,151,14,b-nosplit,5,21725,1,84.49
s_0106,668,39,b-nosplit,5,31327,1,100.00
s_0107,1036,45,b-nosplit,5,26919,1,86.99
s_0108,333,16,b-nosplit,5,16440,1,100.00
s_0109,1076,70,b-nosplit,5,13649,1,91.18
s_0110,241,12,b-nosplit,5,44995,1,93.51
s_0111,484,32,b-nosplit,5,33385,1,85.79
s_0112,1041,45,b-nosplit,5,27009,1,90.54
s_0113,2140,88,b-nosplit,5,24011,1,91.32
s_0114,781,25,b-nosplit,5,15049,1,96.78
s_0115,459,26,b-nosplit,5,32722,1,91.72
s_0116,1288,43,b-nosplit,5,26472,1,99.80
s_0117,2189,71,b-nosplit,5,39924,1,75.84
s_0118,1132,41,b-nosplit,5,29794,1,76.67
s_0119,415,28,b-nosplit,5,30186,1,96.66
s_0120,891,90,b-nosplit,5,27624,0,
s_0121,287,27,b-nosplit,5,18955,1,95.25
s_0122,1589,84,b-nosplit,5,17348,1,77.59
s_0123,2682,127,b-nosplit,5,25512,0,
s_0124,378,43,b-nosplit,5,16780,1,73.23
s_0125,373,29,b-nosplit,5,29243,1,94.43
s_0126,975,58,b-nosplit,5,27885,1,83.41
s_0127,1059,46,b-nosplit,5,35544,1,100.00
s_0128,793,43,b-nosplit,5,25645,1,78.36
s_0129,5271,258,b-nosplit,5,23103,1,82.97
s_0130,3076,115,b-nosplit,5,34568,1,77.35
s_0131,136,6,b-nosplit,5,22315,1,100.00
s_0132,165,8,b-nosplit,5,20169,1,88.61
s_0133,153,12,b-nosplit,5,27248,1,100.00
s_0134,1312,60,b-nosplit,5,28221,1,95.56
s_0135,7857,338,b-nosplit,5,22375,1,84.99
s_0136,1751,75,b-nosplit,5,21530,1,90.47
s_0137,1296,93,b-nosplit,5,32058,1,84.24
s_0138,992,78,b-nosplit,5,20963,1,95.05
s_0139,296,15,b-nosplit,5,14258,1,89.58
s_0140,1792,86,b-nosplit,5,18028,1,91.33
s_0141,1257,48,b-nosplit,5,25787,1,79.63
s_0142,251,14,b-nosplit,5,18261,1,81.24
s_0143,827,58,b-nosplit,5,22719,1,100.00
s_0144,354,14,b-nosplit,5,18506,1,72.14
s_0145,687,50,b-nosplit,5,19649,1,100.00
s_0146,386,25,b-nosplit,5,26794,1,72.00
s_0147,758,38,b-nosplit,5,23569,1,72.68
s_0148,616,36,b-nosplit,5,30212,1,79.54
s_0149,294,27,b-nosplit,5,48752,1,77.69
s_0150,825,49,b-nosplit,5,27846,1,85.55
s_0151,1246,70,b-nosplit,5,14717,1,80.99
s_0152,323,16,b-nosplit,5,24072,1,87.07
s_0153,413,25,b-nosplit,5,46778,1,100.00
s_0154,3670,212,b-nosplit,5,13860,1,81.00
s_0155,1330,67,b-nosplit,5,27561,1,80.02
s_0156,739,36,b-nosplit,5,25453,1,97.63
s_0157,1289,42,b-nosplit,5,19885,0,
s_0158,159,14,b-nosplit,5,27646,1,94.93
s_0159,1187,57,b-nosplit,5,21064,1,98.64
s_0160,767,45,b-nosplit,5,24796,1,64.37
s_0161,336,22,b-nosplit,5,31805,1,83.84
s_0162,351,24,b-nosplit,5,31035,1,86.21
s_0163,278,17,b-nosplit,5,20772,1,89.10
s_0164,1851,115,b-nosplit,5,27129,1,85.15
s_0165,202,14,b-nosplit,5,54719,1,100.00
s_0166,2658,135,b-nosplit,5,24365,1,88.88
s_0167,5385,136,b-nosplit,5,29743,1,95.22
s_0168,211,14,b-nosplit,5,17036,0,
s_0169,696,54,b-nosplit,5,25440,1,95.01
s_0170,899,43,b-nosplit,5,41254,1,94.18
s_0171,78,4,b-nosplit,5,14096,1,100.00
s_0172,1021,37,b-nosplit,5,28397,0,
s_0173,716,42,b-nosplit,5,16234,1,81.14
s_0174,547,26,b-nosplit,5,24593,1,94.41
s_0175,728,48,b-nosplit,5,22742,1,100.00
s_0176,2799,229,b-nosplit,5,22933,1,88.86
s_0177,308,15,b-nosplit,5,21388,1,90.80
s_0178,1096,58,b-nosplit,5,21074,1,96.92
s_0179,11978,277,b-nosplit,5,30842,0,
s_0180,662,63,b-nosplit,5,23023,1,100.00
s_0181,170,12,b-nosplit,5,21711,1,93.83
s_0182,2369,212,b-nosplit,5,30796,1,88.69
s_0183,1854,64,b-nosplit,5,40899,0,
s_0184,222,17,b-nosplit,5,34215,1,76.18
s_0185,2544,107,b-nosplit,5,19057,1,73.13
s_0186,260,29,b-nosplit,5,35054,1,89.05
s_0187,889,49,b-nosplit,5,32579,1,87.94
s_0188,322,18,b-nosplit,5,17377,1,77.47
s_0189,314,24,b-nosplit,5,30951,1,100.00
s_0190,363,23,b-nosplit,5,19552,1,100.00
s_0191,982,70,b-nosplit,5,32016,1,100.00
s_0192,4029,165,b-nosplit,5,28411,0,
s_0193,599,20,b-nosplit,5,24500,1,78.87
s_0194,133,12,b-nosplit,5,29439,1,100.00
s_0195,366,28,b-nosplit,5,31382,1,92.25
s_0196,144,7,b-nosplit,5,46949,1,95.45
s_0197,1246,46,b-nosplit,5,34470,1,91.42
s_0198,522,34,b-nosplit,5,28134,1,81.00
s_0199,410,19,b-nosplit,5,25752,1,100.00
s_0200,680,21,b-nosplit,5,25008,1,75.85
s_0201,3083,157,b-nosplit,5,12666,0,
s_0202,266,16,b-nosplit,5,38342,1,100.00
s_0203,1066,67,b-nosplit,5,23939,1,65.88
s_0204,418,15,b-nosplit,5,20300,1,87.91
s_0205,469,18,b-nosplit,5,21745,1,93.59
s_0206,471,30,b-nosplit,5,18583,1,92.62
s_0207,238,8,b-nosplit,5,23056,1,100.00
s_0208,293,13,b-nosplit,5,26200,1,100.00
s_0209,217,9,b-nosplit,5,40650,1,100.00
s_0210,779,39,b-nosplit,5,24294,1,91.73
s_0211,2983,139,b-nosplit,5,17272,0,
s_0212,110,11,b-nosplit,5,17580,1,91.51
s_0213,375,24,b-nosplit,5,26243,1,100.00
s_0214,834,46,b-nosplit,5,20531,1,88.37
s_0215,552,36,b-nosplit,5,22015,1,60.41
s_0216,863,22,b-nosplit,5,21665,1,69.70
s_0217,147,14,b-nosplit,5,25099,1,100.00
s_0218,868,47,b-nosplit,5,20653,1,100.00
s_0219,916,38,b-nosplit,5,15295,1,73.91
s_0220,4208,98,b-nosplit,5,22463,1,89.22
s_0221,609,26,b-nosplit,5,20308,1,82.29
s_0222,1375,41,b-nosplit,5,24336,1,70.16
s_0223,669,15,b-nosplit,5,21146,1,53.37
s_0224,1097,42,b-nosplit,5,33445,1,100.00
s_0225,705,48,b-nosplit,5,29501,1,76.16
s_0226,287,22,b-nosplit,5,18496,1,91.86
s_0227,1412,39,b-nosplit,5,29375,1,90.29
s_0228,463,16,b-nosplit,5,34638,1,96.04
s_0229,702,21,b-nosplit,5,23785,1,94.73
s_0230,806,43,b-nosplit,5,21033,1,93.17
s_0231,677,22,b-nosplit,5,33265,1,100.00
s_0232,1639,75,b-nosplit,5,19948,1,89.77
s_0233,140,13,b-nosplit,5,28306,1,92.10
s_0234,827,87,b-nosplit,5,37526,1,88.11
s_0235,741,41,b-nosplit,5,24035,1,94.83
s_0236,883,27,b-nosplit,5,20354,1,70.10
s_0237,794,32,b-nosplit,5,18536,1,74.16
s_0238,985,49,b-nosplit,5,37101,1,95.34
s_0239,1422,64,b-nosplit,5,20242,1,79.30
s_0240,76,6,b-nosplit,5,34019,1,100.00
s_0241,2425,175,b-nosplit,5,29111,1,100.00
s_0242,2255,114,b-nosplit,5,17862,1,89.21
s_0243,376,22,b-nosplit,5,18342,1,100.00
s_0244,1649,75,b-nosplit,5,20875,1,75.59
s_0245,1076,27,b-nosplit,5,24321,1,89.23
s_0246,275,12,b-nosplit,5,29812,1,79.59
s_0247,984,64,b-nosplit,5,20429,1,100.00
s_0248,1996,193,b-nosplit,5,28081,1,74.30
s_0249,2385,82,b-nosplit,5,22184,0,
s_0250,327,18,b-nosplit,5,33627,1,96.17
s_0251,127,7,b-nosplit,5,25359,1,87.76
s_0252,1093,37,b-nosplit,5,30493,1,83.92
s_0253,4910,248,b-nosplit,5,27780,1,86.64
s_0254,959,35,b-nosplit,5,15113,1,88.48
s_0255,328,21,b-nosplit,5,38530,1,79.01
s_0256,1358,92,b-nosplit,5,38834,1,90.08
s_0257,577,20,b-nosplit,5,33912,1,98.41
s_0258,749,64,b-nosplit,5,34166,1,100.00
s_0259,1096,55,b-nosplit,5,30624,1,91.70
s_0260,1149,62,b-nosplit,5,16315,1,93.71
s_0261,664,31,b-nosplit,5,23005,1,78.73
s_0262,670,37,b-nosplit,5,20428,0,
s_0263,589,41,b-nosplit,5,25258,1,79.85
s_0264,1396,118,b-nosplit,5,10230,1,85.63
s_0265,1577,109,b-nosplit,5,21146,1,94.29
s_0266,934,65,b-nosplit,5,22682,1,78.93
s_0267,11647,456,b-nosplit,5,43888,1,68.96
s_0268,406,22,b-nosplit,5,20177,1,93.53
s_0269,875,91,b-nosplit,5,25413,1,75.08
s_0270,2606,115,b-nosplit,5,33973,1,82.82
s_0271,670,44,b-nosplit,5,23820,1,72.77
s_0272,635,33,b-nosplit,5,32036,1,97.35
s_0273,6422,195,b-nosplit,5,24870,0,
s_0274,364,22,b-nosplit,5,20116,1,87.41
s_0275,780,36,b-nosplit,5,30051,1,100.00
s_0276,321,17,b-nosplit,5,33240,1,70.36
s_0277,913,51,b-nosplit,5,23286,1,64.67
s_0278,635,62,b-nosplit,5,27750,1,76.50
s_0279,1532,62,b-nosplit,5,45577,1,70.02
s_0280,913,43,b-nosplit,5,21814,1,95.39
s_0281,488,44,b-nosplit,5,28858,1,98.17
s_0282,1001,18,b-nosplit,5,21669,1,100.00
s_0283,2666,104,b-nosplit,5,54531,1,87.31
s_0284,401,22,b-nosplit,5,18596,1,75.90
s_0285,956,41,b-nosplit,5,11902,1,82.42
s_0286,294,18,b-nosplit,5,52455,1,91.26
s_0287,1585,69,b-nosplit,5,34541,0,
s_0288,477,13,b-nosplit,5,18540,1,83.87
s_0289,433,30,b-nosplit,5,9414,1,77.21
s_0290,1350,101,b-nosplit,5,21927,1,92.43
s_0291,1666,46,b-nosplit,5,29084,1,84.90
s_0292,1265,58,b-nosplit,5,20963,1,87.20
s_0293,1047,51,b-nosplit,5,29069,1,100.00
s_0294,297,18,b-nosplit,5,14903,1,100.00
s_0295,539,25,b-nosplit,5,19215,1,100.00
s_0296,179,9,b-nosplit,5,30591,1,82.77
s_0297,3470,213,b-nosplit,5,28573,1,83.00
s_0298,586,36,b-nosplit,5,23560,1,87.77
s_0299,508,24,b-nosplit,5,24297,0,
s_0300,1067,55,b-nosplit,5,21047,1,96.46
s_0301,2924,143,b-nosplit,5,21024,1,78.65
s_0302,1798,70,b-nosplit,5,22765,1,93.56
s_0303,252,15,b-nosplit,5,25939,1,100.00
s_0304,3578,216,b-nosplit,5,16083,0,
s_0305,1575,91,b-nosplit,5,26081,1,82.82
s_0306,287,21,b-nosplit,5,31306,1,100.00
s_0307,242,11,b-nosplit,5,32871,1,96.55
s_0308,1048,61,b-nosplit,5,14470,1,87.60
s_0309,852,31,b-nosplit,5,36393,1,65.64
s_0310,1188,82,b-nosplit,5,21845,0,
s_0311,1616,65,b-nosplit,5,39136,1,99.04
s_0312,483,33,b-nosplit,5,32511,1,78.40
s_0313,481,22,b-nosplit,5,23217,1,75.03
s_0314,3484,113,b-nosplit,5,23026,1,81.29
s_0315,324,23,b-nosplit,5,24248,1,97.31
s_0316,2565,108,b-nosplit,5,22069,1,75.50
s_0317,7707,138,b-nosplit,5,19982,1,70.84
s_0318,614,24,b-nosplit,5,32387,1,97.32
s_0319,178,14,b-nosplit,5,24183,1,100.00
s_0320,290,17,b-nosplit,5,44458,1,81.98
s_0321,650,39,b-nosplit,5,25074,1,76.08
s_0322,460,30,b-nosplit,5,26581,1,100.00
s_0323,1179,48,b-nosplit,5,38607,1,80.45
s_0324,1855,61,b-nosplit,5,14948,1,100.00
s_0325,43,4,b-nosplit,5,23875,1,100.00
s_0326,311,17,b-nosplit,5,26560,1,97.30
s_0327,1236,49,b-nosplit,5,20136,1,91.49
s_0328,345,17,b-nosplit,5,17911,1,100.00
s_0329,1653,102,b-nosplit,5,23780,1,84.33
s_0330,2925,136,b-nosplit,5,26407,1,92.30
s_0331,394,34,b-nosplit,5,13035,1,100.00
s_0332,852,31,b-nosplit,5,17635,1,100.00
s_0333,572,28,b-nosplit,5,23913,1,71.07
s_0334,3852,219,b-nosplit,5,12386,1,79.10
s_0335,2267,90,b-nosplit,5,22800,0,
s_0336,960,69,b-nosplit,5,27075,1,86.92
s_0337,769,43,b-nosplit,5,40622,1,62.97
s_0338,262,20,b-nosplit,5,22714,1,88.99
s_0339,431,33,b-nosplit,5,20437,1,77.10
s_0340,470,29,b-nosplit,5,39925,1,100.00
s_0341,1350,80,b-nosplit,5,10552,1,95.57
s_0342,714,44,b-nosplit,5,29385,1,100.00
s_0343,998,97,b-nosplit,5,21624,1,80.38
s_0344,814,38,b-nosplit,5,21987,1,80.52
s_0345,3120,77,b-nosplit,5,18184,1,70.15
s_0346,1324,96,b-nosplit,5,36415,1,79.57
s_0347,399,25,b-nosplit,5,22026,1,78.60
s_0348,677,41,b-nosplit,5,23151,1,85.93
s_0349,312,20,b-nosplit,5,30842,1,88.21
s_0350,561,33,b-nosplit,5,23690,1,74.32
s_0351,420,36,b-nosplit,5,26732,1,81.00
s_0352,2622,140,b-nosplit,5,27010,1,81.34
s_0353,791,56,b-nosplit,5,34021,1,99.46
s_0354,1601,106,b-nosplit,5,21161,0,
s_0355,828,37,b-nosplit,5,18648,1,76.86
s_0356,311,15,b-nosplit,5,61784,1,93.23
s_0357,269,11,b-nosplit,5,26742,1,89.81
s_0358,1155,35,b-nosplit,5,24298,1,80.47
s_0359,156,8,b-nosplit,5,17552,1,91.46
s_0360,1076,42,b-nosplit,5,31917,1,86.50
s_0361,84,8,b-nosplit,5,29451,1,95.19
s_0362,1000,50,b-nosplit,5,38557,1,100.00
s_0363,923,38,b-nosplit,5,12324,1,99.44
s_0364,221,9,b-nosplit,5,17817,1,83.48
s_0365,292,21,b-nosplit,5,22748,1,86.73
s_0366,452,39,b-nosplit,5,47882,1,100.00
s_0367,908,60,b-nosplit,5,24116,1,89.89
s_0368,144,8,b-nosplit,5,36891,1,73.10
s_0369,144,7,b-nosplit,5,23447,1,76.09
s_0370,1696,60,b-nosplit,5,24551,1,82.65
s_0371,442,27,b-nosplit,5,19948,1,99.80
s_0372,746,46,b-nosplit,5,36276,1,97.29
s_0373,1583,101,b-nosplit,5,20168,1,96.45
s_0374,1391,74,b-nosplit,5,21110,0,
s_0375,414,20,b-nosplit,5,28126,1,100.00
s_0376,1297,57,b-nosplit,5,24804,1,84.87
s_0377,732,25,b-nosplit,5,24365,1,79.03
s_0378,294,18,b-nosplit,5,21388,1,86.58
s_0379,817,51,b-nosplit,5,21951,1,83.70
s_0380,400,19,b-nosplit,5,12820,1,87.42
s_0381,830,31,b-nosplit,5,23098,1,87.78
s_0382,908,51,b-nosplit,5,34370,0,
s_0383,271,11,b-nosplit,5,31927,1,71.91
s_0384,1507,111,b-nosplit,5,32401,1,78.35
s_0385,409,23,b-nosplit,5,30302,1,87.92
s_0386,380,25,b-nosplit,5,32942,1,93.47
s_0387,3369,103,b-nosplit,5,26635,1,79.53
s_0388,434,31,b-nosplit,5,20760,1,91.21
s_0389,760,60,b-nosplit,5,27625,0,
s_0390,3558,168,b-nosplit,5,48709,1,99.24
s_0391,595,21,b-nosplit,5,20663,1,79.48
s_0392,118,9,b-nosplit,5,32707,1,83.18
s_0393,4570,146,b-nosplit,5,16280,0,
s_0394,581,19,b-nosplit,5,24649,1,93.47
s_0395,423,29,b-nosplit,5,25549,1,86.34
s_0396,955,48,b-nosplit,5,43714,1,88.32
s_0397,597,24,b-nosplit,5,34239,1,81.72
s_0398,558,18,b-nosplit,5,17741,1,100.00
s_0399,1002,80,b-nosplit,5,24135,1,79.30
s_0400,175,15,b-nosplit,5,27448,1,62.19
s_0401,1246,79,b-nosplit,5,30928,1,98.99
s_0402,754,52,b-nosplit,5,32039,1,100.00
s_0403,1864,94,b-nosplit,5,22519,1,93.82
s_0404,502,27,b-nosplit,5,19754,1,60.91
s_0405,470,29,b-nosplit,5,36253,1,74.10
s_0406,1454,41,b-nosplit,5,44133,1,73.89
s_0407,283,25,b-nosplit,5,28093,1,90.16
s_0408,590,38,b-nosplit,5,45632,1,100.00
s_0409,2793,121,b-nosplit,5,15367,1,78.01
s_0410,2282,163,b-nosplit,5,19102,0,
s_0411,896,24,b-nosplit,5,35349,1,77.22
s_0412,785,59,b-nosplit,5,40953,1,65.28
s_0413,675,43,b-nosplit,5,41410,1,85.97
s_0414,295,19,b-nosplit,5,25044,1,95.39
s_0415,175,10,b-nosplit,5,31180,1,97.32
s_0416,998,65,b-nosplit,5,22717,1,100.00
s_0417,528,23,b-nosplit,5,27293,1,96.88
s_0418,351,16,b-nosplit,5,27821,1,99.58
s_0419,394,15,b-nosplit,5,33247,1,100.00
s_0420,779,22,b-nosplit,5,24005,1,90.62
s_0421,750,29,b-nosplit,5,20766,1,90.28
s_0422,56,5,b-nosplit,5,27309,1,91.72
s_0423,636,24,b-nosplit,5,28302,1,76.63
s_0424,1848,92,b-nosplit,5,30044,1,88.23
s_0425,204,11,b-nosplit,5,16055,1,88.00
s_0426,1087,73,b-nosplit,5,15902,1,100.00
s_0427,2219,168,b-nosplit,5,30593,0,
s_0428,1499,64,b-nosplit,5,14699,1,70.49
s_0429,346,27,b-nosplit,5,24296,1,96.71
s_0430,870,44,b-nosplit,5,22871,0,
s_0431,887,62,b-nosplit,5,20817,1,75.70
s_0432,829,52,b-nosplit,5,27034,1,77.16
s_0433,2310,88,b-nosplit,5,18726,1,75.45
s_0434,553,42,b-nosplit,5,32639,1,70.02
s_0435,7741,198,b-nosplit,5,22280,1,95.23
s_0436,1475,43,b-nosplit,5,27065,1,88.79
s_0437,440,15,b-nosplit,5,37420,1,87.33
s_0438,365,16,b-nosplit,5,39171,1,79.25
s_0439,1360,120,b-nosplit,5,24148,1,83.64
s_0440,580,34,b-nosplit,5,33714,1,81.12
s_0441,4020,135,b-nosplit,5,29625,0,
s_0442,713,31,b-nosplit,5,29069,1,91.40
s_0443,1019,55,b-nosplit,5,32432,1,73.12
s_0444,214,17,b-nosplit,5,31569,1,85.66
s_0445,1335,70,b-nosplit,5,21360,1,100.00
s_0446,2303,119,b-nosplit,5,25000,1,87.20
s_0447,1566,65,b-nosplit,5,27396,1,87.97
s_0448,222,11,b-nosplit,5,16120,1,99.12
s_0449,1776,88,b-nosplit,5,24488,1,75.44
s_0450,680,22,b-nosplit,5,23104,1,81.06
s_0451,729,30,b-nosplit,5,16425,1,84.92
s_0452,3472,214,b-nosplit,5,15839,1,86.38
s_0453,620,20,b-nosplit,5,33839,1,84.20
s_0454,1834,91,b-nosplit,5,29331,1,87.55
s_0455,3731,95,b-nosplit,5,33144,1,91.77
s_0456,596,38,b-nosplit,5,21616,1,84.39
s_0457,379,20,b-nosplit,5,16565,1,100.00
s_0458,1352,50,b-nosplit,5,15985,1,81.75
s_0459,3152,166,b-nosplit,5,22552,1,82.43
s_0460,650,36,b-nosplit,5,29163,0,
s_0461,1619,91,b-nosplit,5,21431,1,86.85
s_0462,156,9,b-nosplit,5,24848,1,91.44
s_0463,453,23,b-nosplit,5,29480,1,95.96
s_0464,757,34,b-nosplit,5,21464,1,77.34
s_0465,1479,83,b-nosplit,5,18195,1,91.19
s_0466,1825,119,b-nosplit,5,32754,1,92.74
s_0467,767,26,b-nosplit,5,27025,1,88.01
s_0468,107,8,b-nosplit,5,18729,1,100.00
s_0469,236,21,b-nosplit,5,32369,1,100.00
s_0470,3213,131,b-nosplit,5,30289,1,75.73
s_0471,351,42,b-nosplit,5,24552,1,84.08
s_0472,1188,163,b-nosplit,5,32160,1,93.79
s_0473,427,25,b-nosplit,5,28582,1,89.59
s_0474,1121,35,b-nosplit,5,23724,1,86.58
s_0475,482,24,b-nosplit,5,22339,1,79.23
s_0476,1349,41,b-nosplit,5,25361,1,100.00
s_0477,2136,100,b-nosplit,5,26811,1,100.00
s_0478,193,9,b-nosplit,5,19037,1,99.79
s_0479,271,18,b-nosplit,5,16729,1,83.28
s_0480,251,14,b-nosplit,5,16642,1,83.04
s_0481,1936,108,b-nosplit,5,31658,1,82.53
s_0482,547,30,b-nosplit,5,22833,1,70.73
s_0483,1450,88,b-nosplit,5,22845,1,87.54
s_0484,783,34,b-nosplit,5,28037,1,100.00
s_0485,354,24,b-nosplit,5,31541,1,80.02
s_0486,481,26,b-nosplit,5,21267,1,99.69
s_0487,5186,208,b-nosplit,5,16659,0,
s_0488,768,43,b-nosplit,5,14929,1,89.45
s_0489,1296,67,b-nosplit,5,32072,1,98.36
s_0490,988,48,b-nosplit,5,36261,1,96.95
s_0491,182,12,b-nosplit,5,29461,1,78.57
s_0492,10245,238,b-nosplit,5,35865,1,100.00
s_0493,4482,154,b-nosplit,5,23116,1,79.94
s_0494,1583,70,b-nosplit,5,14350,1,100.00
s_0495,816,45,b-nosplit,5,24675,1,90.41
s_0496,594,44,b-nosplit,5,38893,1,100.00
s_0497,1433,94,b-nosplit,5,20097,1,99.15
s_0498,323,22,b-nosplit,5,24202,1,92.30
s_0499,525,36,b-nosplit,5,39494,1,82.74
s_0500,5347,315,b-nosplit,5,48319,1,75.82
s_0501,1472,67,b-nosplit,5,24488,1,75.44
s_0502,1878,72,b-nosplit,5,29993,1,86.75
s_0503,258,18,b-nosplit,5,38711,1,95.05
s_0504,1178,62,b-nosplit,5,17466,1,86.76
s_0505,450,22,b-nosplit,5,27213,1,84.82
s_0506,1755,112,b-nosplit,5,24914,1,82.83
s_0507,487,17,b-nosplit,5,18113,1,100.00
s_0508,4303,181,b-nosplit,5,32816,1,71.69
s_0509,836,36,b-nosplit,5,33565,1,81.03
s_0510,3077,107,b-nosplit,5,22530,0,
s_0511,240,11,b-nosplit,5,50957,1,73.36
s_0512,924,62,b-nosplit,5,13913,0,
s_0513,936,59,b-nosplit,5,18918,1,90.27
s_0514,2253,87,b-nosplit,5,27893,1,85.94
s_0515,2167,87,b-nosplit,5,20260,0,
s_0516,3806,145,b-nosplit,5,21972,0,
s_0517,275,17,b-nosplit,5,16916,1,100.00
s_0518,408,19,b-nosplit,5,32469,1,89.08
s_0519,316,23,b-nosplit,5,21373,1,97.29
s_0520,440,29,b-nosplit,5,25045,1,95.11
s_0521,909,45,b-nosplit,5,28705,1,95.11
s_0522,900,63,b-nosplit,5,23756,1,96.91
s_0523,1092,57,b-nosplit,5,28989,1,83.19
s_0524,328,17,b-nosplit,5,11919,1,80.53
s_0525,486,21,b-nosplit,5,32617,1,98.57
s_0526,1359,75,b-nosplit,5,18314,0,
s_0527,1087,34,b-nosplit,5,16868,1,89.86
s_0528,613,19,b-nosplit,5,33653,1,100.00
s_0529,1374,75,b-nosplit,5,20231,1,87.49
s_0530,534,24,b-nosplit,5,26399,1,100.00
s_0531,2548,141,b-nosplit,5,18408,1,56.65
s_0532,176,15,b-nosplit,5,25008,1,91.08
s_0533,253,20,b-nosplit,5,26138,1,100.00
s_0534,550,49,b-nosplit,5,25491,1,94.91
s_0535,1466,77,b-nosplit,5,33639,1,81.58
s_0536,1604,97,b-nosplit,5,35305,1,87.67
s_0537,343,12,b-nosplit,5,29151,1,100.00
s_0538,1367,78,b-nosplit,5,23703,1,88.00
s_0539,824,40,b-nosplit,5,19719,1,78.05
s_0540,1040,50,b-nosplit,5,19724,0,
s_0541,1470,49,b-nosplit,5,18918,1,83.32
s_0542,941,72,b-nosplit,5,22712,1,95.72
s_0543,301,21,b-nosplit,5,24395,1,100.00
s_0544,448,41,b-nosplit,5,14551,1,69.88
s_0545,975,50,b-nosplit,5,17271,1,100.00
s_0546,881,35,b-nosplit,5,15778,0,
s_0547,424,19,b-nosplit,5,28985,1,100.00
s_0548,2761,100,b-nosplit,5,31579,1,92.01
s_0549,820,39,b-nosplit,5,17068,1,87.58
s_0550,611,38,b-nosplit,5,33968,1,89.13
s_0551,374,21,b-nosplit,5,22450,1,100.00
s_0552,915,29,b-nosplit,5,24123,1,97.81
s_0553,804,56,b-nosplit,5,14765,1,85.99
s_0554,1460,79,b-nosplit,5,31718,0,
s_0555,3137,160,b-nosplit,5,15848,1,100.00
s_0556,223,17,b-nosplit,5,14932,1,78.13
s_0557,1057,46,b-nosplit,5,23776,1,80.36
s_0558,1455,84,b-nosplit,5,21828,1,80.84
s_0559,499,64,b-nosplit,5,24040,1,100.00
s_0560,762,42,b-nosplit,5,23636,1,92.27
s_0561,682,38,b-nosplit,5,28464,1,91.40
s_0562,1283,35,b-nosplit,5,19144,1,80.50
s_0563,806,35,b-nosplit,5,29870,1,90.91
s_0564,367,18,b-nosplit,5,30345,1,79.78
s_0565,211,16,b-nosplit,5,14610,1,100.00
s_0566,1112,54,b-nosplit,5,32201,0,
s_0567,473,18,b-nosplit,5,13627,1,100.00
s_0568,535,31,b-nosplit,5,22029,1,86.87
s_0569,275,18,b-nosplit,5,29235,1,63.95
s_0570,3447,155,b-nosplit,5,25081,1,100.00
s_0571,799,43,b-nosplit,5,24088,1,74.18
s_0572,577,51,b-nosplit,5,26604,1,99.34
s_0573,681,32,b-nosplit,5,15290,1,89.02
s_0574,353,18,b-nosplit,5,29401,0,
s_0575,1072,40,b-nosplit,5,22356,0,
s_0576,403,20,b-nosplit,5,28442,1,75.55
s_0577,512,33,b-nosplit,5,21500,1,84.47
s_0578,706,44,b-nosplit,5,23765,1,95.65
s_0579,339,22,b-nosplit,5,23335,1,100.00
s_0580,779,46,b-nosplit,5,29886,1,93.78
s_0581,2263,97,b-nosplit,5,35266,1,93.39
s_0582,1126,47,b-nosplit,5,35702,1,89.18
s_0583,674,26,b-nosplit,5,29156,1,85.38
s_0584,913,64,b-nosplit,5,26676,1,94.31
s_0585,878,83,b-nosplit,5,21166,0,
s_0586,1362,63,b-nosplit,5,15722,0,
s_0587,836,62,b-nosplit,5,22515,1,90.73
s_0588,711,29,b-nosplit,5,29609,1,100.00
s_0589,3380,169,b-nosplit,5,45806,1,79.76
s_0590,307,18,b-nosplit,5,26474,1,99.41
s_0591,3662,98,b-nosplit,5,24251,0,
s_0592,5853,157,b-nosplit,5,43415,1,87.18
s_0593,2214,89,b-nosplit,5,21605,1,76.06
s_0594,473,20,b-nosplit,5,32950,1,86.94
s_0595,1137,61,b-nosplit,5,28203,1,100.00
s_0596,299,18,b-nosplit,5,42434,1,100.00
s_0597,405,37,b-nosplit,5,17555,1,96.13
s_0598,1070,28,b-nosplit,5,20189,1,76.56
s_0599,246,13,b-nosplit,5,24166,1,81.28
s_0600,556,41,b-nosplit,5,31145,1,71.22
s_0601,676,21,b-nosplit,5,39404,1,71.61
s_0602,56,7,b-nosplit,5,31191,1,84.20
s_0603,1758,87,b-nosplit,5,41779,1,78.54
s_0604,747,52,b-nosplit,5,27551,1,99.58
s_0605,2990,74,b-nosplit,5,20782,0,
s_0606,476,24,b-nosplit,5,23968,1,74.94
s_0607,529,22,b-nosplit,5,22681,1,100.00
s_0608,3787,196,b-nosplit,5,27834,1,91.49
s_0609,265,13,b-nosplit,5,60181,1,81.12
s_0610,460,37,b-nosplit,5,26271,1,97.01
s_0611,1935,57,b-nosplit,5,21289,1,92.26
s_0612,980,41,b-nosplit,5,20352,1,88.74
s_0613,1771,100,b-nosplit,5,39938,0,
s_0614,667,34,b-nosplit,5,24987,1,72.96
s_0615,902,62,b-nosplit,5,16637,1,93.43
s_0616,493,22,b-nosplit,5,28153,1,77.84
s_0617,1018,72,b-nosplit,5,16804,1,89.13
s_0618,374,18,b-nosplit,5,31108,1,91.89
s_0619,1272,48,b-nosplit,5,13602,1,79.75
s_0620,841,48,b-nosplit,5,22497,1,70.43
s_0621,277,22,b-nosplit,5,33589,1,87.43
s_0622,1115,53,b-nosplit,5,22043,1,79.56
s_0623,260,12,b-nosplit,5,33349,1,77.83
s_0624,691,33,b-nosplit,5,20580,1,91.20
s_0625,406,18,b-nosplit,5,44975,1,100.00
s_0626,282,14,b-nosplit,5,20914,1,100.00
s_0627,896,49,b-nosplit,5,14604,1,96.46
s_0628,301,10,b-nosplit,5,14379,1,91.95
s_0629,1821,122,b-nosplit,5,29619,0,
s_0630,1002,60,b-nosplit,5,18471,1,96.47
s_0631,615,66,b-nosplit,5,26678,1,89.24
s_0632,856,49,b-nosplit,5,17461,1,85.02
s_0633,305,16,b-nosplit,5,21247,1,83.54
s_0634,881,35,b-nosplit,5,17716,1,99.06
s_0635,1284,87,b-nosplit,5,22782,1,80.43
s_0636,1468,34,b-nosplit,5,26825,1,92.16
s_0637,188,8,b-nosplit,5,26116,1,80.03
s_0638,819,30,b-nosplit,5,15182,1,97.88
s_0639,399,11,b-nosplit,5,29551,1,100.00
s_0640,644,36,b-nosplit,5,19171,1,83.71
s_0641,2028,77,b-nosplit,5,27455,1,90.90
s_0642,2032,91,b-nosplit,5,28519,1,61.37
s_0643,2342,106,b-nosplit,5,28767,0,
s_0644,613,27,b-nosplit,5,25750,1,82.17
s_0645,388,18,b-nosplit,5,22264,1,89.43
s_0646,998,63,b-nosplit,5,32075,1,90.46
s_0647,1769,55,b-nosplit,5,26226,1,78.17
s_0648,630,49,b-nosplit,5,18554,1,100.00
s_0649,1378,41,b-nosplit,5,27161,0,
s_0650,4111,161,b-nosplit,5,24922,1,75.77
s_0651,642,45,b-nosplit,5,21819,1,78.80
s_0652,1268,42,b-nosplit,5,32272,1,79.16
s_0653,434,17,b-nosplit,5,25129,1,100.00
s_0654,983,110,b-nosplit,5,17732,1,80.08
s_0655,253,27,b-nosplit,5,18808,1,100.00
s_0656,3275,154,b-nosplit,5,36961,1,97.80
s_0657,852,38,b-nosplit,5,16165,0,
s_0658,7467,157,b-nosplit,5,16532,1,76.86
s_0659,373,12,b-nosplit,5,20682,1,97.84
s_0660,1059,71,b-nosplit,5,20636,1,76.85
s_0661,509,38,b-nosplit,5,41354,1,77.36
s_0662,951,35,b-nosplit,5,34613,1,77.28
s_0663,542,18,b-nosplit,5,28048,1,100.00
s_0664,361,24,b-nosplit,5,30704,1,83.79
s_0665,322,20,b-nosplit,5,34039,1,99.24
s_0666,1113,62,b-nosplit,5,22818,1,98.16
s_0667,1053,51,b-nosplit,5,24825,1,90.92
s_0668,783,67,b-nosplit,5,26230,1,92.30
s_0669,1651,80,b-nosplit,5,20193,1,94.96
s_0670,735,64,b-nosplit,5,23728,1,85.12
s_0671,2044,69,b-nosplit,5,33283,0,
s_0672,192,8,b-nosplit,5,24220,1,68.98
s_0673,458,19,b-nosplit,5,29624,1,80.82
s_0674,1325,82,b-nosplit,5,21296,1,73.35
s_0675,1166,52,b-nosplit,5,23690,1,83.37
s_0676,300,23,b-nosplit,5,26197,1,100.00
s_0677,2441,148,b-nosplit,5,15713,1,95.64
s_0678,251,15,b-nosplit,5,18074,1,77.76
s_0679,185,7,b-nosplit,5,26491,1,100.00
s_0680,844,55,b-nosplit,5,20530,1,91.82
s_0681,2127,168,b-nosplit,5,19137,1,74.28
s_0682,497,20,b-nosplit,5,18795,1,100.00
s_0683,438,25,b-nosplit,5,61086,1,93.55
s_0684,341,37,b-nosplit,5,14883,1,100.00
s_0685,50,2,b-nosplit,5,28966,1,91.11
s_0686,1471,70,b-nosplit,5,27166,1,80.11
s_0687,586,32,b-nosplit,5,37667,1,83.87
s_0688,795,53,b-nosplit,5,34608,1,82.90
s_0689,1610,71,b-nosplit,5,44063,1,66.40
s_0690,1792,85,b-nosplit,5,19104,1,85.88
s_0691,782,39,b-nosplit,5,17768,1,90.77
s_0692,1584,92,b-nosplit,5,18995,1,75.40
s_0693,423,17,b-nosplit,5,28676,1,91.92
s_0694,1863,80,b-nosplit,5,29263,1,81.43
s_0695,766,38,b-nosplit,5,24373,1,100.00
s_0696,192,13,b-nosplit,5,26883,1,80.06
s_0697,1742,86,b-nosplit,5,32588,0,
s_0698,444,15,b-nosplit,5,40672,1,83.63
s_0699,1492,61,b-nosplit,5,28153,1,85.75
s_0700,2782,106,b-nosplit,5,26255,1,71.22
s_0701,1209,53,b-nosplit,5,24104,1,100.00
s_0702,650,64,b-nosplit,5,27960,1,70.64
s_0703,249,17,b-nosplit,5,32795,1,90.23
s_0704,626,27,b-nosplit,5,38085,1,85.45
s_0705,1029,53,b-nosplit,5,30613,1,88.13
s_0706,1097,58,b-nosplit,5,22734,1,80.17
s_0707,1017,43,b-nosplit,5,23927,1,84.64
s_0708,1013,64,b-nosplit,5,20976,1,100.00
s_0709,673,34,b-nosplit,5,30197,1,89.70
s_0710,369,17,b-nosplit,5,19773,1,100.00
s_0711,624,27,b-nosplit,5,24203,1,94.85
s_0712,456,27,b-nosplit,5,23312,1,82.17
s_0713,1241,86,b-nosplit,5,24520,1,69.45
s_0714,783,42,b-nosplit,5,26367,1,81.56
s_0715,364,13,b-nosplit,5,25582,1,100.00
s_0716,201,11,b-nosplit,5,24594,1,100.00
s_0717,461,26,b-nosplit,5,30716,1,82.14
s_0718,1353,44,b-nosplit,5,25564,0,
s_0719,2096,122,b-nosplit,5,28299,1,96.17
s_0720,854,27,b-nosplit,5,18334,1,80.33
s_0721,345,15,b-nosplit,5,18171,1,100.00
s_0722,784,48,b-nosplit,5,26892,1,78.13
s_0723,2476,95,b-nosplit,5,19258,1,78.15
s_0724,144,15,b-nosplit,5,30039,1,83.05
s_0725,3309,107,b-nosplit,5,25544,1,72.88
s_0726,202,22,b-nosplit,5,18083,1,94.97
s_0727,164,13,b-nosplit,5,28091,1,81.32
s_0728,1583,68,b-nosplit,5,33741,0,
s_0729,430,20,b-nosplit,5,32587,1,100.00
s_0730,383,27,b-nosplit,5,14970,1,68.34
s_0731,894,29,b-nosplit,5,29759,1,81.08
s_0732,390,23,b-nosplit,5,29112,1,87.61
s_0733,504,38,b-nosplit,5,22268,1,74.35
s_0734,151,7,b-nosplit,5,29954,1,100.00
s_0735,744,53,b-nosplit,5,23286,1,87.93
s_0736,439,33,b-nosplit,5,15437,1,100.00
s_0737,449,40,b-nosplit,5,25172,1,100.00
s_0738,139,13,b-nosplit,5,53250,1,91.44
s_0739,1462,81,b-nosplit,5,24284,1,90.30
s_0740,801,67,b-nosplit,5,33951,1,100.00
s_0741,328,13,b-nosplit,5,18314,1,82.22
s_0742,1313,81,b-nosplit,5,18005,1,100.00
s_0743,517,28,b-nosplit,5,19444,1,100.00
s_0744,467,23,b-nosplit,5,31976,1,85.92
s_0745,244,20,b-nosplit,5,32727,1,91.89
s_0746,624,27,b-nosplit,5,34205,1,100.00
s_0747,4527,204,b-nosplit,5,30980,1,81.96
s_0748,516,23,b-nosplit,5,26939,1,77.89
s_0749,485,24,b-nosplit,5,43591,1,81.67
s_0750,743,45,b-nosplit,5,18139,1,87.44
s_0751,1642,69,b-nosplit,5,30088,1,83.53
s_0752,2658,110,b-nosplit,5,18764,1,74.44
s_0753,213,27,b-nosplit,5,21635,1,86.14
s_0754,633,41,b-nosplit,5,27218,1,78.38
s_0755,212,16,b-nosplit,5,26298,1,100.00
s_0756,2156,87,b-nosplit,5,29207,1,71.48
s_0757,2491,99,b-nosplit,5,28743,1,89.46
s_0758,1970,96,b-nosplit,5,35745,1,96.23
s_0759,777,19,b-nosplit,5,27947,1,100.00
s_0760,4843,180,b-nosplit,5,32085,1,77.07
s_0761,1681,109,b-nosplit,5,37855,1,89.11
s_0762,1607,71,b-nosplit,5,17697,1,100.00
s_0763,1847,96,b-nosplit,5,42701,1,97.13
s_0764,1934,80,b-nosplit,5,16339,1,90.91
s_0765,1792,121,b-nosplit,5,13206,1,93.01
s_0766,3228,221,b-nosplit,5,14586,1,83.12
s_0767,321,22,b-nosplit,5,26340,1,100.00
s_0768,1491,87,b-nosplit,5,22132,1,90.04
s_0769,255,16,b-nosplit,5,26165,1,89.96
s_0770,1917,148,b-nosplit,5,11764,1,94.69
s_0771,9797,219,b-nosplit,5,21990,0,
s_0772,1150,61,b-nosplit,5,43314,1,77.81
s_0773,888,55,b-nosplit,5,37852,1,86.91
s_0774,2183,106,b-nosplit,5,13529,1,100.00
s_0775,1228,76,b-nosplit,5,18481,1,100.00
s_0776,305,22,b-nosplit,5,41950,1,70.55
s_0777,357,24,b-nosplit,5,39463,1,84.90
s_0778,166,8,b-nosplit,5,33657,1,92.87
s_0779,2053,58,b-nosplit,5,33198,0,
s_0780,2124,130,b-nosplit,5,35454,1,81.31
s_0781,440,18,b-nosplit,5,21492,1,100.00
s_0782,217,22,b-nosplit,5,45976,1,88.59
s_0783,176,8,b-nosplit,5,39188,1,89.27
s_0784,965,81,b-nosplit,5,21789,1,83.91
s_0785,200,13,b-nosplit,5,48122,1,100.00
s_0786,301,19,b-nosplit,5,21469,1,89.43
s_0787,1732,68,b-nosplit,5,40856,0,
s_0788,1656,41,b-nosplit,5,35556,1,100.00
s_0789,4169,154,b-nosplit,5,26230,0,
s_0790,541,28,b-nosplit,5,20733,1,100.00
s_0791,2176,112,b-nosplit,5,35798,1,95.23
s_0792,2726,149,b-nosplit,5,27901,1,95.29
s_0793,306,19,b-nosplit,5,47855,1,99.58
s_0794,315,15,b-nosplit,5,31769,1,76.60
s_0795,390,36,b-nosplit,5,24737,1,79.48
s_0796,1220,81,b-nosplit,5,30912,1,91.40
s_0797,4087,202,b-nosplit,5,16788,1,73.78
s_0798,805,48,b-nosplit,5,13536,1,93.84
s_0799,2121,87,b-nosplit,5,35797,1,85.70
s_0800,257,12,b-nosplit,5,45713,1,100.00
s_0801,949,34,b-nosplit,5,20416,1,67.04
s_0802,537,37,b-nosplit,5,20243,1,100.00
s_0803,1083,46,b-nosplit,5,29887,0,
s_0804,1673,76,b-nosplit,5,26720,1,100.00
s_0805,176,14,b-nosplit,5,36066,1,100.00
s_0806,832,58,b-nosplit,5,37803,1,77.95
s_0807,741,55,b-nosplit,5,24049,1,100.00
s_0808,548,28,b-nosplit,5,36562,1,95.36
s_0809,214,15,b-nosplit,5,23521,1,81.77
s_0810,1206,55,b-nosplit,5,27586,1,93.36
s_0811,730,41,b-nosplit,5,33837,1,73.80
s_0812,2408,164,b-nosplit,5,24393,1,71.73
s_0813,656,38,b-nosplit,5,19058,1,94.95
s_0814,630,39,b-nosplit,5,28556,1,90.06
s_0815,1265,79,b-nosplit,5,35343,1,88.15
s_0816,356,24,b-nosplit,5,43894,1,100.00
s_0817,2219,85,b-nosplit,5,45300,1,90.03
s_0818,186,15,b-nosplit,5,22879,1,100.00
s_0819,924,75,b-nosplit,5,23241,0,
s_0820,849,30,b-nosplit,5,24977,1,99.97
s_0821,524,34,b-nosplit,5,29054,1,94.63
s_0822,493,24,b-nosplit,5,58461,1,85.18
s_0823,319,13,b-nosplit,5,22078,1,85.83
s_0824,1798,94,b-nosplit,5,27294,1,99.02
s_0825,2398,79,b-nosplit,5,26656,0,
s_0826,255,23,b-nosplit,5,34892,1,69.01
s_0827,1353,45,b-nosplit,5,20857,0,
s_0828,299,19,b-nosplit,5,21902,1,99.34
s_0829,1418,82,b-nosplit,5,28246,1,90.99
s_0830,711,28,b-nosplit,5,22698,1,93.02
s_0831,940,45,b-nosplit,5,12249,1,100.00
s_0832,1331,80,b-nosplit,5,34319,1,82.02
s_0833,340,15,b-nosplit,5,24279,1,97.86
s_0834,776,40,b-nosplit,5,26416,1,75.13
s_0835,1074,54,b-nosplit,5,31703,1,85.86
s_0836,1409,135,b-nosplit,5,25777,1,74.09
s_0837,426,30,b-nosplit,5,18267,1,94.79
s_0838,2777,124,b-nosplit,5,35319,0,
s_0839,1265,56,b-nosplit,5,22223,1,99.10
s_0840,2980,98,b-nosplit,5,23126,0,
s_0841,460,30,b-nosplit,5,18236,0,
s_0842,1354,52,b-nosplit,5,13633,1,96.05
s_0843,1186,62,b-nosplit,5,34534,1,100.00
s_0844,776,54,b-nosplit,5,35818,1,78.04
s_0845,1790,83,b-nosplit,5,18504,1,84.03
s_0846,1156,86,b-nosplit,5,35585,1,94.13
s_0847,754,26,b-nosplit,5,9944,1,82.77
s_0848,1461,105,b-nosplit,5,34702,1,55.40
s_0849,1364,67,b-nosplit,5,22689,1,77.40
s_0850,580,53,b-nosplit,5,30363,0,
s_0851,316,16,b-nosplit,5,26763,1,100.00
s_0852,1208,102,b-nosplit,5,21282,1,82.65
s_0853,1149,78,b-nosplit,5,18736,1,78.30
s_0854,634,17,b-nosplit,5,28895,1,94.14
s_0855,6251,161,b-nosplit,5,32585,1,66.43
s_0856,380,32,b-nosplit,5,47420,1,94.77
s_0857,654,35,b-nosplit,5,12827,1,85.19
s_0858,737,46,b-nosplit,5,19780,1,75.91
s_0859,798,37,b-nosplit,5,17980,1,90.46
s_0860,600,38,b-nosplit,5,28622,1,100.00
s_0861,1215,41,b-nosplit,5,27372,0,
s_0862,328,21,b-nosplit,5,50702,1,83.04
s_0863,553,33,b-nosplit,5,11942,1,98.46
s_0864,418,21,b-nosplit,5,15583,1,85.79
s_0865,276,26,b-nosplit,5,18760,1,100.00
s_0866,387,16,b-nosplit,5,25062,0,
s_0867,927,54,b-nosplit,5,47181,1,94.94
s_0868,392,18,b-nosplit,5,17411,1,84.02
s_0869,1367,52,b-nosplit,5,20686,1,100.00
s_0870,262,19,b-nosplit,5,26362,1,87.68
s_0871,743,28,b-nosplit,5,29848,1,91.45
s_0872,1142,49,b-nosplit,5,18142,1,77.23
s_0873,1589,64,b-nosplit,5,21597,1,86.60
s_0874,1628,105,b-nosplit,5,20049,1,100.00
s_0875,1350,59,b-nosplit,5,30883,1,77.28
s_0876,1150,79,b-nosplit,5,15852,1,80.29
s_0877,219,13,b-nosplit,5,27286,1,76.62
s_0878,304,16,b-nosplit,5,39923,1,100.00
s_0879,239,15,b-nosplit,5,28707,1,97.04
s_0880,737,36,b-nosplit,5,18422,1,100.00
s_0881,3372,97,b-nosplit,5,57163,0,
s_0882,1832,129,b-nosplit,5,37094,1,75.18
s_0883,1270,76,b-nosplit,5,24735,0,
s_0884,3232,233,b-nosplit,5,21716,1,81.65
s_0885,415,27,b-nosplit,5,62991,1,100.00
s_0886,2486,107,b-nosplit,5,18580,1,84.15
s_0887,1933,80,b-nosplit,5,47632,0,
s_0888,765,56,b-nosplit,5,20113,1,95.66
s_0889,601,24,b-nosplit,5,50181,1,78.77
s_0890,145,10,b-nosplit,5,18713,1,100.00
s_0891,621,33,b-nosplit,5,16379,1,100.00
s_0892,198,13,b-nosplit,5,24758,1,94.17
s_0893,1011,26,b-nosplit,5,33236,1,87.68
s_0894,991,45,b-nosplit,5,12586,1,80.33
s_0895,2576,223,b-nosplit,5,40385,1,86.98
s_0896,211,16,b-nosplit,5,25155,1,86.42
s_0897,1485,50,b-nosplit,5,16416,1,100.00
s_0898,839,39,b-nosplit,5,21596,1,100.00
s_0899,731,36,b-nosplit,5,17525,1,97.16
s_0900,1200,57,b-nosplit,5,18026,1,86.35
s_0901,590,34,b-nosplit,5,17190,1,95.20
s_0902,557,23,b-nosplit,5,28160,1,95.74
s_0903,576,40,b-nosplit,5,38172,0,
s_0904,733,57,b-nosplit,5,35281,1,86.36
s_0905,1337,103,b-nosplit,5,16800,1,82.23
s_0906,251,10,b-nosplit,5,18323,1,91.26
s_0907,1362,105,b-nosplit,5,31256,1,88.39
s_0908,256,11,b-nosplit,5,29009,1,85.77
s_0909,4329,194,b-nosplit,5,18972,1,78.26
s_0910,1241,36,b-nosplit,5,18217,1,94.55
s_0911,173,11,b-nosplit,5,28235,1,100.00
s_0912,455,34,b-nosplit,5,23104,1,100.00
s_0913,1403,49,b-nosplit,5,47305,1,68.12
s_0914,107,5,b-nosplit,5,18788,1,96.27
s_0915,1549,70,b-nosplit,5,25831,1,90.59
s_0916,801,16,b-nosplit,5,26792,1,74.48
s_0917,1126,38,b-nosplit,5,36740,1,93.80
s_0918,162,12,b-nosplit,5,25011,1,89.58
s_0919,2509,264,b-nosplit,5,22203,1,93.85
s_0920,2052,72,b-nosplit,5,13244,1,89.71
s_0921,1551,56,b-nosplit,5,26333,0,
s_0922,381,30,b-nosplit,5,21946,1,92.12
s_0923,2061,123,b-nosplit,5,38009,0,
s_0924,723,38,b-nosplit,5,31387,1,93.77
s_0925,599,35,b-nosplit,5,33240,1,84.37
s_0926,2291,141,b-nosplit,5,23173,0,
s_0927,333,16,b-nosplit,5,25948,1,94.88
s_0928,1329,52,b-nosplit,5,14348,1,86.33
s_0929,319,23,b-nosplit,5,23148,1,82.55
s_0930,226,11,b-nosplit,5,21414,1,100.00
s_0931,362,17,b-nosplit,5,18831,1,93.32
s_0932,175,15,b-nosplit,5,20117,1,100.00
s_0933,3827,191,b-nosplit,5,43225,1,81.96
s_0934,2386,68,b-nosplit,5,31026,1,81.99
s_0935,413,24,b-nosplit,5,14669,1,97.62
s_0936,1065,59,b-nosplit,5,19800,1,93.79
s_0937,448,18,b-nosplit,5,42576,1,100.00
s_0938,316,33,b-nosplit,5,36172,1,100.00
s_0939,1790,70,b-nosplit,5,29655,1,86.12
s_0940,430,32,b-nosplit,5,23968,1,76.60
s_0941,1032,49,b-nosplit,5,26039,1,74.89
s_0942,334,26,b-nosplit,5,18522,1,100.00
s_0943,285,14,b-nosplit,5,21411,1,100.00
s_0944,1052,72,b-nosplit,5,14436,1,100.00
s_0945,726,31,b-nosplit,5,27916,0,
s_0946,2319,180,b-nosplit,5,30172,1,100.00
s_0947,1472,77,b-nosplit,5,35462,1,93.27
s_0948,125,14,b-nosplit,5,23831,1,100.00
s_0949,998,57,b-nosplit,5,38334,1,82.09
s_0950,1386,76,b-nosplit,5,18064,1,74.59
s_0951,501,27,b-nosplit,5,26171,1,89.46
s_0952,4130,190,b-nosplit,5,21173,1,66.94
s_0953,2057,72,b-nosplit,5,16087,1,91.92
s_0954,128,6,b-nosplit,5,24556,1,92.21
s_0955,435,16,b-nosplit,5,33293,0,
s_0956,6669,414,b-nosplit,5,24586,0,
s_0957,340,18,b-nosplit,5,27679,1,90.10
s_0958,1394,73,b-nosplit,5,15546,1,94.70
s_0959,1031,83,b-nosplit,5,28552,1,81.51
s_0960,2383,89,b-nosplit,5,20660,1,92.87
s_0961,3857,216,b-nosplit,5,20761,1,90.11
s_0962,533,21,b-nosplit,5,20716,1,90.97
s_0963,451,34,b-nosplit,5,36773,1,71.21
s_0964,467,21,b-nosplit,5,46996,1,94.16
s_0965,405,22,b-nosplit,5,23855,1,100.00
s_0966,678,34,b-nosplit,5,17063,1,90.18
s_0967,486,19,b-nosplit,5,18560,1,90.07
s_0968,1378,86,b-nosplit,5,11895,1,84.88
s_0969,726,55,b-nosplit,5,34722,1,69.59
s_0970,666,33,b-nosplit,5,19665,1,89.18
s_0971,952,77,b-nosplit,5,23113,1,89.75
s_0972,4478,214,b-nosplit,5,39845,1,89.33
s_0973,467,21,b-nosplit,5,19908,1,92.08
s_0974,670,18,b-nosplit,5,24297,1,100.00
s_0975,691,36,b-nosplit,5,22595,1,72.63
s_0976,473,27,b-nosplit,5,26111,1,91.78
s_0977,1077,65,b-nosplit,5,38027,1,90.41
s_0978,5442,266,b-nosplit,5,34867,0,
s_0979,718,40,b-nosplit,5,19983,1,95.59
s_0980,553,24,b-nosplit,5,24388,1,83.61
s_0981,1598,82,b-nosplit,5,36881,1,77.87
s_0982,351,19,b-nosplit,5,20810,1,81.91
s_0983,294,31,b-nosplit,5,25128,1,85.15
s_0984,1397,61,b-nosplit,5,16991,1,93.92
s_0985,478,39,b-nosplit,5,26400,1,93.83
s_0986,1004,61,b-nosplit,5,20840,1,67.66
s_0987,1677,103,b-nosplit,5,9450,1,78.34
s_0988,1037,55,b-nosplit,5,11212,1,79.42
s_0989,280,24,b-nosplit,5,40176,1,86.14
s_0990,11209,428,b-nosplit,5,17904,1,85.83
s_0991,293,9,b-nosplit,5,19227,1,72.41
s_0992,375,24,b-nosplit,5,17521,1,89.46
s_0993,117,9,b-nosplit,5,20940,1,86.45
s_0994,627,27,b-nosplit,5,26888,1,100.00
s_0995,1624,101,b-nosplit,5,21842,1,72.25
s_0996,626,30,b-nosplit,5,26098,1,69.42
s_0997,751,44,b-nosplit,5,27851,1,95.27
s_0998,2153,60,b-nosplit,5,41710,1,97.87
s_0999,364,19,b-nosplit,5,24129,1,100.00
s_1000,891,54,b-nosplit,5,49913,1,72.30
s_1001,1773,58,b-nosplit,5,25125,1,83.27
s_1002,1238,51,b-nosplit,5,38701,1,94.64
s_1003,1107,73,b-nosplit,5,25986,0,
s_1004,1174,39,b-nosplit,5,24483,1,68.63
s_1005,5354,223,b-nosplit,5,16483,1,78.70
s_1006,188,10,b-nosplit,5,32515,1,85.15
s_1007,878,29,b-nosplit,5,16811,1,73.83
s_1008,500,21,b-nosplit,5,32308,0,
s_1009,254,10,b-nosplit,5,21666,1,79.87
s_1010,1768,100,b-nosplit,5,21100,1,95.85
s_1011,2188,81,b-nosplit,5,23927,1,95.97
s_1012,1290,93,b-nosplit,5,19485,1,82.23
s_1013,469,18,b-nosplit,5,20906,0,
s_1014,2738,63,b-nosplit,5,26951,1,75.44
s_1015,2601,90,b-nosplit,5,20296,1,79.82
s_1016,868,46,b-nosplit,5,25475,1,89.54
s_1017,178,19,b-nosplit,5,24020,1,84.87
s_1018,1453,139,b-nosplit,5,22158,0,
s_1019,583,20,b-nosplit,5,36045,1,97.34
s_1020,973,78,b-nosplit,5,19283,1,94.73
s_1021,3414,106,b-nosplit,5,41773,1,85.31
s_1022,1846,89,b-nosplit,5,26807,1,96.49
s_1023,501,32,b-nosplit,5,34462,1,80.99
s_1024,1378,79,b-nosplit,5,22466,1,79.95
s_1025,462,23,b-nosplit,5,16452,1,94.29
s_1026,1710,78,b-nosplit,5,28619,1,75.57
s_1027,321,19,b-nosplit,5,27623,1,98.17
s_1028,592,40,b-nosplit,5,25233,1,100.00
s_1029,1309,67,b-nosplit,5,15046,1,85.34
s_1030,154,12,b-nosplit,5,18819,1,99.79
s_1031,2548,96,b-nosplit,5,37523,1,85.29
s_1032,392,37,b-nosplit,5,20531,1,87.23
s_1033,634,32,b-nosplit,5,24899,1,88.87
s_1034,269,10,b-nosplit,5,15189,1,100.00
s_1035,625,31,b-nosplit,5,36337,0,
s_1036,739,55,b-nosplit,5,19764,1,98.22
s_1037,822,30,b-nosplit,5,22694,1,83.11
s_1038,1116,59,b-nosplit,5,13661,1,87.10
s_1039,1682,100,b-nosplit,5,23144,1,94.21
s_1040,366,14,b-nosplit,5,21775,1,100.00
s_1041,676,37,b-nosplit,5,14954,1,97.87
s_1042,855,30,b-nosplit,5,23909,1,91.66
s_1043,1126,46,b-nosplit,5,23247,1,86.84
s_1044,829,37,b-nosplit,5,18404,1,100.00
s_1045,583,19,b-nosplit,5,30560,1,95.34
s_1046,999,71,b-nosplit,5,25607,1,100.00
s_1047,959,70,b-nosplit,5,27104,1,86.94
s_1048,2291,88,b-nosplit,5,33040,1,68.80
s_1049,1032,53,b-nosplit,5,33929,1,85.38
s_1050,4199,140,b-nosplit,5,32998,1,92.89
s_1051,5361,313,b-nosplit,5,18302,1,100.00
s_1052,867,53,b-nosplit,5,19188,1,71.34
s_1053,7258,238,b-nosplit,5,25030,0,
s_1054,347,35,b-nosplit,5,25703,1,98.61
s_1055,584,43,b-nosplit,5,24810,1,97.17
s_1056,361,21,b-nosplit,5,23112,1,78.74
s_1057,213,26,b-nosplit,5,22069,1,96.34
s_1058,1684,123,b-nosplit,5,27797,1,97.26
s_1059,463,21,b-nosplit,5,19174,1,82.98
s_1060,1518,42,b-nosplit,5,26927,1,63.78
s_1061,480,33,b-nosplit,5,36071,1,100.00
s_1062,2710,67,b-nosplit,5,22601,1,86.20
s_1063,859,59,b-nosplit,5,22423,1,93.31
s_1064,1353,75,b-nosplit,5,23466,0,
s_1065,322,27,b-nosplit,5,43158,1,99.20
s_1066,1394,54,b-nosplit,5,22545,1,100.00
s_1067,1697,104,b-nosplit,5,33757,1,86.25
s_1068,516,37,b-nosplit,5,39111,1,84.94
s_1069,1035,50,b-nosplit,5,18073,1,70.42
s_1070,3445,114,b-nosplit,5,22725,1,60.78
s_1071,625,38,b-nosplit,5,32215,0,
s_1072,520,23,b-nosplit,5,39426,1,98.18
s_1073,633,53,b-nosplit,5,25521,1,89.42
s_1074,1160,83,b-nosplit,5,18463,1,93.08
s_1075,2843,92,b-nosplit,5,22556,1,69.60
s_1076,151,16,b-nosplit,5,33112,1,92.50
s_1077,2453,91,b-nosplit,5,31363,1,84.05
s_1078,329,28,b-nosplit,5,25710,1,93.93
s_1079,778,52,b-nosplit,5,17024,1,91.99
s_1080,1091,56,b-nosplit,5,30508,1,100.00
s_1081,1564,108,b-nosplit,5,26216,0,
s_1082,488,29,b-nosplit,5,35764,1,87.77
s_1083,4979,153,b-nosplit,5,19743,1,70.55
s_1084,4259,160,b-nosplit,5,26777,1,84.88
s_1085,592,39,b-nosplit,5,24651,1,81.57
s_1086,3803,175,b-nosplit,5,26820,0,
s_1087,1093,45,b-nosplit,5,17668,0,
s_1088,313,17,b-nosplit,5,13025,1,80.53
s_1089,122,13,b-nosplit,5,34193,1,100.00
s_1090,644,26,b-nosplit,5,52480,1,78.66
s_1091,313,22,b-nosplit,5,38215,1,87.49
s_1092,500,24,b-nosplit,5,21943,1,86.90
s_1093,5210,226,b-nosplit,5,25502,1,75.78
s_1094,640,42,b-nosplit,5,23910,1,95.87
s_1095,1159,51,b-nosplit,5,24977,1,100.00
s_1096,3248,118,b-nosplit,5,28787,0,
s_1097,199,8,b-nosplit,5,25149,1,91.24
s_1098,254,12,b-nosplit,5,21015,1,80.99
s_1099,961,43,b-nosplit,5,23663,1,88.28
s_1100,930,48,b-nosplit,5,21723,1,78.77
s_1101,70,6,b-nosplit,5,31580,1,95.10
s_1102,1230,61,b-nosplit,5,17214,1,100.00
s_1103,615,28,b-nosplit,5,30972,1,87.52
s_1104,1315,44,b-nosplit,5,32535,1,88.90
s_1105,1061,50,b-nosplit,5,24528,1,96.15
s_1106,765,46,b-nosplit,5,28539,1,92.68
s_1107,1253,51,b-nosplit,5,18503,1,80.67
s_1108,621,21,b-nosplit,5,21312,1,96.88
s_1109,481,23,b-nosplit,5,27425,1,100.00
s_1110,677,39,b-nosplit,5,32984,1,100.00
s_1111,1213,65,b-nosplit,5,24329,1,90.53
s_1112,563,21,b-nosplit,5,20380,1,90.29
s_1113,230,18,b-nosplit,5,35976,1,83.79
s_1114,939,40,b-nosplit,5,12184,1,88.19
s_1115,415,12,b-nosplit,5,22769,1,100.00
s_1116,301,16,b-nosplit,5,20190,1,85.29
s_1117,1517,85,b-nosplit,5,20598,1,68.65
s_1118,1337,76,b-nosplit,5,27025,1,90.24
s_1119,373,24,b-nosplit,5,35409,1,95.49
s_1120,1389,31,b-nosplit,5,15573,0,
s_1121,148,8,b-nosplit,5,26036,1,100.00
s_1122,350,25,b-nosplit,5,18786,1,100.00
s_1123,504,32,b-nosplit,5,17847,1,98.28
s_1124,2648,73,b-nosplit,5,33224,1,78.89
s_1125,498,18,b-nosplit,5,28788,1,57.53
s_1126,312,19,b-nosplit,5,18313,1,86.55
s_1127,399,14,b-nosplit,5,33256,1,86.72
s_1128,1343,76,b-nosplit,5,27983,1,89.07
s_1129,296,17,b-nosplit,5,46288,0,
s_1130,4933,133,b-nosplit,5,51345,1,80.69
s_1131,782,50,b-nosplit,5,37459,1,88.01
s_1132,2254,87,b-nosplit,5,20712,1,85.48
s_1133,858,27,b-nosplit,5,26619,1,74.32
s_1134,453,38,b-nosplit,5,20275,1,100.00
s_1135,975,47,b-nosplit,5,25922,1,95.35
s_1136,1225,74,b-nosplit,5,28710,1,79.37
s_1137,1969,73,b-nosplit,5,31311,1,77.68
s_1138,546,20,b-nosplit,5,28779,0,
s_1139,811,65,b-nosplit,5,27678,1,100.00
s_1140,558,38,b-nosplit,5,20702,1,93.47
s_1141,786,43,b-nosplit,5,21143,1,95.52
s_1142,846,38,b-nosplit,5,21385,1,82.02
s_1143,1056,41,b-nosplit,5,36548,1,83.40
s_1144,893,32,b-nosplit,5,19585,1,99.08
s_1145,238,35,b-nosplit,5,18260,1,86.18
s_1146,1451,53,b-nosplit,5,34211,1,74.97
s_1147,2446,132,b-nosplit,5,16014,1,92.08
s_1148,1309,86,b-nosplit,5,23038,1,93.61
s_1149,1151,121,b-nosplit,5,19033,1,90.20
s_1150,467,40,b-nosplit,5,33072,1,86.63
s_1151,1141,58,b-nosplit,5,30737,0,
s_1152,945,71,b-nosplit,5,25944,1,100.00
s_1153,257,14,b-nosplit,5,23183,1,100.00
s_1154,1746,121,b-nosplit,5,23708,1,88.73
s_1155,215,10,b-nosplit,5,20443,1,63.83
s_1156,55,5,b-nosplit,5,21759,1,100.00
s_1157,1643,77,b-nosplit,5,22250,1,72.06
s_1158,798,39,b-nosplit,5,31166,1,77.65
s_1159,425,49,b-nosplit,5,15284,1,80.28
s_1160,1913,102,b-nosplit,5,36752,1,77.84
s_1161,1036,62,b-nosplit,5,19831,1,100.00
s_1162,576,29,b-nosplit,5,29377,1,86.99
s_1163,1972,63,b-nosplit,5,16733,1,85.56
s_1164,571,45,b-nosplit,5,23569,1,78.36
s_1165,295,17,b-nosplit,5,26553,1,93.96
s_1166,496,35,b-nosplit,5,10941,1,86.45
s_1167,2096,101,b-nosplit,5,23872,1,81.39
s_1168,85,5,b-nosplit,5,29930,1,100.00
s_1169,572,38,b-nosplit,5,24479,1,95.48
s_1170,487,28,b-nosplit,5,31331,1,80.00
s_1171,325,21,b-nosplit,5,30685,1,100.00
s_1172,2115,83,b-nosplit,5,23625,1,66.26
s_1173,301,17,b-nosplit,5,34061,1,72.12
s_1174,3645,130,b-nosplit,5,28664,1,67.14
s_1175,2066,82,b-nosplit,5,20068,1,85.91
s_1176,3914,205,b-nosplit,5,38352,1,76.78
s_1177,2020,72,b-nosplit,5,24692,1,99.92
s_1178,537,24,b-nosplit,5,27855,1,96.32
s_1179,698,28,b-nosplit,5,34221,1,58.79
s_1180,944,26,b-nosplit,5,21292,1,92.11
s_1181,190,20,b-nosplit,5,29641,1,64.16
s_1182,980,32,b-nosplit,5,17553,1,78.68
s_1183,425,24,b-nosplit,5,27352,1,100.00
s_1184,2139,131,b-nosplit,5,23565,0,
s_1185,520,38,b-nosplit,5,24414,1,100.00
s_1186,221,14,b-nosplit,5,23827,1,100.00
s_1187,1320,58,b-nosplit,5,24987,1,90.71
s_1188,1220,58,b-nosplit,5,23943,1,90.70
s_1189,651,30,b-nosplit,5,30286,1,100.00
s_1190,419,27,b-nosplit,5,38660,1,96.68
s_1191,1817,105,b-nosplit,5,24250,1,100.00
s_1192,786,35,b-nosplit,5,25535,1,97.73
s_1193,416,24,b-nosplit,5,20700,1,100.00
s_1194,252,15,b-nosplit,5,17719,1,91.48
s_1195,316,18,b-nosplit,5,21208,1,100.00
s_1196,386,14,b-nosplit,5,37223,1,89.29
s_1197,840,37,b-nosplit,5,10333,1,81.60
s_1198,335,20,b-nosplit,5,35466,1,82.16
s_1199,551,20,b-nosplit,5,21224,1,90.90
s_1200,911,43,b-nosplit,5,29007,1,80.11
s_1201,481,49,b-nosplit,5,19039,1,97.41
s_1202,669,31,b-nosplit,5,17091,1,65.53
s_1203,3033,87,b-nosplit,5,34341,1,87.68
s_1204,527,25,b-nosplit,5,29603,1,69.08
s_1205,281,16,b-nosplit,5,18816,1,86.74
s_1206,121,6,b-nosplit,5,15083,1,100.00
s_1207,231,12,b-nosplit,5,18133,1,100.00
s_1208,1612,97,b-nosplit,5,40606,1,82.74
s_1209,1526,65,b-nosplit,5,44759,1,92.64
s_1210,340,29,b-nosplit,5,18349,1,75.84
s_1211,97,6,b-nosplit,5,32702,1,95.61
s_1212,906,35,b-nosplit,5,33167,1,90.52
s_1213,862,74,b-nosplit,5,21405,1,89.48
s_1214,390,23,b-nosplit,5,18196,1,76.94
s_1215,283,18,b-nosplit,5,20196,1,100.00
s_1216,2959,150,b-nosplit,5,20274,0,
s_1217,247,17,b-nosplit,5,30010,1,98.38
s_1218,180,14,b-nosplit,5,40638,1,89.81
s_1219,835,45,b-nosplit,5,30795,1,100.00
s_1220,1104,62,b-nosplit,5,18627,1,100.00
s_1221,1770,77,b-nosplit,5,24451,1,98.69
s_1222,563,24,b-nosplit,5,17709,1,94.53
s_1223,499,18,b-nosplit,5,40466,1,84.84
s_1224,1816,112,b-nosplit,5,17742,1,82.98
s_1225,1776,84,b-nosplit,5,8010,1,85.25
s_1226,1591,77,b-nosplit,5,38101,1,100.00
s_1227,493,24,b-nosplit,5,26277,1,99.49
s_1228,738,30,b-nosplit,5,28628,1,92.77
s_1229,981,43,b-nosplit,5,22627,1,72.56
s_1230,575,25,b-nosplit,5,50706,1,80.51
s_1231,1358,88,b-nosplit,5,14242,1,69.07
s_1232,575,24,b-nosplit,5,22164,1,100.00
s_1233,1617,72,b-nosplit,5,20569,1,84.97
s_1234,226,15,b-nosplit,5,18419,1,83.30
s_1235,470,34,b-nosplit,5,31555,1,100.00
s_1236,1245,47,b-nosplit,5,30335,1,85.75
s_1237,255,33,b-nosplit,5,30392,1,100.00
s_1238,511,24,b-nosplit,5,38256,1,85.02
s_1239,1969,118,b-nosplit,5,43332,1,100.00
s_1240,1491,56,b-nosplit,5,38211,1,79.08
s_1241,505,37,b-nosplit,5,27577,1,92.22
s_1242,362,25,b-nosplit,5,29650,1,95.78
s_1243,1514,60,b-nosplit,5,20835,1,60.91
s_1244,465,20,b-nosplit,5,19966,1,100.00
s_1245,749,55,b-nosplit,5,14695,1,86.07
s_1246,670,38,b-nosplit,5,26851,1,92.40
s_1247,171,12,b-nosplit,5,23558,1,96.83
s_1248,585,41,b-nosplit,5,22600,1,94.35
s_1249,803,30,b-nosplit,5,20075,0,
s_1250,664,39,b-nosplit,5,21036,1,93.17
s_1251,652,27,b-nosplit,5,23592,1,78.55
s_1252,541,50,b-nosplit,5,22726,1,89.13
s_1253,5499,217,b-nosplit,5,17845,1,96.81
s_1254,2775,141,b-nosplit,5,27625,1,64.18
s_1255,1074,80,b-nosplit,5,33452,1,84.30
s_1256,442,38,b-nosplit,5,19044,1,95.21
s_1257,272,17,b-nosplit,5,26907,1,85.90
s_1258,2470,90,b-nosplit,5,22251,1,83.71
s_1259,797,42,b-nosplit,5,36612,1,92.89
s_1260,491,29,b-nosplit,5,31375,1,87.56
s_1261,298,22,b-nosplit,5,38747,1,86.11
s_1262,313,12,b-nosplit,5,28243,1,87.26
s_1263,1025,52,b-nosplit,5,14264,1,63.95
s_1264,42,4,b-nosplit,5,10744,1,95.38
s_1265,354,29,b-nosplit,5,28729,1,86.15
s_1266,648,39,b-nosplit,5,29908,1,76.31
s_1267,972,51,b-nosplit,5,20491,1,91.78
s_1268,1440,59,b-nosplit,5,37172,1,90.38
s_1269,1005,73,b-nosplit,5,32610,1,76.02
s_1270,392,23,b-nosplit,5,33122,1,93.44
s_1271,617,48,b-nosplit,5,42067,0,
s_1272,577,28,b-nosplit,5,13656,1,58.77
s_1273,324,38,b-nosplit,5,25173,1,91.83
s_1274,672,69,b-nosplit,5,19489,1,98.24
s_1275,4408,128,b-nosplit,5,29074,0,
s_1276,622,46,b-nosplit,5,18090,1,88.85
s_1277,1430,54,b-nosplit,5,24666,1,95.64
s_1278,2033,101,b-nosplit,5,20000,1,85.06
s_1279,302,21,b-nosplit,5,20118,1,89.09
s_1280,947,27,b-nosplit,5,36025,1,90.74
s_1281,4335,202,b-nosplit,5,18948,1,82.31
s_1282,678,48,b-nosplit,5,18729,1,93.08
s_1283,549,23,b-nosplit,5,27232,1,91.42
s_1284,634,27,b-nosplit,5,31452,1,83.26
s_1285,947,65,b-nosplit,5,24886,1,69.67
s_1286,415,26,b-nosplit,5,29497,1,93.67
s_1287,127,7,b-nosplit,5,28129,1,100.00
s_1288,264,15,b-nosplit,5,29368,1,100.00
s_1289,761,35,b-nosplit,5,30088,1,93.45
s_1290,1038,52,b-nosplit,5,19047,1,79.49
s_1291,961,40,b-nosplit,5,26045,1,89.85
s_1292,66,5,b-nosplit,5,25445,1,98.10
s_1293,809,44,b-nosplit,5,31236,1,71.21
s_1294,948,49,b-nosplit,5,28080,1,100.00
s_1295,2911,115,b-nosplit,5,10735,1,75.57
s_1296,428,22,b-nosplit,5,23567,1,100.00
s_1297,381,24,b-nosplit,5,18649,1,90.75
s_1298,2705,65,b-nosplit,5,22764,1,70.96
s_1299,886,74,b-nosplit,5,26838,1,79.91
s_1300,1191,77,b-nosplit,5,17739,0,
s_1301,463,23,b-nosplit,5,24894,1,80.46
s_1302,987,47,b-nosplit,5,19434,0,
s_1303,1152,55,b-nosplit,5,16284,1,83.80
s_1304,237,17,b-nosplit,5,29489,1,88.73
s_1305,249,13,b-nosplit,5,18114,1,100.00
s_1306,1099,74,b-nosplit,5,28015,1,80.60
s_1307,2037,69,b-nosplit,5,38863,1,86.30
s_1308,491,43,b-nosplit,5,36464,1,92.67
s_1309,1945,173,b-nosplit,5,21623,1,75.50
s_1310,1600,49,b-nosplit,5,24237,0,
s_1311,1408,56,b-nosplit,5,16938,1,99.88
s_1312,489,26,b-nosplit,5,40286,1,82.58
s_1313,262,20,b-nosplit,5,21463,1,79.65
s_1314,232,14,b-nosplit,5,23356,1,92.29
s_1315,203,15,b-nosplit,5,24102,1,77.99
s_1316,1170,50,b-nosplit,5,32125,0,
s_1317,1244,56,b-nosplit,5,30905,1,100.00
s_1318,243,25,b-nosplit,5,31053,1,87.54
s_1319,1459,107,b-nosplit,5,27061,1,100.00
s_1320,1197,58,b-nosplit,5,18648,1,74.58
s_1321,578,19,b-nosplit,5,27064,1,76.92
s_1322,410,23,b-nosplit,5,24398,1,92.67
s_1323,1330,45,b-nosplit,5,37289,1,88.17
s_1324,872,45,b-nosplit,5,29531,1,91.98
s_1325,784,63,b-nosplit,5,25811,1,100.00
s_1326,1251,42,b-nosplit,5,11550,1,74.33
s_1327,87,3,b-nosplit,5,16205,1,74.87
s_1328,219,8,b-nosplit,5,13986,0,
s_1329,304,15,b-nosplit,5,17760,1,78.63
s_1330,1174,46,b-nosplit,5,14824,1,100.00
s_1331,947,52,b-nosplit,5,23287,1,80.50
s_1332,1030,28,b-nosplit,5,21275,1,63.50
s_1333,107,4,b-nosplit,5,31585,1,85.57
s_1334,156,7,b-nosplit,5,20810,1,97.79
s_1335,85,4,b-nosplit,5,28819,1,100.00
s_1336,2409,91,b-nosplit,5,31447,1,100.00
s_1337,1154,103,b-nosplit,5,33756,1,79.74
s_1338,115,13,b-nosplit,5,11097,1,100.00
s_1339,127,12,b-nosplit,5,22656,1,96.32
s_1340,148,25,b-nosplit,5,18480,0,
s_1341,304,11,b-nosplit,5,15847,1,94.49
s_1342,886,39,b-nosplit,5,51443,1,82.19
s_1343,364,32,b-nosplit,5,17457,1,78.86
s_1344,1807,102,b-nosplit,5,9005,1,68.91
s_1345,416,21,b-nosplit,5,17194,1,91.07
s_1346,1332,67,b-nosplit,5,23961,0,
s_1347,332,30,b-nosplit,5,34993,1,96.20
s_1348,171,17,b-nosplit,5,19256,1,76.85
s_1349,579,21,b-nosplit,5,36039,1,93.63
s_1350,367,14,b-nosplit,5,38170,1,79.09
s_1351,2275,68,b-nosplit,5,23381,1,90.01
s_1352,1246,52,b-nosplit,5,17829,1,67.15
s_1353,1015,51,b-nosplit,5,20956,1,85.59
s_1354,252,10,b-nosplit,5,17528,1,100.00
s_1355,655,30,b-nosplit,5,30866,0,
s_1356,250,23,b-nosplit,5,17998,1,97.88
s_1357,780,61,b-nosplit,5,26242,1,91.53
s_1358,674,30,b-nosplit,5,37501,1,86.87
s_1359,763,35,b-nosplit,5,21004,1,90.77
s_1360,642,27,b-nosplit,5,27506,1,100.00
s_1361,254,23,b-nosplit,5,25097,1,84.54
s_1362,628,28,b-nosplit,5,20242,1,100.00
s_1363,1121,63,b-nosplit,5,18608,1,92.44
s_1364,2737,117,b-nosplit,5,33387,1,74.81
s_1365,1207,44,b-nosplit,5,37875,1,75.38
s_1366,1617,64,b-nosplit,5,28764,1,73.18
s_1367,616,24,b-nosplit,5,39921,1,90.29
s_1368,506,22,b-nosplit,5,16105,1,72.16
s_1369,955,71,b-nosplit,5,26897,1,97.96
s_1370,865,40,b-nosplit,5,11331,1,84.74
s_1371,4652,229,b-nosplit,5,20502,0,
s_1372,698,66,b-nosplit,5,20898,1,91.54
s_1373,650,33,b-nosplit,5,24423,1,86.15
s_1374,2230,121,b-nosplit,5,20720,1,88.01
s_1375,1318,70,b-nosplit,5,30253,1,82.67
s_1376,464,27,b-nosplit,5,31917,1,100.00
s_1377,808,45,b-nosplit,5,29410,1,94.77
s_1378,551,16,b-nosplit,5,19158,1,100.00
s_1379,864,33,b-nosplit,5,40218,1,73.08
s_1380,583,16,b-nosplit,5,27175,1,100.00
s_1381,1133,31,b-nosplit,5,20923,1,88.04
s_1382,1307,85,b-nosplit,5,16742,0,
s_1383,1151,48,b-nosplit,5,21486,1,90.27
s_1384,884,29,b-nosplit,5,19784,1,99.13
s_1385,1385,49,b-nosplit,5,25345,1,58.29
s_1386,5662,404,b-nosplit,5,34730,0,
s_1387,369,24,b-nosplit,5,26984,1,96.59
s_1388,1289,60,b-nosplit,5,31037,1,83.42
s_1389,1340,70,b-nosplit,5,29969,1,69.18
s_1390,593,50,b-nosplit,5,40988,1,98.32
s_1391,405,22,b-nosplit,5,21892,1,92.86
s_1392,498,40,b-nosplit,5,20364,1,88.62
s_1393,950,30,b-nosplit,5,27102,1,80.97
s_1394,388,11,b-nosplit,5,20795,1,86.62
s_1395,1144,45,b-nosplit,5,16907,1,91.50
s_1396,857,53,b-nosplit,5,33320,1,90.12
s_1397,1898,122,b-nosplit,5,23729,1,71.30
s_1398,466,37,b-nosplit,5,30116,1,100.00
s_1399,226,19,b-nosplit,5,18856,1,92.53
s_1400,2306,118,b-nosplit,5,37605,1,81.78
s_1401,427,22,b-nosplit,5,25391,1,87.12
s_1402,403,22,b-nosplit,5,20994,1,85.63
s_1403,701,53,b-nosplit,5,24776,1,77.07
s_1404,1056,39,b-nosplit,5,26636,1,99.48
s_1405,325,23,b-nosplit,5,39084,1,91.64
s_1406,936,60,b-nosplit,5,22919,1,81.36
s_1407,1333,42,b-nosplit,5,32308,1,82.51
s_1408,2100,38,b-nosplit,5,29786,1,93.15
s_1409,797,49,b-nosplit,5,46301,1,83.30
s_1410,938,38,b-nosplit,5,11237,1,83.72
s_1411,464,27,b-nosplit,5,21641,1,83.47
s_1412,188,9,b-nosplit,5,26549,1,82.27
s_1413,1766,70,b-nosplit,5,16396,1,77.62
s_1414,502,38,b-nosplit,5,27191,1,82.36
s_1415,1192,42,b-nosplit,5,25568,1,94.56
s_1416,1213,39,b-nosplit,5,12357,1,83.76
s_1417,680,37,b-nosplit,5,46251,1,69.26
s_1418,564,29,b-nosplit,5,26187,1,100.00
s_1419,1364,78,b-nosplit,5,26867,1,89.63
s_1420,738,58,b-nosplit,5,17661,1,92.42
s_1421,1963,126,b-nosplit,5,26719,1,75.79
s_1422,1317,85,b-nosplit,5,21511,1,77.94
s_1423,672,32,b-nosplit,5,34195,1,81.70
s_1424,394,29,b-nosplit,5,33266,1,67.98
s_1425,167,10,b-nosplit,5,24033,1,85.04
s_1426,1124,43,b-nosplit,5,31197,1,66.26
s_1427,1170,39,b-nosplit,5,27402,1,84.85
s_1428,388,17,b-nosplit,5,22562,1,100.00
s_1429,231,19,b-nosplit,5,26986,1,79.72
s_1430,3395,146,b-nosplit,5,9399,1,89.63
s_1431,926,49,b-nosplit,5,31491,1,74.61
s_1432,1279,53,b-nosplit,5,19016,1,84.43
s_1433,423,41,b-nosplit,5,18378,1,100.00
s_1434,482,38,b-nosplit,5,27226,1,83.62
s_1435,1028,78,b-nosplit,5,40016,1,82.15
s_1436,3201,151,b-nosplit,5,39770,1,77.47
s_1437,295,20,b-nosplit,5,26569,1,100.00
s_1438,912,44,b-nosplit,5,32964,0,
s_1439,146,16,b-nosplit,5,35186,1,88.51
s_1440,687,38,b-nosplit,5,46413,0,
s_1441,396,26,b-nosplit,5,14755,0,
s_1442,847,39,b-nosplit,5,32330,1,87.25
s_1443,371,14,b-nosplit,5,16412,1,77.16
s_1444,411,26,b-nosplit,5,18867,1,100.00
s_1445,1015,57,b-nosplit,5,35765,1,93.54
s_1446,175,11,b-nosplit,5,28991,1,100.00
s_1447,597,42,b-nosplit,5,35674,1,99.97
s_1448,377,31,b-nosplit,5,25055,1,75.72
s_1449,2663,83,b-nosplit,5,31799,1,89.52
s_1450,3852,200,b-nosplit,5,25356,1,73.22
s_1451,1139,54,b-nosplit,5,34310,1,68.63
s_1452,899,56,b-nosplit,5,25558,1,100.00
s_1453,754,43,b-nosplit,5,33703,1,98.24
s_1454,1944,91,b-nosplit,5,28906,1,86.73
s_1455,573,24,b-nosplit,5,37362,1,96.58
s_1456,2556,79,b-nosplit,5,25124,1,93.74
s_1457,360,18,b-nosplit,5,44468,1,93.85
s_1458,166,11,b-nosplit,5,29758,1,100.00
s_1459,420,21,b-nosplit,5,32522,1,83.00
s_1460,151,8,b-nosplit,5,21666,1,99.83
s_1461,545,22,b-nosplit,5,23103,1,80.42
s_1462,131,8,b-nosplit,5,26568,1,91.85
s_1463,874,43,b-nosplit,5,27611,1,78.47
s_1464,1111,42,b-nosplit,5,22071,0,
s_1465,691,57,b-nosplit,5,16778,1,100.00
s_1466,657,26,b-nosplit,5,28498,0,
s_1467,905,59,b-nosplit,5,23462,1,80.39
s_1468,1932,83,b-nosplit,5,22631,1,84.44
s_1469,525,27,b-nosplit,5,25840,1,83.42
s_1470,339,19,b-nosplit,5,22217,1,91.98
s_1471,1255,65,b-nosplit,5,31062,1,97.76
s_1472,3111,107,b-nosplit,5,14001,1,92.86
s_1473,1183,76,b-nosplit,5,19511,1,88.87
s_1474,717,28,b-nosplit,5,26468,1,100.00
s_1475,4506,118,b-nosplit,5,20945,0,
s_1476,613,37,b-nosplit,5,21558,1,97.96
s_1477,433,20,b-nosplit,5,53682,1,73.46
s_1478,2843,148,b-nosplit,5,19316,0,
s_1479,1208,63,b-nosplit,5,19548,1,63.76
s_1480,318,13,b-nosplit,5,16945,1,100.00
s_1481,80,10,b-nosplit,5,25901,1,79.26
s_1482,1887,111,b-nosplit,5,31411,1,89.58
s_1483,967,66,b-nosplit,5,25942,1,81.42
s_1484,337,22,b-nosplit,5,19716,1,81.14
s_1485,2375,108,b-nosplit,5,21765,1,94.98
s_1486,964,69,b-nosplit,5,23162,0,
s_1487,904,36,b-nosplit,5,17802,1,81.60
s_1488,955,44,b-nosplit,5,22709,1,89.61
s_1489,275,18,b-nosplit,5,23041,1,85.44
s_1490,257,13,b-nosplit,5,22008,1,88.40
s_1491,248,15,b-nosplit,5,30227,1,92.44
s_1492,2758,153,b-nosplit,5,16156,1,87.32
s_1493,552,20,b-nosplit,5,20742,1,91.25
s_1494,2271,84,b-nosplit,5,26712,1,90.08
s_1495,1595,30,b-nosplit,5,46124,1,85.61
s_1496,590,59,b-nosplit,5,30002,1,74.85
s_1497,1289,49,b-nosplit,5,21941,1,78.72
s_1498,504,23,b-nosplit,5,20309,1,86.29
s_1499,650,18,b-nosplit,5,31382,1,76.44
s_1500,1488,101,b-nosplit,5,19792,1,87.95
s_1501,788,25,b-nosplit,5,25811,0,
s_1502,487,42,b-nosplit,5,21235,1,63.13
s_1503,2131,140,b-nosplit,5,34585,1,84.02
s_1504,531,16,b-nosplit,5,50442,1,99.29
s_1505,629,31,b-nosplit,5,31654,1,93.59
s_1506,860,36,b-nosplit,5,24418,1,72.72
s_1507,472,28,b-nosplit,5,13416,1,100.00
s_1508,733,50,b-nosplit,5,18683,1,93.02
s_1509,282,8,b-nosplit,5,20878,1,67.88
s_1510,287,11,b-nosplit,5,14574,1,92.83
s_1511,2487,77,b-nosplit,5,22758,1,100.00
s_1512,1020,40,b-nosplit,5,22211,1,90.92
s_1513,809,41,b-nosplit,5,18961,1,76.44
s_1514,257,18,b-nosplit,5,34962,1,93.05
s_1515,577,33,b-nosplit,5,33646,1,97.06
s_1516,759,61,b-nosplit,5,27809,1,100.00
s_1517,803,35,b-nosplit,5,19724,1,94.31
s_1518,554,31,b-nosplit,5,25451,1,100.00
s_1519,1704,111,b-nosplit,5,36828,1,97.02
s_1520,151,13,b-nosplit,5,13127,1,80.92
s_1521,1357,91,b-nosplit,5,20817,1,81.78
s_1522,148,11,b-nosplit,5,21495,1,94.02
s_1523,552,27,b-nosplit,5,26296,1,100.00
s_1524,825,38,b-nosplit,5,16240,1,96.46
s_1525,1525,53,b-nosplit,5,34495,1,100.00
s_1526,790,54,b-nosplit,5,28626,1,99.08
s_1527,709,38,b-nosplit,5,31513,1,97.14
s_1528,544,38,b-nosplit,5,21225,1,100.00
s_1529,367,25,b-nosplit,5,24409,1,93.61
s_1530,614,27,b-nosplit,5,16857,1,92.80
s_1531,2583,204,b-nosplit,5,27195,1,78.81
s_1532,464,20,b-nosplit,5,21526,1,91.24
s_1533,300,21,b-nosplit,5,56641,1,100.00
s_1534,5635,321,b-nosplit,5,34201,1,75.35
s_1535,952,35,b-nosplit,5,30481,1,80.41
s_1536,481,27,b-nosplit,5,16679,1,89.94
s_1537,205,17,b-nosplit,5,18345,1,91.92
s_1538,1823,94,b-nosplit,5,19891,1,72.13
s_1539,641,32,b-nosplit,5,30331,1,82.74
s_1540,993,58,b-nosplit,5,31016,1,80.17
s_1541,2260,114,b-nosplit,5,20179,1,95.59
s_1542,271,15,b-nosplit,5,34230,1,90.59
s_1543,1936,94,b-nosplit,5,34191,1,98.04
s_1544,506,26,b-nosplit,5,21998,1,87.86
s_1545,1203,47,b-nosplit,5,28474,0,
s_1546,749,25,b-nosplit,5,19831,1,93.85
s_1547,935,50,b-nosplit,5,36012,1,81.70
s_1548,821,36,b-nosplit,5,21146,1,100.00
s_1549,455,18,b-nosplit,5,37461,1,97.70
s_1550,2397,58,b-nosplit,5,24696,1,85.58
s_1551,138,7,b-nosplit,5,30606,1,74.60
s_1552,93,7,b-nosplit,5,20439,1,100.00
s_1553,1004,73,b-nosplit,5,21814,1,90.65
s_1554,2798,108,b-nosplit,5,21769,1,83.20
s_1555,861,29,b-nosplit,5,23029,1,88.33
s_1556,1007,59,b-nosplit,5,32214,1,81.76
s_1557,846,48,b-nosplit,5,25200,1,71.30
s_1558,732,46,b-nosplit,5,52688,1,79.20
s_1559,1189,49,b-nosplit,5,24502,1,96.55
s_1560,555,38,b-nosplit,5,34765,1,84.33
s_1561,1650,75,b-nosplit,5,23624,0,
s_1562,574,21,b-nosplit,5,21348,1,96.72
s_1563,865,26,b-nosplit,5,23942,1,83.48
s_1564,695,39,b-nosplit,5,24865,1,100.00
s_1565,1358,50,b-nosplit,5,41699,1,69.04
s_1566,1890,73,b-nosplit,5,28104,1,86.37
s_1567,346,18,b-nosplit,5,17091,1,80.77
s_1568,190,15,b-nosplit,5,22541,1,100.00
s_1569,606,29,b-nosplit,5,32535,1,89.99
s_1570,658,31,b-nosplit,5,21342,1,80.68
s_1571,97,9,b-nosplit,5,27961,1,100.00
s_1572,552,45,b-nosplit,5,35345,0,
s_1573,202,21,b-nosplit,5,17113,1,85.44
s_1574,852,32,b-nosplit,5,13873,1,100.00
s_1575,858,56,b-nosplit,5,39898,1,92.56
s_1576,591,36,b-nosplit,5,21016,1,93.24
s_1577,692,32,b-nosplit,5,40631,1,93.66
s_1578,840,44,b-nosplit,5,25176,1,93.38
s_1579,974,57,b-nosplit,5,29248,1,97.58
s_1580,1385,84,b-nosplit,5,21532,1,96.13
s_1581,1253,73,b-nosplit,5,20280,1,65.72
s_1582,722,44,b-nosplit,5,32458,1,77.74
s_1583,1759,131,b-nosplit,5,16793,0,
s_1584,586,49,b-nosplit,5,24003,1,96.07
s_1585,228,17,b-nosplit,5,25483,1,88.93
s_1586,1032,40,b-nosplit,5,27259,0,
s_1587,486,19,b-nosplit,5,23257,1,100.00
s_1588,303,17,b-nosplit,5,32499,1,100.00
s_1589,1933,50,b-nosplit,5,24407,1,81.99
s_1590,164,12,b-nosplit,5,49921,1,82.94
s_1591,57,7,b-nosplit,5,36328,1,100.00
s_1592,4287,253,b-nosplit,5,31589,0,
s_1593,877,56,b-nosplit,5,24801,1,95.43
s_1594,478,49,b-nosplit,5,21718,1,86.71
s_1595,1002,44,b-nosplit,5,28176,1,94.27
s_1596,666,36,b-nosplit,5,28682,1,78.07
s_1597,2256,141,b-nosplit,5,38335,0,
s_1598,569,50,b-nosplit,5,25478,1,79.22
s_1599,488,25,b-nosplit,5,19162,1,100.00
s_1600,1057,56,b-nosplit,5,24279,1,89.27
s_1601,1337,62,b-nosplit,5,25883,1,67.25
s_1602,748,28,b-nosplit,5,22062,1,100.00
s_1603,316,14,b-nosplit,5,30599,1,90.68
s_1604,184,26,b-nosplit,5,29074,1,85.26
s_1605,808,42,b-nosplit,5,42080,1,87.88
s_1606,521,59,b-nosplit,5,21098,1,79.04
s_1607,327,25,b-nosplit,5,21154,1,90.14
s_1608,408,20,b-nosplit,5,25641,1,99.40
s_1609,805,37,b-nosplit,5,49752,1,74.01
s_1610,789,50,b-nosplit,5,29147,1,90.53
s_1611,1212,52,b-nosplit,5,20382,1,93.90
s_1612,276,10,b-nosplit,5,29540,1,100.00
s_1613,3385,86,b-nosplit,5,22677,1,69.56
s_1614,1237,56,b-nosplit,5,31034,1,96.12
s_1615,1313,132,b-nosplit,5,26264,1,100.00
s_1616,489,29,b-nosplit,5,26380,1,90.82
s_1617,828,62,b-nosplit,5,66670,1,91.77
s_1618,108,7,b-nosplit,5,37307,1,100.00
s_1619,1322,62,b-nosplit,5,10581,1,69.88
s_1620,976,61,b-nosplit,5,24999,1,100.00
s_1621,1371,72,b-nosplit,5,10071,0,
s_1622,9918,362,b-nosplit,5,33518,0,
s_1623,1159,99,b-nosplit,5,20924,1,78.32
s_1624,3231,219,b-nosplit,5,26756,0,
s_1625,862,41,b-nosplit,5,28478,1,87.91
s_1626,189,15,b-nosplit,5,27627,1,100.00
s_1627,414,13,b-nosplit,5,18097,1,86.35
s_1628,1196,103,b-nosplit,5,22860,1,99.72
s_1629,672,42,b-nosplit,5,38356,1,61.93
s_1630,392,24,b-nosplit,5,39242,1,84.73
s_1631,223,17,b-nosplit,5,30529,1,100.00
s_1632,325,15,b-nosplit,5,32360,1,76.97
s_1633,608,30,b-nosplit,5,23283,1,95.26
s_1634,689,53,b-nosplit,5,27453,1,73.04
s_1635,3504,163,b-nosplit,5,32664,1,87.38
s_1636,104,8,b-nosplit,5,29678,1,76.70
s_1637,389,13,b-nosplit,5,16330,1,80.93
s_1638,690,25,b-nosplit,5,22974,1,82.88
s_1639,1379,71,b-nosplit,5,34570,1,72.11
s_1640,713,31,b-nosplit,5,18148,1,86.13
s_1641,554,18,b-nosplit,5,16030,1,69.01
s_1642,1048,61,b-nosplit,5,23990,1,95.58
s_1643,727,35,b-nosplit,5,45526,1,82.41
s_1644,1763,104,b-nosplit,5,29022,0,
s_1645,2937,123,b-nosplit,5,22405,1,80.93
s_1646,2838,155,b-nosplit,5,17548,1,60.82
s_1647,1844,116,b-nosplit,5,23014,1,64.65
s_1648,215,8,b-nosplit,5,26956,1,100.00
s_1649,1029,50,b-nosplit,5,18897,1,78.87
s_1650,789,32,b-nosplit,5,31878,1,89.34
s_1651,3991,181,b-nosplit,5,17377,0,
s_1652,1105,44,b-nosplit,5,12819,1,100.00
s_1653,330,29,b-nosplit,5,28985,1,84.17
s_1654,1689,88,b-nosplit,5,21627,0,
s_1655,454,20,b-nosplit,5,26629,1,85.12
s_1656,242,25,b-nosplit,5,33852,1,73.32
s_1657,289,22,b-nosplit,5,39401,1,92.48
s_1658,1589,129,b-nosplit,5,28829,1,98.90
s_1659,320,11,b-nosplit,5,23279,1,94.08
s_1660,817,30,b-nosplit,5,32002,1,81.37
s_1661,1664,42,b-nosplit,5,29118,1,88.51
s_1662,243,12,b-nosplit,5,25869,1,86.58
s_1663,497,27,b-nosplit,5,13257,1,74.21
s_1664,1623,75,b-nosplit,5,43647,0,
s_1665,296,18,b-nosplit,5,21493,1,88.94
s_1666,447,27,b-nosplit,5,40205,1,86.85
s_1667,77,4,b-nosplit,5,18730,1,100.00
s_1668,406,13,b-nosplit,5,23565,1,92.79
s_1669,659,49,b-nosplit,5,24142,1,71.58
s_1670,461,16,b-nosplit,5,27013,1,75.06
s_1671,678,36,b-nosplit,5,21192,1,100.00
s_1672,1467,47,b-nosplit,5,21472,1,78.48
s_1673,113,8,b-nosplit,5,19944,1,91.66
s_1674,541,49,b-nosplit,5,32494,1,85.49
s_1675,706,41,b-nosplit,5,28394,1,87.75
s_1676,2132,99,b-nosplit,5,27655,1,78.63
s_1677,461,35,b-nosplit,5,13431,1,78.13
s_1678,1097,47,b-nosplit,5,19029,1,100.00
s_1679,501,35,b-nosplit,5,20127,1,84.57
s_1680,238,9,b-nosplit,5,27924,1,79.28
s_1681,1775,85,b-nosplit,5,29119,1,76.69
s_1682,503,24,b-nosplit,5,16095,1,72.30
s_1683,199,20,b-nosplit,5,48352,1,81.57
s_1684,84,6,b-nosplit,5,18685,1,100.00
s_1685,5446,175,b-nosplit,5,17810,0,
s_1686,847,49,b-nosplit,5,23577,1,94.98
s_1687,293,14,b-nosplit,5,19953,1,99.78
s_1688,1119,57,b-nosplit,5,18314,1,89.70
s_1689,1243,73,b-nosplit,5,32711,1,83.03
s_1690,11670,389,b-nosplit,5,26321,0,
s_1691,350,20,b-nosplit,5,20618,1,68.57
s_1692,187,16,b-nosplit,5,27220,1,98.15
s_1693,553,48,b-nosplit,5,36567,1,96.34
s_1694,1665,65,b-nosplit,5,19964,1,78.55
s_1695,1268,77,b-nosplit,5,32734,1,82.28
s_1696,917,44,b-nosplit,5,21462,1,92.02
s_1697,1710,73,b-nosplit,5,26665,1,86.41
s_1698,390,24,b-nosplit,5,42498,1,87.93
s_1699,267,19,b-nosplit,5,29420,1,87.54
s_1700,597,24,b-nosplit,5,34274,1,94.07
s_1701,463,30,b-nosplit,5,15473,1,85.09
s_1702,795,46,b-nosplit,5,20527,1,92.83
s_1703,789,49,b-nosplit,5,29033,1,82.60
s_1704,429,18,b-nosplit,5,37669,1,100.00
s_1705,941,71,b-nosplit,5,21354,1,85.26
s_1706,1643,56,b-nosplit,5,25436,0,
s_1707,82,6,b-nosplit,5,27073,1,93.45
s_1708,889,59,b-nosplit,5,17251,1,99.64
s_1709,47,4,b-nosplit,5,22351,1,100.00
s_1710,1772,70,b-nosplit,5,28909,1,71.55
s_1711,2152,113,b-nosplit,5,27290,1,78.03
s_1712,1066,73,b-nosplit,5,32616,1,88.11
s_1713,1387,63,b-nosplit,5,16618,1,96.62
s_1714,737,63,b-nosplit,5,23709,1,86.71
s_1715,680,51,b-nosplit,5,29907,1,100.00
s_1716,4354,113,b-nosplit,5,37254,1,94.52
s_1717,318,34,b-nosplit,5,24222,1,93.70
s_1718,898,52,b-nosplit,5,32162,1,89.18
s_1719,367,17,b-nosplit,5,35160,1,100.00
s_1720,284,14,b-nosplit,5,24231,1,100.00
s_1721,380,13,b-nosplit,5,33408,1,89.73
s_1722,243,17,b-nosplit,5,34658,1,100.00
s_1723,549,41,b-nosplit,5,19097,1,94.54
s_1724,1987,107,b-nosplit,5,31773,0,
s_1725,1503,83,b-nosplit,5,29242,0,
s_1726,2343,125,b-nosplit,5,25632,0,
s_1727,443,16,b-nosplit,5,18015,1,94.48
s_1728,456,14,b-nosplit,5,30185,1,83.75
s_1729,1273,37,b-nosplit,5,26957,1,97.11
s_1730,977,42,b-nosplit,5,22980,1,100.00
s_1731,8444,367,b-nosplit,5,21508,1,88.36
s_1732,565,29,b-nosplit,5,19807,1,100.00
s_1733,253,21,b-nosplit,5,15657,1,85.55
s_1734,276,15,b-nosplit,5,17779,1,85.25
s_1735,676,48,b-nosplit,5,40247,1,72.55
s_1736,793,42,b-nosplit,5,23580,1,100.00
s_1737,1376,70,b-nosplit,5,33982,1,85.24
s_1738,621,19,b-nosplit,5,33691,1,85.90
s_1739,593,23,b-nosplit,5,26720,1,100.00
s_1740,1054,41,b-nosplit,5,19289,1,88.12
s_1741,359,18,b-nosplit,5,21742,1,85.93
s_1742,385,25,b-nosplit,5,16954,1,100.00
s_1743,359,19,b-nosplit,5,37544,1,73.84
s_1744,2804,69,b-nosplit,5,29083,1,79.67
s_1745,684,19,b-nosplit,5,30667,1,98.49
s_1746,757,61,b-nosplit,5,28657,1,58.05
s_1747,317,30,b-nosplit,5,19762,1,84.49
s_1748,999,44,b-nosplit,5,23705,0,
s_1749,2216,72,b-nosplit,5,22922,1,77.80
s_1750,1058,61,b-nosplit,5,37420,1,91.48
s_1751,129,13,b-nosplit,5,28844,1,82.80
s_1752,399,18,b-nosplit,5,28220,1,73.49
s_1753,1635,96,b-nosplit,5,15410,1,92.64
s_1754,258,14,b-nosplit,5,22838,1,100.00
s_1755,1762,120,b-nosplit,5,30573,1,74.24
s_1756,277,17,b-nosplit,5,21326,1,81.51
s_1757,482,20,b-nosplit,5,34153,1,89.58
s_1758,2227,185,b-nosplit,5,32774,1,94.42
s_1759,2390,102,b-nosplit,5,38494,1,85.78
s_1760,255,20,b-nosplit,5,35334,1,99.66
s_1761,794,53,b-nosplit,5,25116,1,69.80
s_1762,91,7,b-nosplit,5,17902,1,99.23
s_1763,93,5,b-nosplit,5,20534,1,100.00
s_1764,185,20,b-nosplit,5,20979,1,89.57
s_1765,139,5,b-nosplit,5,34115,1,91.64
s_1766,1468,62,b-nosplit,5,17014,1,84.28
s_1767,1499,98,b-nosplit,5,29813,1,83.18
s_1768,1766,107,b-nosplit,5,21127,1,77.48
s_1769,1160,67,b-nosplit,5,23444,1,80.04
s_1770,1436,73,b-nosplit,5,19098,1,90.62
s_1771,279,16,b-nosplit,5,22210,1,69.99
s_1772,1525,104,b-nosplit,5,41823,0,
s_1773,1035,92,b-nosplit,5,26128,1,72.37
s_1774,449,30,b-nosplit,5,40722,1,81.97
s_1775,1081,84,b-nosplit,5,20422,1,77.36
s_1776,728,18,b-nosplit,5,35671,1,89.38
s_1777,1020,43,b-nosplit,5,33655,0,
s_1778,3513,158,b-nosplit,5,26810,1,67.41
s_1779,670,30,b-nosplit,5,21772,1,100.00
s_1780,679,44,b-nosplit,5,26089,1,100.00
s_1781,1015,75,b-nosplit,5,52193,1,87.14
s_1782,241,14,b-nosplit,5,20682,1,100.00
s_1783,457,18,b-nosplit,5,31931,1,87.37
s_1784,1922,94,b-nosplit,5,16725,1,100.00
s_1785,110,17,b-nosplit,5,31930,1,100.00
s_1786,1774,90,b-nosplit,5,17947,0,
s_1787,654,38,b-nosplit,5,20578,1,100.00
s_1788,486,41,b-nosplit,5,22558,1,100.00
s_1789,919,41,b-nosplit,5,26536,1,75.35
s_1790,623,47,b-nosplit,5,15735,1,80.01
s_1791,1205,39,b-nosplit,5,32871,1,93.05
s_1792,2164,75,b-nosplit,5,27243,1,61.46
s_1793,2824,70,b-nosplit,5,29229,1,99.93
s_1794,661,46,b-nosplit,5,29452,1,100.00
s_1795,454,26,b-nosplit,5,27501,1,96.12
s_1796,578,20,b-nosplit,5,24635,1,91.10
s_1797,851,25,b-nosplit,5,18900,1,100.00
s_1798,170,11,b-nosplit,5,20763,1,99.30
s_1799,3481,203,b-nosplit,5,26865,1,70.32
s_1800,655,32,b-nosplit,5,31188,1,96.82
s_1801,2170,83,b-nosplit,5,25713,1,88.92
s_1802,931,39,b-nosplit,5,15183,1,100.00
s_1803,1903,73,b-nosplit,5,25072,1,91.86
s_1804,79,6,b-nosplit,5,35541,1,95.48
s_1805,1384,51,b-nosplit,5,37238,1,98.54
s_1806,133,7,b-nosplit,5,23693,1,90.21
s_1807,565,32,b-nosplit,5,27895,1,91.62
s_1808,1071,51,b-nosplit,5,29262,1,75.70
s_1809,622,35,b-nosplit,5,36684,1,82.23
s_1810,1388,73,b-nosplit,5,15718,1,83.94
s_1811,554,36,b-nosplit,5,20201,1,80.46
s_1812,1500,82,b-nosplit,5,27906,0,
s_1813,353,31,b-nosplit,5,33562,1,89.19
s_1814,5428,217,b-nosplit,5,26794,1,67.13
s_1815,852,50,b-nosplit,5,30432,1,76.67
s_1816,1775,60,b-nosplit,5,16566,1,76.76
s_1817,1011,37,b-nosplit,5,39630,1,90.62
s_1818,576,48,b-nosplit,5,29246,1,98.23
s_1819,1642,62,b-nosplit,5,28194,1,75.38
s_1820,280,16,b-nosplit,5,37840,1,80.49
s_1821,2314,95,b-nosplit,5,38471,1,89.04
s_1822,2372,121,b-nosplit,5,39075,0,
s_1823,696,37,b-nosplit,5,25322,1,87.71
s_1824,1432,101,b-nosplit,5,16089,1,90.98
s_1825,544,34,b-nosplit,5,14762,1,97.53
s_1826,1488,69,b-nosplit,5,28031,1,84.10
s_1827,443,25,b-nosplit,5,24656,1,81.98
s_1828,283,17,b-nosplit,5,24200,1,94.67
s_1829,91,8,b-nosplit,5,26898,1,94.89
s_1830,7167,256,b-nosplit,5,21372,1,62.56
s_1831,284,12,b-nosplit,5,18183,1,100.00
s_1832,878,71,b-nosplit,5,31646,1,100.00
s_1833,750,24,b-nosplit,5,24510,1,80.81
s_1834,106,6,b-nosplit,5,25003,1,95.83
s_1835,130,6,b-nosplit,5,32587,1,92.03
s_1836,1071,53,b-nosplit,5,25563,1,99.32
s_1837,867,23,b-nosplit,5,33848,1,85.70
s_1838,387,16,b-nosplit,5,34785,1,92.08
s_1839,175,13,b-nosplit,5,21447,1,100.00
s_1840,2693,126,b-nosplit,5,28979,1,81.99
s_1841,6413,261,b-nosplit,5,22946,0,
s_1842,1214,63,b-nosplit,5,35829,0,
s_1843,417,22,b-nosplit,5,25462,1,92.80
s_1844,1311,57,b-nosplit,5,21899,1,78.93
s_1845,1473,59,b-nosplit,5,27734,1,79.08
s_1846,3664,104,b-nosplit,5,29729,0,
s_1847,1993,142,b-nosplit,5,22901,1,85.80
s_1848,291,8,b-nosplit,5,23024,1,58.30
s_1849,687,36,b-nosplit,5,28035,1,61.29
s_1850,616,60,b-nosplit,5,35924,1,89.93
s_1851,337,17,b-nosplit,5,27482,1,100.00
s_1852,3137,153,b-nosplit,5,16231,1,88.45
s_1853,1013,40,b-nosplit,5,22792,0,
s_1854,574,30,b-nosplit,5,36025,1,100.00
s_1855,1499,73,b-nosplit,5,20110,1,83.10
s_1856,1178,37,b-nosplit,5,28770,1,84.22
s_1857,1476,108,b-nosplit,5,24077,1,90.04
s_1858,419,39,b-nosplit,5,23352,1,84.75
s_1859,966,77,b-nosplit,5,18297,1,72.11
s_1860,962,58,b-nosplit,5,24507,1,97.21
s_1861,1230,51,b-nosplit,5,23800,0,
s_1862,1066,47,b-nosplit,5,37654,1,96.14
s_1863,127,7,b-nosplit,5,18049,1,85.06
s_1864,4513,150,b-nosplit,5,20489,0,
s_1865,924,53,b-nosplit,5,18475,1,84.46
s_1866,2082,87,b-nosplit,5,28226,1,100.00
s_1867,761,29,b-nosplit,5,16295,1,86.05
s_1868,1521,66,b-nosplit,5,26568,1,89.67
s_1869,1000,46,b-nosplit,5,15763,1,100.00
s_1870,556,19,b-nosplit,5,27466,1,100.00
s_1871,455,19,b-nosplit,5,11781,1,94.35
s_1872,1566,79,b-nosplit,5,30058,1,85.77
s_1873,1328,63,b-nosplit,5,37611,1,82.49
s_1874,365,16,b-nosplit,5,24879,0,
s_1875,689,35,b-nosplit,5,30421,1,80.71
s_1876,321,17,b-nosplit,5,37675,1,67.91
s_1877,2661,74,b-nosplit,5,29917,0,
s_1878,598,46,b-nosplit,5,25511,1,83.13
s_1879,2625,107,b-nosplit,5,17266,1,83.17
s_1880,514,45,b-nosplit,5,31253,1,100.00
s_1881,438,24,b-nosplit,5,24556,1,100.00
s_1882,2131,64,b-nosplit,5,44756,1,80.70
s_1883,4191,168,b-nosplit,5,14528,1,70.42
s_1884,832,45,b-nosplit,5,25365,1,100.00
s_1885,433,20,b-nosplit,5,24479,1,79.79
s_1886,538,32,b-nosplit,5,24099,1,93.40
s_1887,5126,211,b-nosplit,5,48157,1,64.98
s_1888,1158,26,b-nosplit,5,25177,1,81.09
s_1889,118,7,b-nosplit,5,16317,1,100.00
s_1890,1090,34,b-nosplit,5,20131,1,83.01
s_1891,3648,121,b-nosplit,5,22852,0,
s_1892,244,11,b-nosplit,5,29914,1,90.09
s_1893,691,43,b-nosplit,5,36028,1,94.54
s_1894,226,17,b-nosplit,5,24746,1,83.54
s_1895,1380,48,b-nosplit,5,33796,1,96.94
s_1896,798,44,b-nosplit,5,20134,1,96.94
s_1897,463,22,b-nosplit,5,30757,1,95.95
s_1898,1365,109,b-nosplit,5,17798,1,91.31
s_1899,870,58,b-nosplit,5,18218,1,72.65
s_1900,1245,53,b-nosplit,5,27326,1,91.95
s_1901,538,13,b-nosplit,5,20010,1,81.11
s_1902,746,52,b-nosplit,5,29566,1,84.14
s_1903,3013,106,b-nosplit,5,34041,1,74.60
s_1904,2445,66,b-nosplit,5,23013,1,87.93
s_1905,200,8,b-nosplit,5,23790,1,100.00
s_1906,955,51,b-nosplit,5,35180,0,
s_1907,465,28,b-nosplit,5,23727,1,100.00
s_1908,311,19,b-nosplit,5,23226,1,97.24
s_1909,286,18,b-nosplit,5,20810,1,61.22
s_1910,1073,62,b-nosplit,5,21483,1,74.56
s_1911,736,31,b-nosplit,5,26532,1,75.81
s_1912,191,11,b-nosplit,5,13747,1,93.77
s_1913,255,20,b-nosplit,5,18722,1,96.53
s_1914,1148,69,b-nosplit,5,17382,0,
s_1915,933,54,b-nosplit,5,38720,1,77.00
s_1916,748,40,b-nosplit,5,21966,1,100.00
s_1917,727,30,b-nosplit,5,16400,1,84.82
s_1918,205,15,b-nosplit,5,34007,1,87.88
s_1919,749,49,b-nosplit,5,24478,1,92.99
s_1920,809,61,b-nosplit,5,20627,1,85.22
s_1921,1038,59,b-nosplit,5,23610,1,70.57
s_1922,828,36,b-nosplit,5,22690,1,100.00
s_1923,507,26,b-nosplit,5,24118,1,95.04
s_1924,4852,318,b-nosplit,5,16182,1,80.59
s_1925,1309,73,b-nosplit,5,35639,0,
s_1926,2916,145,b-nosplit,5,51527,1,84.31
s_1927,415,35,b-nosplit,5,29357,1,68.59
s_1928,210,11,b-nosplit,5,24363,1,81.15
s_1929,1307,105,b-nosplit,5,27252,0,
s_1930,551,25,b-nosplit,5,30701,1,90.24
s_1931,134,7,b-nosplit,5,21970,1,94.38
s_1932,644,46,b-nosplit,5,15926,1,100.00
s_1933,485,20,b-nosplit,5,26740,1,100.00
s_1934,382,27,b-nosplit,5,16486,1,69.46
s_1935,2545,150,b-nosplit,5,28590,1,88.89
s_1936,329,20,b-nosplit,5,20259,1,71.55
s_1937,1231,64,b-nosplit,5,24439,1,76.12
s_1938,574,33,b-nosplit,5,43450,1,89.68
s_1939,2607,135,b-nosplit,5,29209,1,78.59
s_1940,2987,143,b-nosplit,5,19293,0,
s_1941,1991,77,b-nosplit,5,16561,0,
s_1942,2387,116,b-nosplit,5,19706,1,93.26
s_1943,1679,88,b-nosplit,5,29653,1,72.57
s_1944,484,14,b-nosplit,5,31648,1,100.00
s_1945,501,54,b-nosplit,5,20314,1,100.00
s_1946,322,30,b-nosplit,5,34491,1,82.97
s_1947,1615,74,b-nosplit,5,20385,1,69.06
s_1948,1442,125,b-nosplit,5,21751,1,72.22
s_1949,1640,97,b-nosplit,5,27788,1,79.29
s_1950,2121,119,b-nosplit,5,17161,1,69.86
s_1951,2322,100,b-nosplit,5,23316,0,
s_1952,907,62,b-nosplit,5,16476,0,
s_1953,386,20,b-nosplit,5,22761,1,92.77
s_1954,1596,86,b-nosplit,5,16336,1,99.15
s_1955,4091,130,b-nosplit,5,51555,0,
s_1956,1692,80,b-nosplit,5,39730,0,
s_1957,79,6,b-nosplit,5,28858,1,100.00
s_1958,1151,38,b-nosplit,5,44073,1,92.73
s_1959,395,28,b-nosplit,5,25748,1,82.39
s_1960,354,12,b-nosplit,5,29973,1,96.67
s_1961,266,23,b-nosplit,5,20318,1,74.14
s_1962,1078,56,b-nosplit,5,19910,1,72.99
s_1963,794,58,b-nosplit,5,30839,1,76.87
s_1964,471,33,b-nosplit,5,19006,1,100.00
s_1965,254,24,b-nosplit,5,27400,1,95.65
s_1966,2958,143,b-nosplit,5,14028,0,
s_1967,134,8,b-nosplit,5,25166,1,92.69
s_1968,552,29,b-nosplit,5,29574,1,93.48
s_1969,618,24,b-nosplit,5,26948,1,100.00
s_1970,105,11,b-nosplit,5,23116,1,97.31
s_1971,1449,52,b-nosplit,5,26206,1,82.46
s_1972,1771,77,b-nosplit,5,22142,0,
s_1973,355,13,b-nosplit,5,17716,1,98.63
s_1974,2381,85,b-nosplit,5,18856,1,97.20
s_1975,2126,94,b-nosplit,5,37807,1,68.66
s_1976,986,75,b-nosplit,5,18478,1,100.00
s_1977,5536,274,b-nosplit,5,24304,1,89.00
s_1978,501,35,b-nosplit,5,32579,1,100.00
s_1979,3268,213,b-nosplit,5,25177,1,87.33
s_1980,662,47,b-nosplit,5,17533,1,88.89
s_1981,1258,92,b-nosplit,5,29594,1,97.57
s_1982,1307,58,b-nosplit,5,20226,1,83.59
s_1983,1460,77,b-nosplit,5,30349,1,90.20
s_1984,3122,111,b-nosplit,5,19868,1,68.57
s_1985,798,82,b-nosplit,5,24382,1,98.76
s_1986,800,25,b-nosplit,5,21894,1,88.79
s_1987,662,30,b-nosplit,5,17668,1,79.36
s_1988,1383,45,b-nosplit,5,18445,1,92.64
s_1989,991,66,b-nosplit,5,39492,1,72.05
s_1990,901,41,b-nosplit,5,24435,1,79.34
s_1991,539,33,b-nosplit,5,20807,1,88.93
s_1992,83,4,b-nosplit,5,20660,1,100.00
s_1993,220,11,b-nosplit,5,19847,1,87.59
s_1994,329,16,b-nosplit,5,12028,0,
s_1995,586,46,b-nosplit,5,28551,1,95.92
s_1996,993,37,b-nosplit,5,23167,0,
s_1997,168,9,b-nosplit,5,27818,1,89.74
s_1998,108,9,b-nosplit,5,25728,1,92.05
s_1999,235,18,b-nosplit,5,25469,1,97.39
s_0000,493,23,b-budget,6,46312,1,52.79
s_0001,1078,40,b-budget,6,34389,0,
s_0002,1983,77,b-budget,6,29018,1,61.03
s_0003,825,49,b-budget,6,28189,0,
s_0004,1511,88,b-budget,6,37058,0,
s_0005,367,24,b-budget,6,30137,1,78.71
s_0006,687,45,b-budget,6,22893,1,53.34
s_0007,580,27,b-budget,6,22734,0,
s_0008,1121,48,b-budget,6,39126,1,56.16
s_0009,1419,76,b-budget,6,24065,1,43.74
s_0010,4867,146,b-budget,6,52145,1,39.90
s_0011,209,12,b-budget,6,25033,1,66.23
s_0012,631,39,b-budget,6,39237,1,55.23
s_0013,502,16,b-budget,6,22965,1,75.75
s_0014,992,84,b-budget,6,15935,1,45.93
s_0015,1234,80,b-budget,6,45365,1,83.04
s_0016,138,13,b-budget,6,63487,1,52.32
s_0017,2583,96,b-budget,6,33268,1,56.88
s_0018,335,13,b-budget,6,31685,1,49.33
s_0019,325,25,b-budget,6,29504,1,58.63
s_0020,1093,66,b-budget,6,41592,1,56.15
s_0021,921,23,b-budget,6,27711,1,65.57
s_0022,1723,100,b-budget,6,35929,1,57.88
s_0023,215,8,b-budget,6,29414,1,61.19
s_0024,568,29,b-budget,6,60012,0,
s_0025,392,20,b-budget,6,23125,1,69.09
s_0026,339,19,b-budget,6,44033,0,
s_0027,2091,140,b-budget,6,28318,1,64.28
s_0028,2054,85,b-budget,6,36280,0,
s_0029,2508,199,b-budget,6,24415,0,
s_0030,181,11,b-budget,6,30159,1,76.64
s_0031,688,40,b-budget,6,54082,1,72.36
s_0032,540,44,b-budget,6,17139,1,59.35
s_0033,309,13,b-budget,6,19501,1,57.45
s_0034,357,30,b-budget,6,24336,1,62.18
s_0035,153,12,b-budget,6,20921,1,64.66
s_0036,564,36,b-budget,6,56909,1,64.60
s_0037,706,25,b-budget,6,28316,1,67.69
s_0038,341,24,b-budget,6,43655,1,49.94
s_0039,1508,121,b-budget,6,21533,0,
s_0040,557,22,b-budget,6,24008,1,81.54
s_0041,1655,68,b-budget,6,42097,1,58.36
s_0042,1105,56,b-budget,6,33221,1,64.28
s_0043,606,37,b-budget,6,41773,1,57.46
s_0044,2406,200,b-budget,6,42074,0,
s_0045,1748,81,b-budget,6,35994,0,
s_0046,331,15,b-budget,6,41627,1,58.79
s_0047,1104,48,b-budget,6,11475,0,
s_0048,2134,140,b-budget,6,57565,0,
s_0049,617,30,b-budget,6,22757,1,52.38
s_0050,446,32,b-budget,6,23030,1,57.75
s_0051,862,28,b-budget,6,31176,1,64.12
s_0052,866,38,b-budget,6,26038,0,
s_0053,1046,59,b-budget,6,38758,0,
s_0054,3163,141,b-budget,6,33078,0,
s_0055,2588,137,b-budget,6,34889,0,
s_0056,169,12,b-budget,6,36952,0,
s_0057,451,21,b-budget,6,19656,1,72.87
s_0058,2330,82,b-budget,6,28155,0,
s_0059,1024,52,b-budget,6,37357,1,66.23
s_0060,2951,146,b-budget,6,23529,1,52.98
s_0061,999,53,b-budget,6,34707,1,69.00
s_0062,269,13,b-budget,6,24050,1,75.82
s_0063,1035,53,b-budget,6,25560,1,44.76
s_0064,1717,80,b-budget,6,21754,1,68.33
s_0065,146,18,b-budget,6,50498,1,50.66
s_0066,847,16,b-budget,6,51021,0,
s_0067,733,50,b-budget,6,34444,1,70.04
s_0068,1645,71,b-budget,6,54987,1,68.33
s_0069,150,9,b-budget,6,42954,1,48.57
s_0070,1415,131,b-budget,6,19632,0,
s_0071,1830,117,b-budget,6,51000,0,
s_0072,1155,53,b-budget,6,35430,0,
s_0073,1406,44,b-budget,6,33106,1,65.61
s_0074,445,13,b-budget,6,28616,1,49.00
s_0075,5208,229,b-budget,6,16400,1,52.27
s_0076,1315,65,b-budget,6,27275,1,57.33
s_0077,937,66,b-budget,6,30887,1,90.64
s_0078,2167,118,b-budget,6,26403,1,86.32
s_0079,248,23,b-budget,6,52126,1,56.44
s_0080,2413,84,b-budget,6,35995,1,52.76
s_0081,361,19,b-budget,6,33683,1,64.27
s_0082,835,36,b-budget,6,40068,0,
s_0083,2299,103,b-budget,6,37644,1,79.75
s_0084,732,35,b-budget,6,27990,1,63.31
s_0085,2798,107,b-budget,6,43549,1,53.95
s_0086,450,32,b-budget,6,50052,1,41.22
s_0087,1005,32,b-budget,6,43558,1,55.29
s_0088,1052,60,b-budget,6,35615,1,75.45
s_0089,1028,25,b-budget,6,20653,1,63.33
s_0090,1364,72,b-budget,6,38911,1,45.18
s_0091,2480,90,b-budget,6,23890,0,
s_0092,846,33,b-budget,6,35022,1,80.52
s_0093,586,33,b-budget,6,33201,1,58.72
s_0094,1443,30,b-budget,6,71200,1,59.00
s_0095,523,24,b-budget,6,49091,1,62.02
s_0096,1257,49,b-budget,6,24834,1,47.67
s_0097,2194,75,b-budget,6,45973,1,56.48
s_0098,731,45,b-budget,6,33463,1,64.32
s_0099,1650,68,b-budget,6,40038,1,66.43
s_0100,1416,61,b-budget,6,35744,0,
s_0101,1319,52,b-budget,6,33998,1,77.52
s_0102,159,15,b-budget,6,27774,1,60.41
s_0103,116,6,b-budget,6,27906,1,52.45
s_0104,2601,103,b-budget,6,15183,1,78.60
s_0105,151,14,b-budget,6,15705,1,61.91
s_0106,668,39,b-budget,6,45796,1,80.51
s_0107,1036,45,b-budget,6,44322,1,91.85
s_0108,333,16,b-budget,6,40866,1,67.74
s_0109,1076,70,b-budget,6,32610,0,
s_0110,241,12,b-budget,6,21693,1,67.28
s_0111,484,32,b-budget,6,26084,0,
s_0112,1041,45,b-budget,6,22585,1,70.27
s_0113,2140,88,b-budget,6,42019,1,58.17
s_0114,781,25,b-budget,6,27291,1,70.00
s_0115,459,26,b-budget,6,20760,1,79.10
s_0116,1288,43,b-budget,6,36817,0,
s_0117,2189,71,b-budget,6,25353,1,68.36
s_0118,1132,41,b-budget,6,52916,1,62.98
s_0119,415,28,b-budget,6,41613,1,74.97
s_0120,891,90,b-budget,6,19285,0,
s_0121,287,27,b-budget,6,39306,0,
s_0122,1589,84,b-budget,6,17631,1,48.68
s_0123,2682,127,b-budget,6,42893,1,63.78
s_0124,378,43,b-budget,6,25436,1,66.85
s_0125,373,29,b-budget,6,21220,1,55.43
s_0126,975,58,b-budget,6,35365,1,74.15
s_0127,1059,46,b-budget,6,40826,0,
s_0128,793,43,b-budget,6,42067,1,68.35
s_0129,5271,258,b-budget,6,50781,1,56.01
s_0130,3076,115,b-budget,6,29464,1,52.91
s_0131,136,6,b-budget,6,34694,1,57.35
s_0132,165,8,b-budget,6,34181,0,
s_0133,153,12,b-budget,6,32186,1,66.99
s_0134,1312,60,b-budget,6,27539,1,60.55
s_0135,7857,338,b-budget,6,33718,1,58.40
s_0136,1751,75,b-budget,6,27812,1,60.39
s_0137,1296,93,b-budget,6,29574,0,
s_0138,992,78,b-budget,6,52685,0,
s_0139,296,15,b-budget,6,30007,0,
s_0140,1792,86,b-budget,6,35846,0,
s_0141,1257,48,b-budget,6,32486,0,
s_0142,251,14,b-budget,6,22056,0,
s_0143,827,58,b-budget,6,33993,0,
s_0144,354,14,b-budget,6,54032,1,45.64
s_0145,687,50,b-budget,6,29009,1,78.75
s_0146,386,25,b-budget,6,27733,1,55.53
s_0147,758,38,b-budget,6,34525,1,63.44
s_0148,616,36,b-budget,6,35117,0,
s_0149,294,27,b-budget,6,21983,1,57.79
s_0150,825,49,b-budget,6,20190,0,
s_0151,1246,70,b-budget,6,37479,1,43.23
s_0152,323,16,b-budget,6,30695,1,50.11
s_0153,413,25,b-budget,6,27772,1,78.78
s_0154,3670,212,b-budget,6,52856,0,
s_0155,1330,67,b-budget,6,30986,0,
s_0156,739,36,b-budget,6,56536,1,81.39
s_0157,1289,42,b-budget,6,28955,0,
s_0158,159,14,b-budget,6,20972,1,63.14
s_0159,1187,57,b-budget,6,27747,1,69.25
s_0160,767,45,b-budget,6,30130,0,
s_0161,336,22,b-budget,6,24383,1,46.25
s_0162,351,24,b-budget,6,24424,1,47.21
s_0163,278,17,b-budget,6,48644,0,
s_0164,1851,115,b-budget,6,27937,0,
s_0165,202,14,b-budget,6,34646,0,
s_0166,2658,135,b-budget,6,41579,1,67.30
s_0167,5385,136,b-budget,6,34638,1,68.82
s_0168,211,14,b-budget,6,19594,0,
s_0169,696,54,b-budget,6,43524,1,43.16
s_0170,899,43,b-budget,6,39664,1,67.07
s_0171,78,4,b-budget,6,26766,1,79.54
s_0172,1021,37,b-budget,6,40191,0,
s_0173,716,42,b-budget,6,41628,1,80.52
s_0174,547,26,b-budget,6,31133,1,59.82
s_0175,728,48,b-budget,6,33285,1,78.52
s_0176,2799,229,b-budget,6,37787,1,36.33
s_0177,308,15,b-budget,6,22739,0,
s_0178,1096,58,b-budget,6,23927,1,63.52
s_0179,11978,277,b-budget,6,26025,0,
s_0180,662,63,b-budget,6,38399,1,61.75
s_0181,170,12,b-budget,6,36624,1,61.70
s_0182,2369,212,b-budget,6,37397,1,74.62
s_0183,1854,64,b-budget,6,25537,0,
s_0184,222,17,b-budget,6,25132,1,62.75
s_0185,2544,107,b-budget,6,45109,0,
s_0186,260,29,b-budget,6,34604,1,57.10
s_0187,889,49,b-budget,6,27784,1,88.81
s_0188,322,18,b-budget,6,30471,1,62.93
s_0189,314,24,b-budget,6,38458,1,84.84
s_0190,363,23,b-budget,6,39802,1,76.11
s_0191,982,70,b-budget,6,43856,1,64.13
s_0192,4029,165,b-budget,6,48207,1,67.18
s_0193,599,20,b-budget,6,34193,1,66.42
s_0194,133,12,b-budget,6,22252,1,74.24
s_0195,366,28,b-budget,6,35578,1,59.06
s_0196,144,7,b-budget,6,16500,1,91.75
s_0197,1246,46,b-budget,6,30271,1,63.28
s_0198,522,34,b-budget,6,35318,1,55.83
s_0199,410,19,b-budget,6,39112,1,81.32
s_0200,680,21,b-budget,6,28968,1,59.91
s_0201,3083,157,b-budget,6,29327,0,
s_0202,266,16,b-budget,6,37941,1,59.31
s_0203,1066,67,b-budget,6,38436,1,71.00
s_0204,418,15,b-budget,6,30790,1,65.08
s_0205,469,18,b-budget,6,36516,1,68.19
s_0206,471,30,b-budget,6,45185,1,62.43
s_0207,238,8,b-budget,6,37336,1,67.66
s_0208,293,13,b-budget,6,48082,1,57.35
s_0209,217,9,b-budget,6,37927,1,75.34
s_0210,779,39,b-budget,6,32884,0,
s_0211,2983,139,b-budget,6,32709,0,
s_0212,110,11,b-budget,6,29600,1,64.80
s_0213,375,24,b-budget,6,41297,1,99.89
s_0214,834,46,b-budget,6,40703,1,79.52
s_0215,552,36,b-budget,6,27705,1,48.48
s_0216,863,22,b-budget,6,33984,1,60.26
s_0217,147,14,b-budget,6,61613,1,89.85
s_0218,868,47,b-budget,6,42373,1,69.70
s_0219,916,38,b-budget,6,27669,1,59.03
s_0220,4208,98,b-budget,6,27050,1,66.19
s_0221,609,26,b-budget,6,31994,1,60.10
s_0222,1375,41,b-budget,6,33957,1,66.36
s_0223,669,15,b-budget,6,26370,1,70.57
s_0224,1097,42,b-budget,6,27245,1,59.12
s_0225,705,48,b-budget,6,44322,1,69.14
s_0226,287,22,b-budget,6,35483,1,94.04
s_0227,1412,39,b-budget,6,53816,1,66.52
s_0228,463,16,b-budget,6,31782,1,79.35
s_0229,702,21,b-budget,6,25676,0,
s_0230,806,43,b-budget,6,32494,1,69.46
s_0231,677,22,b-budget,6,33253,1,84.06
s_0232,1639,75,b-budget,6,42362,1,72.78
s_0233,140,13,b-budget,6,37703,1,54.23
s_0234,827,87,b-budget,6,41461,1,54.15
s_0235,741,41,b-budget,6,27624,1,72.73
s_0236,883,27,b-budget,6,31751,1,50.38
s_0237,794,32,b-budget,6,32332,1,55.12
s_0238,985,49,b-budget,6,30601,1,60.77
s_0239,1422,64,b-budget,6,23570,1,64.63
s_0240,76,6,b-budget,6,36647,1,79.20
s_0241,2425,175,b-budget,6,44188,0,
s_0242,2255,114,b-budget,6,20820,1,66.59
s_0243,376,22,b-budget,6,30945,1,48.41
s_0244,1649,75,b-budget,6,36470,0,
s_0245,1076,27,b-budget,6,38699,0,
s_0246,275,12,b-budget,6,40226,1,74.00
s_0247,984,64,b-budget,6,29129,1,63.40
s_0248,1996,193,b-budget,6,32727,1,56.76
s_0249,2385,82,b-budget,6,38053,0,
s_0250,327,18,b-budget,6,35490,1,62.26
s_0251,127,7,b-budget,6,47357,1,56.65
s_0252,1093,37,b-budget,6,43474,1,52.70
s_0253,4910,248,b-budget,6,23569,0,
s_0254,959,35,b-budget,6,36311,1,83.75
s_0255,328,21,b-budget,6,24382,1,67.33
s_0256,1358,92,b-budget,6,24428,0,
s_0257,577,20,b-budget,6,37735,1,46.00
s_0258,749,64,b-budget,6,36612,1,74.83
s_0259,1096,55,b-budget,6,32755,1,51.10
s_0260,1149,62,b-budget,6,52847,1,48.37
s_0261,664,31,b-budget,6,47020,1,56.90
s_0262,670,37,b-budget,6,42506,1,60.28
s_0263,589,41,b-budget,6,28426,1,67.84
s_0264,1396,118,b-budget,6,23031,0,
s_0265,1577,109,b-budget,6,27988,1,84.20
s_0266,934,65,b-budget,6,45803,1,73.43
s_0267,11647,456,b-budget,6,43870,0,
s_0268,406,22,b-budget,6,29858,1,69.62
s_0269,875,91,b-budget,6,27934,1,50.45
s_0270,2606,115,b-budget,6,39237,1,48.84
s_0271,670,44,b-budget,6,31374,1,55.97
s_0272,635,33,b-budget,6,26290,1,79.88
s_0273,6422,195,b-budget,6,16623,0,
s_0274,364,22,b-budget,6,46258,0,
s_0275,780,36,b-budget,6,25513,1,61.79
s_0276,321,17,b-budget,6,29086,1,39.57
s_0277,913,51,b-budget,6,34740,0,
s_0278,635,62,b-budget,6,37074,1,65.26
s_0279,1532,62,b-budget,6,34901,1,47.09
s_0280,913,43,b-budget,6,39941,1,64.89
s_0281,488,44,b-budget,6,20595,1,94.40
s_0282,1001,18,b-budget,6,32091,1,66.91
s_0283,2666,104,b-budget,6,42048,0,
s_0284,401,22,b-budget,6,24559,1,62.78
s_0285,956,41,b-budget,6,32614,1,83.86
s_0286,294,18,b-budget,6,27553,1,60.80
s_0287,1585,69,b-budget,6,32606,0,
s_0288,477,13,b-budget,6,26565,1,64.13
s_0289,433,30,b-budget,6,50826,1,63.49
s_0290,1350,101,b-budget,6,47449,1,46.77
s_0291,1666,46,b-budget,6,52762,1,60.97
s_0292,1265,58,b-budget,6,32377,1,55.86
s_0293,1047,51,b-budget,6,24386,1,76.24
s_0294,297,18,b-budget,6,63090,1,93.70
s_0295,539,25,b-budget,6,38780,1,69.06
s_0296,179,9,b-budget,6,58905,1,50.48
s_0297,3470,213,b-budget,6,37824,1,66.08
s_0298,586,36,b-budget,6,46412,1,84.02
s_0299,508,24,b-budget,6,37436,0,
s_0300,1067,55,b-budget,6,69123,1,61.72
s_0301,2924,143,b-budget,6,19771,1,49.93
s_0302,1798,70,b-budget,6,25475,0,
s_0303,252,15,b-budget,6,45331,1,79.00
s_0304,3578,216,b-budget,6,41137,0,
s_0305,1575,91,b-budget,6,26856,0,
s_0306,287,21,b-budget,6,24339,1,81.65
s_0307,242,11,b-budget,6,55092,1,56.78
s_0308,1048,61,b-budget,6,49065,1,68.41
s_0309,852,31,b-budget,6,21792,1,48.24
s_0310,1188,82,b-budget,6,29807,0,
s_0311,1616,65,b-budget,6,14550,1,80.81
s_0312,483,33,b-budget,6,46244,1,52.22
s_0313,481,22,b-budget,6,35861,1,70.67
s_0314,3484,113,b-budget,6,39823,1,39.23
s_0315,324,23,b-budget,6,39010,1,63.90
s_0316,2565,108,b-budget,6,41502,0,
s_0317,7707,138,b-budget,6,28583,0,
s_0318,614,24,b-budget,6,18974,1,84.61
s_0319,178,14,b-budget,6,40924,1,61.93
s_0320,290,17,b-budget,6,26269,1,86.37
s_0321,650,39,b-budget,6,23031,1,50.43
s_0322,460,30,b-budget,6,21070,1,77.26
s_0323,1179,48,b-budget,6,31556,1,66.07
s_0324,1855,61,b-budget,6,24905,1,60.91
s_0325,43,4,b-budget,6,32161,1,86.70
s_0326,311,17,b-budget,6,29257,1,73.14
s_0327,1236,49,b-budget,6,54415,1,59.64
s_0328,345,17,b-budget,6,22672,1,75.45
s_0329,1653,102,b-budget,6,37013,0,
s_0330,2925,136,b-budget,6,41141,0,
s_0331,394,34,b-budget,6,38553,1,54.34
s_0332,852,31,b-budget,6,45766,1,57.93
s_0333,572,28,b-budget,6,22421,1,58.01
s_0334,3852,219,b-budget,6,22224,1,55.80
s_0335,2267,90,b-budget,6,33520,0,
s_0336,960,69,b-budget,6,19226,1,43.25
s_0337,769,43,b-budget,6,28334,1,64.38
s_0338,262,20,b-budget,6,32407,1,54.45
s_0339,431,33,b-budget,6,83983,1,45.78
s_0340,470,29,b-budget,6,23324,1,58.44
s_0341,1350,80,b-budget,6,40603,1,81.41
s_0342,714,44,b-budget,6,28685,1,77.75
s_0343,998,97,b-budget,6,42520,0,
s_0344,814,38,b-budget,6,37137,1,68.61
s_0345,3120,77,b-budget,6,37894,0,
s_0346,1324,96,b-budget,6,19995,1,66.83
s_0347,399,25,b-budget,6,18179,1,45.85
s_0348,677,41,b-budget,6,38525,1,79.74
s_0349,312,20,b-budget,6,32671,1,75.49
s_0350,561,33,b-budget,6,34543,1,67.46
s_0351,420,36,b-budget,6,56148,0,
s_0352,2622,140,b-budget,6,40463,0,
s_0353,791,56,b-budget,6,41820,1,53.93
s_0354,1601,106,b-budget,6,39824,0,
s_0355,828,37,b-budget,6,32385,0,
s_0356,311,15,b-budget,6,43315,1,87.34
s_0357,269,11,b-budget,6,36617,1,71.65
s_0358,1155,35,b-budget,6,14516,1,41.06
s_0359,156,8,b-budget,6,19779,1,61.78
s_0360,1076,42,b-budget,6,47121,0,
s_0361,84,8,b-budget,6,33547,1,65.96
s_0362,1000,50,b-budget,6,29948,1,74.90
s_0363,923,38,b-budget,6,27902,1,66.74
s_0364,221,9,b-budget,6,37092,1,61.31
s_0365,292,21,b-budget,6,16555,0,
s_0366,452,39,b-budget,6,40327,1,59.98
s_0367,908,60,b-budget,6,36361,0,
s_0368,144,8,b-budget,6,33590,1,68.54
s_0369,144,7,b-budget,6,18125,1,52.48
s_0370,1696,60,b-budget,6,23316,1,61.09
s_0371,442,27,b-budget,6,34561,1,67.25
s_0372,746,46,b-budget,6,54884,1,60.42
s_0373,1583,101,b-budget,6,24239,1,66.26
s_0374,1391,74,b-budget,6,39273,1,63.12
s_0375,414,20,b-budget,6,24845,0,
s_0376,1297,57,b-budget,6,27157,1,72.49
s_0377,732,25,b-budget,6,22447,1,51.54
s_0378,294,18,b-budget,6,23343,1,40.62
s_0379,817,51,b-budget,6,22485,1,49.01
s_0380,400,19,b-budget,6,20637,1,79.56
s_0381,830,31,b-budget,6,19008,0,
s_0382,908,51,b-budget,6,27830,1,45.19
s_0383,271,11,b-budget,6,26992,0,
s_0384,1507,111,b-budget,6,44019,1,74.02
s_0385,409,23,b-budget,6,29903,1,63.28
s_0386,380,25,b-budget,6,32637,1,73.31
s_0387,3369,103,b-budget,6,20325,0,
s_0388,434,31,b-budget,6,37456,0,
s_0389,760,60,b-budget,6,59548,1,71.66
s_0390,3558,168,b-budget,6,52879,1,56.98
s_0391,595,21,b-budget,6,45089,1,59.58
s_0392,118,9,b-budget,6,34143,1,75.42
s_0393,4570,146,b-budget,6,14179,1,64.57
s_0394,581,19,b-budget,6,36553,1,68.76
s_0395,423,29,b-budget,6,43375,1,64.59
s_0396,955,48,b-budget,6,35299,1,39.60
s_0397,597,24,b-budget,6,30584,1,58.24
s_0398,558,18,b-budget,6,33769,1,76.30
s_0399,1002,80,b-budget,6,47736,0,
s_0400,175,15,b-budget,6,30703,1,63.04
s_0401,1246,79,b-budget,6,26678,1,49.81
s_0402,754,52,b-budget,6,46183,1,78.53
s_0403,1864,94,b-budget,6,28450,1,57.82
s_0404,502,27,b-budget,6,50769,0,
s_0405,470,29,b-budget,6,20716,1,97.88
s_0406,1454,41,b-budget,6,41247,0,
s_0407,283,25,b-budget,6,31854,1,66.33
s_0408,590,38,b-budget,6,37024,1,65.34
s_0409,2793,121,b-budget,6,44985,0,
s_0410,2282,163,b-budget,6,36791,0,
s_0411,896,24,b-budget,6,30085,1,50.32
s_0412,785,59,b-budget,6,33740,1,58.67
s_0413,675,43,b-budget,6,20004,0,
s_0414,295,19,b-budget,6,29200,1,48.19
s_0415,175,10,b-budget,6,23588,1,89.44
s_0416,998,65,b-budget,6,27472,1,82.74
s_0417,528,23,b-budget,6,30974,1,69.75
s_0418,351,16,b-budget,6,40854,1,62.29
s_0419,394,15,b-budget,6,28827,1,56.49
s_0420,779,22,b-budget,6,28558,1,78.00
s_0421,750,29,b-budget,6,27462,0,
s_0422,56,5,b-budget,6,39223,1,61.35
s_0423,636,24,b-budget,6,30750,1,56.19
s_0424,1848,92,b-budget,6,67960,1,73.83
s_0425,204,11,b-budget,6,47189,1,57.15
s_0426,1087,73,b-budget,6,44337,1,73.05
s_0427,2219,168,b-budget,6,32647,0,
s_0428,1499,64,b-budget,6,43384,1,66.91
s_0429,346,27,b-budget,6,26734,1,77.30
s_0430,870,44,b-budget,6,22548,0,
s_0431,887,62,b-budget,6,37026,1,61.60
s_0432,829,52,b-budget,6,21570,1,68.57
s_0433,2310,88,b-budget,6,30272,0,
s_0434,553,42,b-budget,6,29727,1,76.38
s_0435,7741,198,b-budget,6,35566,1,73.59
s_0436,1475,43,b-budget,6,35974,1,73.34
s_0437,440,15,b-budget,6,46390,1,68.04
s_0438,365,16,b-budget,6,42248,1,57.98
s_0439,1360,120,b-budget,6,13481,0,
s_0440,580,34,b-budget,6,31616,1,75.03
s_0441,4020,135,b-budget,6,21226,0,
s_0442,713,31,b-budget,6,33821,0,
s_0443,1019,55,b-budget,6,34651,1,76.15
s_0444,214,17,b-budget,6,43116,1,53.33
s_0445,1335,70,b-budget,6,46969,1,51.84
s_0446,2303,119,b-budget,6,50056,0,
s_0447,1566,65,b-budget,6,50177,1,57.95
s_0448,222,11,b-budget,6,46503,1,74.53
s_0449,1776,88,b-budget,6,33609,1,76.20
s_0450,680,22,b-budget,6,39696,0,
s_0451,729,30,b-budget,6,53393,1,72.56
s_0452,3472,214,b-budget,6,37886,1,45.00
s_0453,620,20,b-budget,6,26873,0,
s_0454,1834,91,b-budget,6,34800,0,
s_0455,3731,95,b-budget,6,25298,1,67.24
s_0456,596,38,b-budget,6,32943,1,61.23
s_0457,379,20,b-budget,6,43346,1,48.27
s_0458,1352,50,b-budget,6,35368,1,79.26
s_0459,3152,166,b-budget,6,31721,1,50.70
s_0460,650,36,b-budget,6,43777,1,63.36
s_0461,1619,91,b-budget,6,29737,1,55.63
s_0462,156,9,b-budget,6,20975,1,68.20
s_0463,453,23,b-budget,6,46230,1,46.52
s_0464,757,34,b-budget,6,34077,1,69.91
s_0465,1479,83,b-budget,6,20602,0,
s_0466,1825,119,b-budget,6,28252,1,50.45
s_0467,767,26,b-budget,6,18864,1,77.87
s_0468,107,8,b-budget,6,28312,1,79.49
s_0469,236,21,b-budget,6,50519,1,85.43
s_0470,3213,131,b-budget,6,33320,1,55.93
s_0471,351,42,b-budget,6,40266,1,54.72
s_0472,1188,163,b-budget,6,30004,1,63.16
s_0473,427,25,b-budget,6,63023,1,45.99
s_0474,1121,35,b-budget,6,20311,1,58.86
s_0475,482,24,b-budget,6,31088,1,59.01
s_0476,1349,41,b-budget,6,28481,0,
s_0477,2136,100,b-budget,6,33099,1,73.76
s_0478,193,9,b-budget,6,35599,1,58.70
s_0479,271,18,b-budget,6,28033,1,64.30
s_0480,251,14,b-budget,6,33282,1,66.82
s_0481,1936,108,b-budget,6,58055,1,60.32
s_0482,547,30,b-budget,6,44691,1,56.47
s_0483,1450,88,b-budget,6,25759,1,62.16
s_0484,783,34,b-budget,6,47960,1,72.64
s_0485,354,24,b-budget,6,44919,1,56.49
s_0486,481,26,b-budget,6,49869,1,72.79
s_0487,5186,208,b-budget,6,29911,0,
s_0488,768,43,b-budget,6,18369,1,60.86
s_0489,1296,67,b-budget,6,37514,1,56.51
s_0490,988,48,b-budget,6,23861,1,75.77
s_0491,182,12,b-budget,6,30661,1,66.01
s_0492,10245,238,b-budget,6,44352,0,
s_0493,4482,154,b-budget,6,31302,0,
s_0494,1583,70,b-budget,6,32097,1,59.58
s_0495,816,45,b-budget,6,22733,1,66.75
s_0496,594,44,b-budget,6,28465,1,59.05
s_0497,1433,94,b-budget,6,28528,1,68.91
s_0498,323,22,b-budget,6,31863,1,75.05
s_0499,525,36,b-budget,6,56826,1,65.22
s_0500,5347,315,b-budget,6,35850,1,52.80
s_0501,1472,67,b-budget,6,55802,1,56.90
s_0502,1878,72,b-budget,6,36023,0,
s_0503,258,18,b-budget,6,22615,1,48.29
s_0504,1178,62,b-budget,6,48025,1,74.57
s_0505,450,22,b-budget,6,29013,0,
s_0506,1755,112,b-budget,6,21096,0,
s_0507,487,17,b-budget,6,31519,1,57.15
s_0508,4303,181,b-budget,6,26562,1,56.87
s_0509,836,36,b-budget,6,28047,0,
s_0510,3077,107,b-budget,6,21864,1,58.99
s_0511,240,11,b-budget,6,32541,0,
s_0512,924,62,b-budget,6,29383,0,
s_0513,936,59,b-budget,6,26854,1,64.44
s_0514,2253,87,b-budget,6,46666,1,57.92
s_0515,2167,87,b-budget,6,30836,0,
s_0516,3806,145,b-budget,6,32287,0,
s_0517,275,17,b-budget,6,15296,1,77.81
s_0518,408,19,b-budget,6,12885,1,59.98
s_0519,316,23,b-budget,6,50063,1,71.01
s_0520,440,29,b-budget,6,45811,1,67.54
s_0521,909,45,b-budget,6,33062,1,55.73
s_0522,900,63,b-budget,6,42994,1,65.59
s_0523,1092,57,b-budget,6,49251,1,58.69
s_0524,328,17,b-budget,6,34936,1,41.42
s_0525,486,21,b-budget,6,38436,1,84.49
s_0526,1359,75,b-budget,6,32070,0,
s_0527,1087,34,b-budget,6,24715,1,67.84
s_0528,613,19,b-budget,6,49960,1,81.52
s_0529,1374,75,b-budget,6,21794,1,74.98
s_0530,534,24,b-budget,6,49608,1,53.45
s_0531,2548,141,b-budget,6,23547,0,
s_0532,176,15,b-budget,6,26947,1,84.59
s_0533,253,20,b-budget,6,57165,1,76.87
s_0534,550,49,b-budget,6,54602,1,89.58
s_0535,1466,77,b-budget,6,37589,1,47.81
s_0536,1604,97,b-budget,6,26117,1,56.68
s_0537,343,12,b-budget,6,36165,1,53.80
s_0538,1367,78,b-budget,6,32617,1,56.99
s_0539,824,40,b-budget,6,46046,0,
s_0540,1040,50,b-budget,6,41150,1,51.44
s_0541,1470,49,b-budget,6,28896,1,60.37
s_0542,941,72,b-budget,6,27004,1,50.44
s_0543,301,21,b-budget,6,18018,1,83.55
s_0544,448,41,b-budget,6,35218,1,78.20
s_0545,975,50,b-budget,6,39340,1,60.02
s_0546,881,35,b-budget,6,31090,0,
s_0547,424,19,b-budget,6,39590,1,55.58
s_0548,2761,100,b-budget,6,18720,1,49.53
s_0549,820,39,b-budget,6,20504,0,
s_0550,611,38,b-budget,6,33007,1,51.14
s_0551,374,21,b-budget,6,23215,1,56.31
s_0552,915,29,b-budget,6,21994,1,72.78
s_0553,804,56,b-budget,6,39080,1,67.28
s_0554,1460,79,b-budget,6,30296,0,
s_0555,3137,160,b-budget,6,32671,1,79.23
s_0556,223,17,b-budget,6,25935,1,74.91
s_0557,1057,46,b-budget,6,29588,1,46.70
s_0558,1455,84,b-budget,6,34078,1,68.04
s_0559,499,64,b-budget,6,64858,1,67.44
s_0560,762,42,b-budget,6,27480,1,61.21
s_0561,682,38,b-budget,6,43138,1,70.55
s_0562,1283,35,b-budget,6,50157,0,
s_0563,806,35,b-budget,6,49769,0,
s_0564,367,18,b-budget,6,35843,1,82.62
s_0565,211,16,b-budget,6,37259,1,60.54
s_0566,1112,54,b-budget,6,24493,1,47.64
s_0567,473,18,b-budget,6,34068,1,26.55
s_0568,535,31,b-budget,6,31718,1,59.34
s_0569,275,18,b-budget,6,19766,1,50.80
s_0570,3447,155,b-budget,6,30812,1,78.04
s_0571,799,43,b-budget,6,28859,1,76.44
s_0572,577,51,b-budget,6,45707,1,67.58
s_0573,681,32,b-budget,6,31539,1,61.15
s_0574,353,18,b-budget,6,30450,1,55.74
s_0575,1072,40,b-budget,6,69645,1,80.55
s_0576,403,20,b-budget,6,58862,1,56.95
s_0577,512,33,b-budget,6,30335,1,73.85
s_0578,706,44,b-budget,6,24832,1,78.80
s_0579,339,22,b-budget,6,28078,1,55.14
s_0580,779,46,b-budget,6,28716,1,64.14
s_0581,2263,97,b-budget,6,24979,1,47.40
s_0582,1126,47,b-budget,6,28110,0,
s_0583,674,26,b-budget,6,48009,1,75.33
s_0584,913,64,b-budget,6,18691,1,58.32
s_0585,878,83,b-budget,6,40709,1,40.79
s_0586,1362,63,b-budget,6,30517,1,74.54
s_0587,836,62,b-budget,6,19490,1,58.16
s_0588,711,29,b-budget,6,33462,1,57.14
s_0589,3380,169,b-budget,6,34378,0,
s_0590,307,18,b-budget,6,33055,1,73.34
s_0591,3662,98,b-budget,6,42602,1,50.12
s_0592,5853,157,b-budget,6,72856,1,67.33
s_0593,2214,89,b-budget,6,23853,1,40.22
s_0594,473,20,b-budget,6,35036,1,64.47
s_0595,1137,61,b-budget,6,40602,1,76.11
s_0596,299,18,b-budget,6,33939,1,70.37
s_0597,405,37,b-budget,6,18412,1,59.74
s_0598,1070,28,b-budget,6,44744,1,50.63
s_0599,246,13,b-budget,6,37883,1,50.18
s_0600,556,41,b-budget,6,31290,1,61.60
s_0601,676,21,b-budget,6,16733,1,45.81
s_0602,56,7,b-budget,6,36999,1,76.36
s_0603,1758,87,b-budget,6,53586,1,45.08
s_0604,747,52,b-budget,6,23289,1,56.76
s_0605,2990,74,b-budget,6,25588,0,
s_0606,476,24,b-budget,6,24572,1,59.56
s_0607,529,22,b-budget,6,42891,1,63.01
s_0608,3787,196,b-budget,6,31884,1,54.90
s_0609,265,13,b-budget,6,55020,1,49.82
s_0610,460,37,b-budget,6,72599,1,77.26
s_0611,1935,57,b-budget,6,34449,1,62.20
s_0612,980,41,b-budget,6,35175,1,64.91
s_0613,1771,100,b-budget,6,30573,0,
s_0614,667,34,b-budget,6,33126,1,56.98
s_0615,902,62,b-budget,6,28997,1,65.07
s_0616,493,22,b-budget,6,43069,1,67.85
s_0617,1018,72,b-budget,6,65833,1,59.68
s_0618,374,18,b-budget,6,56081,1,62.68
s_0619,1272,48,b-budget,6,32601,1,59.30
s_0620,841,48,b-budget,6,20717,1,74.96
s_0621,277,22,b-budget,6,34275,1,64.06
s_0622,1115,53,b-budget,6,31956,1,49.82
s_0623,260,12,b-budget,6,35709,1,92.00
s_0624,691,33,b-budget,6,47043,1,80.08
s_0625,406,18,b-budget,6,43358,1,82.19
s_0626,282,14,b-budget,6,45733,1,72.52
s_0627,896,49,b-budget,6,65291,1,60.74
s_0628,301,10,b-budget,6,32743,1,72.40
s_0629,1821,122,b-budget,6,20887,0,
s_0630,1002,60,b-budget,6,18804,1,89.34
s_0631,615,66,b-budget,6,22847,1,62.89
s_0632,856,49,b-budget,6,29021,1,46.41
s_0633,305,16,b-budget,6,39282,1,55.61
s_0634,881,35,b-budget,6,49727,1,68.14
s_0635,1284,87,b-budget,6,40420,1,74.49
s_0636,1468,34,b-budget,6,33848,1,51.19
s_0637,188,8,b-budget,6,18633,0,
s_0638,819,30,b-budget,6,36456,1,46.07
s_0639,399,11,b-budget,6,19088,1,60.99
s_0640,644,36,b-budget,6,37896,1,62.39
s_0641,2028,77,b-budget,6,27057,1,59.09
s_0642,2032,91,b-budget,6,34099,0,
s_0643,2342,106,b-budget,6,27901,0,
s_0644,613,27,b-budget,6,53234,1,50.46
s_0645,388,18,b-budget,6,39135,1,49.12
s_0646,998,63,b-budget,6,38815,0,
s_0647,1769,55,b-budget,6,46755,1,76.01
s_0648,630,49,b-budget,6,37222,1,89.48
s_0649,1378,41,b-budget,6,28910,1,46.47
s_0650,4111,161,b-budget,6,12380,1,62.88
s_0651,642,45,b-budget,6,26080,0,
s_0652,1268,42,b-budget,6,59970,1,67.23
s_0653,434,17,b-budget,6,44356,1,83.59
s_0654,983,110,b-budget,6,20829,0,
s_0655,253,27,b-budget,6,22212,1,59.11
s_0656,3275,154,b-budget,6,38249,1,71.47
s_0657,852,38,b-budget,6,33336,1,41.70
s_0658,7467,157,b-budget,6,34599,1,46.79
s_0659,373,12,b-budget,6,24796,1,86.45
s_0660,1059,71,b-budget,6,26828,1,51.35
s_0661,509,38,b-budget,6,35230,0,
s_0662,951,35,b-budget,6,33728,1,66.91
s_0663,542,18,b-budget,6,56903,1,67.93
s_0664,361,24,b-budget,6,29552,1,50.64
s_0665,322,20,b-budget,6,24749,1,74.36
s_0666,1113,62,b-budget,6,32956,1,63.37
s_0667,1053,51,b-budget,6,43549,1,59.75
s_0668,783,67,b-budget,6,26450,1,54.49
s_0669,1651,80,b-budget,6,22440,0,
s_0670,735,64,b-budget,6,82657,1,58.72
s_0671,2044,69,b-budget,6,39574,0,
s_0672,192,8,b-budget,6,40353,1,63.95
s_0673,458,19,b-budget,6,59651,1,74.51
s_0674,1325,82,b-budget,6,38290,1,35.74
s_0675,1166,52,b-budget,6,40018,0,
s_0676,300,23,b-budget,6,34553,1,60.72
s_0677,2441,148,b-budget,6,34703,1,77.17
s_0678,251,15,b-budget,6,27250,1,38.52
s_0679,185,7,b-budget,6,29744,0,
s_0680,844,55,b-budget,6,21663,1,53.39
s_0681,2127,168,b-budget,6,58540,1,52.93
s_0682,497,20,b-budget,6,31942,1,65.27
s_0683,438,25,b-budget,6,62138,1,74.12
s_0684,341,37,b-budget,6,29953,1,68.06
s_0685,50,2,b-budget,6,28901,1,72.83
s_0686,1471,70,b-budget,6,45607,1,57.53
s_0687,586,32,b-budget,6,38670,1,43.60
s_0688,795,53,b-budget,6,42759,1,55.35
s_0689,1610,71,b-budget,6,28971,1,50.77
s_0690,1792,85,b-budget,6,64664,0,
s_0691,782,39,b-budget,6,27523,0,
s_0692,1584,92,b-budget,6,36472,1,73.26
s_0693,423,17,b-budget,6,46560,1,67.15
s_0694,1863,80,b-budget,6,32057,1,58.93
s_0695,766,38,b-budget,6,31187,1,49.08
s_0696,192,13,b-budget,6,27377,1,80.58
s_0697,1742,86,b-budget,6,24601,0,
s_0698,444,15,b-budget,6,32438,0,
s_0699,1492,61,b-budget,6,33200,1,62.15
s_0700,2782,106,b-budget,6,42477,1,50.43
s_0701,1209,53,b-budget,6,41515,1,82.06
s_0702,650,64,b-budget,6,26196,1,52.40
s_0703,249,17,b-budget,6,24421,1,60.26
s_0704,626,27,b-budget,6,38043,0,
s_0705,1029,53,b-budget,6,21446,0,
s_0706,1097,58,b-budget,6,19736,0,
s_0707,1017,43,b-budget,6,29183,1,61.26
s_0708,1013,64,b-budget,6,33110,1,57.99
s_0709,673,34,b-budget,6,37012,1,74.70
s_0710,369,17,b-budget,6,48637,1,59.18
s_0711,624,27,b-budget,6,30064,1,68.37
s_0712,456,27,b-budget,6,32290,1,77.53
s_0713,1241,86,b-budget,6,51571,1,95.32
s_0714,783,42,b-budget,6,29560,1,84.24
s_0715,364,13,b-budget,6,44213,1,82.62
s_0716,201,11,b-budget,6,41427,1,91.48
s_0717,461,26,b-budget,6,25049,1,66.51
s_0718,1353,44,b-budget,6,22127,0,
s_0719,2096,122,b-budget,6,35358,1,55.58
s_0720,854,27,b-budget,6,26212,0,
s_0721,345,15,b-budget,6,21481,1,74.82
s_0722,784,48,b-budget,6,40917,1,63.87
s_0723,2476,95,b-budget,6,27855,0,
s_0724,144,15,b-budget,6,37796,1,61.59
s_0725,3309,107,b-budget,6,42976,1,62.28
s_0726,202,22,b-budget,6,37621,1,86.58
s_0727,164,13,b-budget,6,23986,1,71.65
s_0728,1583,68,b-budget,6,51543,0,
s_0729,430,20,b-budget,6,35881,1,78.37
s_0730,383,27,b-budget,6,19944,1,48.60
s_0731,894,29,b-budget,6,56947,0,
s_0732,390,23,b-budget,6,46717,1,86.34
s_0733,504,38,b-budget,6,32249,1,56.01
s_0734,151,7,b-budget,6,54123,1,62.95
s_0735,744,53,b-budget,6,34555,1,63.37
s_0736,439,33,b-budget,6,19025,1,61.86
s_0737,449,40,b-budget,6,39993,1,74.40
s_0738,139,13,b-budget,6,32133,1,61.18
s_0739,1462,81,b-budget,6,46548,1,60.49
s_0740,801,67,b-budget,6,34054,0,
s_0741,328,13,b-budget,6,55708,1,61.54
s_0742,1313,81,b-budget,6,24272,1,75.22
s_0743,517,28,b-budget,6,36645,1,61.85
s_0744,467,23,b-budget,6,36184,1,63.48
s_0745,244,20,b-budget,6,28967,1,82.56
s_0746,624,27,b-budget,6,51502,1,80.90
s_0747,4527,204,b-budget,6,38898,0,
s_0748,516,23,b-budget,6,26126,0,
s_0749,485,24,b-budget,6,26017,0,
s_0750,743,45,b-budget,6,53756,0,
s_0751,1642,69,b-budget,6,22434,1,63.44
s_0752,2658,110,b-budget,6,29356,0,
s_0753,213,27,b-budget,6,34205,1,64.94
s_0754,633,41,b-budget,6,35924,1,66.87
s_0755,212,16,b-budget,6,53564,1,32.71
s_0756,2156,87,b-budget,6,41701,1,56.61
s_0757,2491,99,b-budget,6,29960,1,59.03
s_0758,1970,96,b-budget,6,21887,1,48.35
s_0759,777,19,b-budget,6,20951,1,50.34
s_0760,4843,180,b-budget,6,36486,1,51.90
s_0761,1681,109,b-budget,6,31874,1,65.83
s_0762,1607,71,b-budget,6,41196,1,60.13
s_0763,1847,96,b-budget,6,48495,1,78.51
s_0764,1934,80,b-budget,6,30092,1,53.86
s_0765,1792,121,b-budget,6,37325,1,51.29
s_0766,3228,221,b-budget,6,55248,1,66.65
s_0767,321,22,b-budget,6,34401,0,
s_0768,1491,87,b-budget,6,26731,1,80.17
s_0769,255,16,b-budget,6,31523,1,72.82
s_0770,1917,148,b-budget,6,23279,1,52.97
s_0771,9797,219,b-budget,6,58789,1,55.89
s_0772,1150,61,b-budget,6,42157,0,
s_0773,888,55,b-budget,6,21374,1,54.94
s_0774,2183,106,b-budget,6,32468,1,84.27
s_0775,1228,76,b-budget,6,44610,1,62.92
s_0776,305,22,b-budget,6,45704,1,84.59
s_0777,357,24,b-budget,6,19299,1,56.86
s_0778,166,8,b-budget,6,23709,1,77.50
s_0779,2053,58,b-budget,6,32047,0,
s_0780,2124,130,b-budget,6,51396,1,76.59
s_0781,440,18,b-budget,6,16263,1,80.36
s_0782,217,22,b-budget,6,25415,1,86.35
s_0783,176,8,b-budget,6,22007,1,68.49
s_0784,965,81,b-budget,6,47858,0,
s_0785,200,13,b-budget,6,25193,1,69.47
s_0786,301,19,b-budget,6,60982,1,65.82
s_0787,1732,68,b-budget,6,72791,1,58.26
s_0788,1656,41,b-budget,6,30675,1,66.70
s_0789,4169,154,b-budget,6,33896,0,
s_0790,541,28,b-budget,6,42107,1,52.12
s_0791,2176,112,b-budget,6,40545,1,46.83
s_0792,2726,149,b-budget,6,68091,1,50.47
s_0793,306,19,b-budget,6,44480,1,51.44
s_0794,315,15,b-budget,6,31153,0,
s_0795,390,36,b-budget,6,24193,0,
s_0796,1220,81,b-budget,6,35292,0,
s_0797,4087,202,b-budget,6,22532,1,45.51
s_0798,805,48,b-budget,6,40352,1,43.34
s_0799,2121,87,b-budget,6,37673,1,60.11
s_0800,257,12,b-budget,6,30978,1,70.16
s_0801,949,34,b-budget,6,23328,0,
s_0802,537,37,b-budget,6,21714,1,67.24
s_0803,1083,46,b-budget,6,32890,1,45.19
s_0804,1673,76,b-budget,6,32993,1,75.58
s_0805,176,14,b-budget,6,40561,1,60.96
s_0806,832,58,b-budget,6,61356,1,30.67
s_0807,741,55,b-budget,6,34621,1,75.77
s_0808,548,28,b-budget,6,20132,1,86.30
s_0809,214,15,b-budget,6,52379,1,70.59
s_0810,1206,55,b-budget,6,35608,1,46.95
s_0811,730,41,b-budget,6,55902,1,48.46
s_0812,2408,164,b-budget,6,29361,0,
s_0813,656,38,b-budget,6,35197,1,61.71
s_0814,630,39,b-budget,6,22289,1,58.22
s_0815,1265,79,b-budget,6,39408,1,57.43
s_0816,356,24,b-budget,6,37118,1,64.64
s_0817,2219,85,b-budget,6,20801,1,58.20
s_0818,186,15,b-budget,6,40534,1,86.77
s_0819,924,75,b-budget,6,27621,0,
s_0820,849,30,b-budget,6,28073,0,
s_0821,524,34,b-budget,6,26429,1,57.33
s_0822,493,24,b-budget,6,30561,1,60.18
s_0823,319,13,b-budget,6,34703,1,40.56
s_0824,1798,94,b-budget,6,41148,1,72.33
s_0825,2398,79,b-budget,6,47890,0,
s_0826,255,23,b-budget,6,51018,1,46.68
s_0827,1353,45,b-budget,6,37422,0,
s_0828,299,19,b-budget,6,21008,1,60.14
s_0829,1418,82,b-budget,6,45131,1,86.95
s_0830,711,28,b-budget,6,35252,1,82.65
s_0831,940,45,b-budget,6,28979,1,94.76
s_0832,1331,80,b-budget,6,35089,1,58.67
s_0833,340,15,b-budget,6,41736,1,70.72
s_0834,776,40,b-budget,6,51921,1,63.53
s_0835,1074,54,b-budget,6,30201,1,69.14
s_0836,1409,135,b-budget,6,39848,1,56.05
s_0837,426,30,b-budget,6,62597,1,59.91
s_0838,2777,124,b-budget,6,22711,0,
s_0839,1265,56,b-budget,6,25666,0,
s_0840,2980,98,b-budget,6,22788,1,49.57
s_0841,460,30,b-budget,6,44807,1,57.71
s_0842,1354,52,b-budget,6,29883,1,60.61
s_0843,1186,62,b-budget,6,33633,1,80.25
s_0844,776,54,b-budget,6,38024,0,
s_0845,1790,83,b-budget,6,54038,1,50.86
s_0846,1156,86,b-budget,6,40964,1,64.18
s_0847,754,26,b-budget,6,31331,1,52.75
s_0848,1461,105,b-budget,6,34502,1,51.36
s_0849,1364,67,b-budget,6,35234,0,
s_0850,580,53,b-budget,6,77855,0,
s_0851,316,16,b-budget,6,29747,1,83.80
s_0852,1208,102,b-budget,6,31159,1,56.37
s_0853,1149,78,b-budget,6,22162,1,51.50
s_0854,634,17,b-budget,6,19009,1,49.05
s_0855,6251,161,b-budget,6,29898,1,53.87
s_0856,380,32,b-budget,6,23485,1,79.56
s_0857,654,35,b-budget,6,28387,1,63.93
s_0858,737,46,b-budget,6,27787,0,
s_0859,798,37,b-budget,6,50344,1,42.39
s_0860,600,38,b-budget,6,16594,1,67.29
s_0861,1215,41,b-budget,6,33461,0,
s_0862,328,21,b-budget,6,40466,1,66.85
s_0863,553,33,b-budget,6,28372,1,55.33
s_0864,418,21,b-budget,6,36100,0,
s_0865,276,26,b-budget,6,50068,1,92.37
s_0866,387,16,b-budget,6,22937,1,62.06
s_0867,927,54,b-budget,6,42363,1,56.16
s_0868,392,18,b-budget,6,58709,1,72.87
s_0869,1367,52,b-budget,6,26842,1,63.71
s_0870,262,19,b-budget,6,29090,1,63.35
s_0871,743,28,b-budget,6,27486,1,62.28
s_0872,1142,49,b-budget,6,21190,1,45.67
s_0873,1589,64,b-budget,6,25320,0,
s_0874,1628,105,b-budget,6,27475,1,82.43
s_0875,1350,59,b-budget,6,22083,1,74.78
s_0876,1150,79,b-budget,6,45806,1,59.04
s_0877,219,13,b-budget,6,39923,1,58.39
s_0878,304,16,b-budget,6,38968,1,68.01
s_0879,239,15,b-budget,6,45477,1,62.45
s_0880,737,36,b-budget,6,25240,1,69.68
s_0881,3372,97,b-budget,6,35185,0,
s_0882,1832,129,b-budget,6,40584,0,
s_0883,1270,76,b-budget,6,32490,0,
s_0884,3232,233,b-budget,6,33497,1,65.96
s_0885,415,27,b-budget,6,29977,1,83.49
s_0886,2486,107,b-budget,6,27618,1,66.87
s_0887,1933,80,b-budget,6,31884,0,
s_0888,765,56,b-budget,6,23993,1,78.35
s_0889,601,24,b-budget,6,42197,1,52.56
s_0890,145,10,b-budget,6,39470,1,68.31
s_0891,621,33,b-budget,6,44824,1,67.39
s_0892,198,13,b-budget,6,50339,1,39.81
s_0893,1011,26,b-budget,6,31426,1,58.06
s_0894,991,45,b-budget,6,37858,1,64.31
s_0895,2576,223,b-budget,6,44126,1,63.17
s_0896,211,16,b-budget,6,57143,1,69.87
s_0897,1485,50,b-budget,6,38583,1,68.44
s_0898,839,39,b-budget,6,25517,1,69.24
s_0899,731,36,b-budget,6,21421,1,58.86
s_0900,1200,57,b-budget,6,45077,1,61.22
s_0901,590,34,b-budget,6,22898,0,
s_0902,557,23,b-budget,6,40073,1,65.36
s_0903,576,40,b-budget,6,31219,0,
s_0904,733,57,b-budget,6,32191,0,
s_0905,1337,103,b-budget,6,28415,1,63.02
s_0906,251,10,b-budget,6,39310,1,71.63
s_0907,1362,105,b-budget,6,32970,0,
s_0908,256,11,b-budget,6,28487,1,83.01
s_0909,4329,194,b-budget,6,53905,1,62.57
s_0910,1241,36,b-budget,6,31102,1,37.11
s_0911,173,11,b-budget,6,32728,1,73.67
s_0912,455,34,b-budget,6,35019,0,
s_0913,1403,49,b-budget,6,38251,1,44.51
s_0914,107,5,b-budget,6,30077,1,62.42
s_0915,1549,70,b-budget,6,30299,1,42.56
s_0916,801,16,b-budget,6,24604,1,50.96
s_0917,1126,38,b-budget,6,25438,1,75.23
s_0918,162,12,b-budget,6,23082,1,69.99
s_0919,2509,264,b-budget,6,27793,0,
s_0920,2052,72,b-budget,6,37443,0,
s_0921,1551,56,b-budget,6,39040,0,
s_0922,381,30,b-budget,6,26479,1,58.62
s_0923,2061,123,b-budget,6,36343,1,37.68
s_0924,723,38,b-budget,6,41253,1,53.34
s_0925,599,35,b-budget,6,23143,1,67.86
s_0926,2291,141,b-budget,6,40388,0,
s_0927,333,16,b-budget,6,28800,1,57.28
s_0928,1329,52,b-budget,6,38513,1,50.91
s_0929,319,23,b-budget,6,18945,1,59.24
s_0930,226,11,b-budget,6,32981,1,83.91
s_0931,362,17,b-budget,6,30844,1,73.93
s_0932,175,15,b-budget,6,42987,1,62.66
s_0933,3827,191,b-budget,6,36208,1,54.10
s_0934,2386,68,b-budget,6,24805,1,60.58
s_0935,413,24,b-budget,6,77790,1,69.99
s_0936,1065,59,b-budget,6,48121,1,70.31
s_0937,448,18,b-budget,6,28108,1,50.72
s_0938,316,33,b-budget,6,25357,1,73.91
s_0939,1790,70,b-budget,6,44750,1,74.07
s_0940,430,32,b-budget,6,15907,1,53.70
s_0941,1032,49,b-budget,6,27926,1,43.45
s_0942,334,26,b-budget,6,35112,1,72.77
s_0943,285,14,b-budget,6,41809,1,61.72
s_0944,1052,72,b-budget,6,70128,1,88.63
s_0945,726,31,b-budget,6,32243,1,66.29
s_0946,2319,180,b-budget,6,34065,1,77.11
s_0947,1472,77,b-budget,6,39902,1,44.02
s_0948,125,14,b-budget,6,32039,1,63.14
s_0949,998,57,b-budget,6,40400,1,54.57
s_0950,1386,76,b-budget,6,50446,0,
s_0951,501,27,b-budget,6,28902,1,68.54
s_0952,4130,190,b-budget,6,32898,1,56.42
s_0953,2057,72,b-budget,6,48905,0,
s_0954,128,6,b-budget,6,25307,1,97.53
s_0955,435,16,b-budget,6,51531,1,68.00
s_0956,6669,414,b-budget,6,21546,0,
s_0957,340,18,b-budget,6,42407,1,69.68
s_0958,1394,73,b-budget,6,32320,0,
s_0959,1031,83,b-budget,6,23123,1,69.26
s_0960,2383,89,b-budget,6,40836,1,60.67
s_0961,3857,216,b-budget,6,31496,1,60.60
s_0962,533,21,b-budget,6,25907,1,47.51
s_0963,451,34,b-budget,6,31991,1,67.00
s_0964,467,21,b-budget,6,43453,1,49.03
s_0965,405,22,b-budget,6,35203,1,72.15
s_0966,678,34,b-budget,6,35334,1,68.63
s_0967,486,19,b-budget,6,36146,1,69.85
s_0968,1378,86,b-budget,6,23519,1,61.63
s_0969,726,55,b-budget,6,40297,1,53.19
s_0970,666,33,b-budget,6,24776,1,51.94
s_0971,952,77,b-budget,6,53607,0,
s_0972,4478,214,b-budget,6,22364,0,
s_0973,467,21,b-budget,6,32961,1,55.63
s_0974,670,18,b-budget,6,19274,1,61.24
s_0975,691,36,b-budget,6,20406,1,64.99
s_0976,473,27,b-budget,6,41325,0,
s_0977,1077,65,b-budget,6,51532,0,
s_0978,5442,266,b-budget,6,32063,0,
s_0979,718,40,b-budget,6,17936,1,56.76
s_0980,553,24,b-budget,6,29717,1,67.19
s_0981,1598,82,b-budget,6,40889,0,
s_0982,351,19,b-budget,6,28891,1,64.68
s_0983,294,31,b-budget,6,30905,1,56.89
s_0984,1397,61,b-budget,6,25936,1,52.93
s_0985,478,39,b-budget,6,35614,1,51.00
s_0986,1004,61,b-budget,6,29650,1,37.79
s_0987,1677,103,b-budget,6,44777,0,
s_0988,1037,55,b-budget,6,39045,1,46.48
s_0989,280,24,b-budget,6,19430,0,
s_0990,11209,428,b-budget,6,32124,1,49.40
s_0991,293,9,b-budget,6,34491,0,
s_0992,375,24,b-budget,6,26574,1,42.45
s_0993,117,9,b-budget,6,32190,1,64.61
s_0994,627,27,b-budget,6,38433,1,81.60
s_0995,1624,101,b-budget,6,35142,1,62.90
s_0996,626,30,b-budget,6,30621,1,54.21
s_0997,751,44,b-budget,6,31070,1,61.19
s_0998,2153,60,b-budget,6,33319,1,58.52
s_0999,364,19,b-budget,6,40114,1,59.61
s_1000,891,54,b-budget,6,54375,0,
s_1001,1773,58,b-budget,6,41643,1,78.57
s_1002,1238,51,b-budget,6,36391,1,56.11
s_1003,1107,73,b-budget,6,36351,1,55.07
s_1004,1174,39,b-budget,6,24939,1,71.40
s_1005,5354,223,b-budget,6,33182,1,68.22
s_1006,188,10,b-budget,6,28208,0,
s_1007,878,29,b-budget,6,18030,0,
s_1008,500,21,b-budget,6,23718,1,55.50
s_1009,254,10,b-budget,6,28441,1,56.80
s_1010,1768,100,b-budget,6,32000,1,50.88
s_1011,2188,81,b-budget,6,31925,0,
s_1012,1290,93,b-budget,6,21122,0,
s_1013,469,18,b-budget,6,31805,0,
s_1014,2738,63,b-budget,6,41297,0,
s_1015,2601,90,b-budget,6,24289,0,
s_1016,868,46,b-budget,6,37124,1,75.65
s_1017,178,19,b-budget,6,45200,0,
s_1018,1453,139,b-budget,6,19845,0,
s_1019,583,20,b-budget,6,28811,1,68.26
s_1020,973,78,b-budget,6,29189,1,46.04
s_1021,3414,106,b-budget,6,43286,0,
s_1022,1846,89,b-budget,6,43805,1,68.06
s_1023,501,32,b-budget,6,26032,1,72.68
s_1024,1378,79,b-budget,6,27192,1,50.54
s_1025,462,23,b-budget,6,44133,1,71.38
s_1026,1710,78,b-budget,6,20952,0,
s_1027,321,19,b-budget,6,39085,1,50.49
s_1028,592,40,b-budget,6,43214,1,68.70
s_1029,1309,67,b-budget,6,17543,1,61.71
s_1030,154,12,b-budget,6,38389,1,66.47
s_1031,2548,96,b-budget,6,28407,0,
s_1032,392,37,b-budget,6,26958,1,61.92
s_1033,634,32,b-budget,6,23070,1,68.36
s_1034,269,10,b-budget,6,32862,1,57.77
s_1035,625,31,b-budget,6,18784,0,
s_1036,739,55,b-budget,6,37144,1,60.00
s_1037,822,30,b-budget,6,50183,1,79.37
s_1038,1116,59,b-budget,6,27846,0,
s_1039,1682,100,b-budget,6,35072,1,65.33
s_1040,366,14,b-budget,6,49556,1,100.00
s_1041,676,37,b-budget,6,42735,1,69.54
s_1042,855,30,b-budget,6,39059,1,60.10
s_1043,1126,46,b-budget,6,57055,1,49.25
s_1044,829,37,b-budget,6,50852,1,62.30
s_1045,583,19,b-budget,6,21017,1,55.94
s_1046,999,71,b-budget,6,47376,1,69.31
s_1047,959,70,b-budget,6,40134,0,
s_1048,2291,88,b-budget,6,38988,1,61.83
s_1049,1032,53,b-budget,6,19796,0,
s_1050,4199,140,b-budget,6,48180,1,75.50
s_1051,5361,313,b-budget,6,38312,1,65.55
s_1052,867,53,b-budget,6,44568,1,58.93
s_1053,7258,238,b-budget,6,27313,0,
s_1054,347,35,b-budget,6,39296,1,78.41
s_1055,584,43,b-budget,6,24077,1,61.89
s_1056,361,21,b-budget,6,30338,1,54.89
s_1057,213,26,b-budget,6,30392,1,77.77
s_1058,1684,123,b-budget,6,25228,1,47.93
s_1059,463,21,b-budget,6,15366,0,
s_1060,1518,42,b-budget,6,13292,1,60.60
s_1061,480,33,b-budget,6,33243,1,68.63
s_1062,2710,67,b-budget,6,48648,0,
s_1063,859,59,b-budget,6,26413,1,49.57
s_1064,1353,75,b-budget,6,22265,0,
s_1065,322,27,b-budget,6,34455,1,82.48
s_1066,1394,54,b-budget,6,28437,1,64.81
s_1067,1697,104,b-budget,6,20145,1,74.69
s_1068,516,37,b-budget,6,33521,1,65.02
s_1069,1035,50,b-budget,6,30119,1,64.66
s_1070,3445,114,b-budget,6,57502,1,57.55
s_1071,625,38,b-budget,6,51704,0,
s_1072,520,23,b-budget,6,23429,1,63.78
s_1073,633,53,b-budget,6,28303,1,57.96
s_1074,1160,83,b-budget,6,27580,1,67.24
s_1075,2843,92,b-budget,6,34280,0,
s_1076,151,16,b-budget,6,54136,1,61.32
s_1077,2453,91,b-budget,6,27379,1,53.22
s_1078,329,28,b-budget,6,21709,1,54.93
s_1079,778,52,b-budget,6,44412,1,72.40
s_1080,1091,56,b-budget,6,34078,1,81.04
s_1081,1564,108,b-budget,6,32570,0,
s_1082,488,29,b-budget,6,21296,1,69.96
s_1083,4979,153,b-budget,6,32407,1,44.59
s_1084,4259,160,b-budget,6,25316,1,64.74
s_1085,592,39,b-budget,6,16878,1,43.15
s_1086,3803,175,b-budget,6,36841,0,
s_1087,1093,45,b-budget,6,40585,1,49.75
s_1088,313,17,b-budget,6,16495,0,
s_1089,122,13,b-budget,6,25814,1,80.84
s_1090,644,26,b-budget,6,16413,0,
s_1091,313,22,b-budget,6,36852,1,73.26
s_1092,500,24,b-budget,6,28825,1,61.19
s_1093,5210,226,b-budget,6,26776,0,
s_1094,640,42,b-budget,6,35478,1,94.07
s_1095,1159,51,b-budget,6,47254,0,
s_1096,3248,118,b-budget,6,32067,0,
s_1097,199,8,b-budget,6,33724,1,76.69
s_1098,254,12,b-budget,6,31767,1,74.15
s_1099,961,43,b-budget,6,29423,1,38.89
s_1100,930,48,b-budget,6,26181,1,57.98
s_1101,70,6,b-budget,6,29761,1,77.47
s_1102,1230,61,b-budget,6,28347,1,67.81
s_1103,615,28,b-budget,6,42754,1,55.44
s_1104,1315,44,b-budget,6,29322,1,65.63
s_1105,1061,50,b-budget,6,31277,1,60.12
s_1106,765,46,b-budget,6,29466,1,65.58
s_1107,1253,51,b-budget,6,44357,1,59.52
s_1108,621,21,b-budget,6,41996,1,52.51
s_1109,481,23,b-budget,6,41003,1,75.43
s_1110,677,39,b-budget,6,55477,1,43.40
s_1111,1213,65,b-budget,6,21691,1,56.04
s_1112,563,21,b-budget,6,18813,0,
s_1113,230,18,b-budget,6,25748,1,58.35
s_1114,939,40,b-budget,6,31826,1,68.97
s_1115,415,12,b-budget,6,28716,1,64.47
s_1116,301,16,b-budget,6,21691,1,53.02
s_1117,1517,85,b-budget,6,36964,1,72.54
s_1118,1337,76,b-budget,6,33976,1,44.70
s_1119,373,24,b-budget,6,28180,1,54.57
s_1120,1389,31,b-budget,6,24918,1,51.08
s_1121,148,8,b-budget,6,31120,1,68.96
s_1122,350,25,b-budget,6,24679,1,71.87
s_1123,504,32,b-budget,6,32545,0,
s_1124,2648,73,b-budget,6,31886,0,
s_1125,498,18,b-budget,6,35378,1,56.71
s_1126,312,19,b-budget,6,29315,1,65.24
s_1127,399,14,b-budget,6,44979,1,68.14
s_1128,1343,76,b-budget,6,29571,1,55.22
s_1129,296,17,b-budget,6,34326,1,53.31
s_1130,4933,133,b-budget,6,25425,0,
s_1131,782,50,b-budget,6,43832,1,40.51
s_1132,2254,87,b-budget,6,27055,1,38.03
s_1133,858,27,b-budget,6,21401,0,
s_1134,453,38,b-budget,6,24157,1,80.81
s_1135,975,47,b-budget,6,29575,1,46.48
s_1136,1225,74,b-budget,6,36704,1,60.23
s_1137,1969,73,b-budget,6,35548,1,55.83
s_1138,546,20,b-budget,6,21489,0,
s_1139,811,65,b-budget,6,26903,1,72.57
s_1140,558,38,b-budget,6,32212,1,74.25
s_1141,786,43,b-budget,6,41465,1,67.78
s_1142,846,38,b-budget,6,25284,1,53.60
s_1143,1056,41,b-budget,6,31418,1,57.83
s_1144,893,32,b-budget,6,38144,1,62.18
s_1145,238,35,b-budget,6,22889,1,69.19
s_1146,1451,53,b-budget,6,28390,0,
s_1147,2446,132,b-budget,6,37731,1,59.29
s_1148,1309,86,b-budget,6,27924,1,70.08
s_1149,1151,121,b-budget,6,29198,1,62.24
s_1150,467,40,b-budget,6,53832,1,68.60
s_1151,1141,58,b-budget,6,23516,0,
s_1152,945,71,b-budget,6,41015,1,71.71
s_1153,257,14,b-budget,6,50693,1,67.31
s_1154,1746,121,b-budget,6,23179,1,60.11
s_1155,215,10,b-budget,6,27466,1,78.81
s_1156,55,5,b-budget,6,30080,1,85.12
s_1157,1643,77,b-budget,6,36262,0,
s_1158,798,39,b-budget,6,36004,0,
s_1159,425,49,b-budget,6,47642,1,61.72
s_1160,1913,102,b-budget,6,24215,0,
s_1161,1036,62,b-budget,6,30796,1,56.15
s_1162,576,29,b-budget,6,23118,1,59.90
s_1163,1972,63,b-budget,6,41384,0,
s_1164,571,45,b-budget,6,34078,1,78.28
s_1165,295,17,b-budget,6,22996,1,75.32
s_1166,496,35,b-budget,6,26911,1,60.30
s_1167,2096,101,b-budget,6,25343,1,47.09
s_1168,85,5,b-budget,6,23030,1,82.07
s_1169,572,38,b-budget,6,30419,1,44.67
s_1170,487,28,b-budget,6,25469,0,
s_1171,325,21,b-budget,6,50606,1,89.96
s_1172,2115,83,b-budget,6,24654,0,
s_1173,301,17,b-budget,6,43315,1,42.25
s_1174,3645,130,b-budget,6,67357,0,
s_1175,2066,82,b-budget,6,41833,1,40.69
s_1176,3914,205,b-budget,6,30383,1,47.98
s_1177,2020,72,b-budget,6,35807,1,57.60
s_1178,537,24,b-budget,6,32316,1,37.96
s_1179,698,28,b-budget,6,38086,0,
s_1180,944,26,b-budget,6,38476,1,45.27
s_1181,190,20,b-budget,6,32000,0,
s_1182,980,32,b-budget,6,29237,0,
s_1183,425,24,b-budget,6,72001,1,62.10
s_1184,2139,131,b-budget,6,31964,0,
s_1185,520,38,b-budget,6,35238,1,58.46
s_1186,221,14,b-budget,6,37313,1,77.87
s_1187,1320,58,b-budget,6,38959,0,
s_1188,1220,58,b-budget,6,27283,1,79.05
s_1189,651,30,b-budget,6,16867,1,77.11
s_1190,419,27,b-budget,6,16147,1,55.01
s_1191,1817,105,b-budget,6,22322,1,53.83
s_1192,786,35,b-budget,6,41307,1,70.09
s_1193,416,24,b-budget,6,31699,1,72.10
s_1194,252,15,b-budget,6,30952,1,81.03
s_1195,316,18,b-budget,6,45866,1,59.29
s_1196,386,14,b-budget,6,32848,1,34.27
s_1197,840,37,b-budget,6,55859,1,76.56
s_1198,335,20,b-budget,6,44755,1,76.33
s_1199,551,20,b-budget,6,31067,1,67.55
s_1200,911,43,b-budget,6,33566,1,62.19
s_1201,481,49,b-budget,6,31272,1,60.52
s_1202,669,31,b-budget,6,40729,0,
s_1203,3033,87,b-budget,6,41720,0,
s_1204,527,25,b-budget,6,45535,1,45.21
s_1205,281,16,b-budget,6,31318,1,68.04
s_1206,121,6,b-budget,6,43934,1,73.06
s_1207,231,12,b-budget,6,58054,1,82.95
s_1208,1612,97,b-budget,6,33911,1,44.92
s_1209,1526,65,b-budget,6,41593,1,68.68
s_1210,340,29,b-budget,6,27591,1,47.41
s_1211,97,6,b-budget,6,24278,1,53.05
s_1212,906,35,b-budget,6,31671,1,60.92
s_1213,862,74,b-budget,6,37313,1,52.25
s_1214,390,23,b-budget,6,46857,1,59.78
s_1215,283,18,b-budget,6,28586,1,41.61
s_1216,2959,150,b-budget,6,37910,1,54.98
s_1217,247,17,b-budget,6,26550,1,62.18
s_1218,180,14,b-budget,6,43395,1,70.79
s_1219,835,45,b-budget,6,38160,1,54.39
s_1220,1104,62,b-budget,6,21840,1,71.22
s_1221,1770,77,b-budget,6,73030,1,77.03
s_1222,563,24,b-budget,6,35696,0,
s_1223,499,18,b-budget,6,36124,1,48.26
s_1224,1816,112,b-budget,6,32430,0,
s_1225,1776,84,b-budget,6,39805,1,61.95
s_1226,1591,77,b-budget,6,17203,1,61.67
s_1227,493,24,b-budget,6,20223,1,61.03
s_1228,738,30,b-budget,6,25112,1,55.01
s_1229,981,43,b-budget,6,35912,1,53.44
s_1230,575,25,b-budget,6,42929,0,
s_1231,1358,88,b-budget,6,22425,0,
s_1232,575,24,b-budget,6,29457,1,54.47
s_1233,1617,72,b-budget,6,28710,0,
s_1234,226,15,b-budget,6,54903,0,
s_1235,470,34,b-budget,6,32588,1,71.46
s_1236,1245,47,b-budget,6,31623,0,
s_1237,255,33,b-budget,6,43275,1,68.28
s_1238,511,24,b-budget,6,36853,1,50.84
s_1239,1969,118,b-budget,6,32627,1,50.97
s_1240,1491,56,b-budget,6,30403,0,
s_1241,505,37,b-budget,6,47152,1,72.20
s_1242,362,25,b-budget,6,35501,1,79.17
s_1243,1514,60,b-budget,6,21744,0,
s_1244,465,20,b-budget,6,36018,1,50.57
s_1245,749,55,b-budget,6,32634,1,67.86
s_1246,670,38,b-budget,6,30348,1,65.19
s_1247,171,12,b-budget,6,31494,1,47.96
s_1248,585,41,b-budget,6,18341,1,60.23
s_1249,803,30,b-budget,6,35645,1,60.88
s_1250,664,39,b-budget,6,31798,0,
s_1251,652,27,b-budget,6,47820,1,82.62
s_1252,541,50,b-budget,6,19463,1,71.45
s_1253,5499,217,b-budget,6,34350,1,70.50
s_1254,2775,141,b-budget,6,31900,1,70.01
s_1255,1074,80,b-budget,6,31057,1,74.39
s_1256,442,38,b-budget,6,18013,1,70.47
s_1257,272,17,b-budget,6,41741,1,54.68
s_1258,2470,90,b-budget,6,38654,1,53.14
s_1259,797,42,b-budget,6,30050,1,56.23
s_1260,491,29,b-budget,6,29034,1,60.02
s_1261,298,22,b-budget,6,15130,1,56.25
s_1262,313,12,b-budget,6,46014,1,71.94
s_1263,1025,52,b-budget,6,23836,1,75.58
s_1264,42,4,b-budget,6,20110,1,73.83
s_1265,354,29,b-budget,6,32341,1,48.95
s_1266,648,39,b-budget,6,34073,1,68.68
s_1267,972,51,b-budget,6,48622,1,52.30
s_1268,1440,59,b-budget,6,40831,1,74.05
s_1269,1005,73,b-budget,6,27932,1,56.12
s_1270,392,23,b-budget,6,43844,1,58.01
s_1271,617,48,b-budget,6,26741,0,
s_1272,577,28,b-budget,6,20799,1,63.91
s_1273,324,38,b-budget,6,37354,1,70.55
s_1274,672,69,b-budget,6,42620,1,49.47
s_1275,4408,128,b-budget,6,16952,0,
s_1276,622,46,b-budget,6,47973,0,
s_1277,1430,54,b-budget,6,29419,1,52.82
s_1278,2033,101,b-budget,6,36926,1,43.42
s_1279,302,21,b-budget,6,36016,1,53.85
s_1280,947,27,b-budget,6,27835,1,78.51
s_1281,4335,202,b-budget,6,39131,0,
s_1282,678,48,b-budget,6,39043,1,52.98
s_1283,549,23,b-budget,6,42923,1,74.93
s_1284,634,27,b-budget,6,29339,0,
s_1285,947,65,b-budget,6,29519,1,48.13
s_1286,415,26,b-budget,6,32873,0,
s_1287,127,7,b-budget,6,34956,1,76.52
s_1288,264,15,b-budget,6,37497,1,83.41
s_1289,761,35,b-budget,6,40297,1,88.49
s_1290,1038,52,b-budget,6,37685,1,43.32
s_1291,961,40,b-budget,6,30109,1,62.13
s_1292,66,5,b-budget,6,41894,1,93.86
s_1293,809,44,b-budget,6,24657,1,75.48
s_1294,948,49,b-budget,6,46847,1,82.23
s_1295,2911,115,b-budget,6,34370,1,59.76
s_1296,428,22,b-budget,6,25146,1,62.65
s_1297,381,24,b-budget,6,30134,1,64.67
s_1298,2705,65,b-budget,6,24648,1,50.48
s_1299,886,74,b-budget,6,26129,0,
s_1300,1191,77,b-budget,6,38064,1,42.39
s_1301,463,23,b-budget,6,45163,1,51.93
s_1302,987,47,b-budget,6,39812,1,71.78
s_1303,1152,55,b-budget,6,18263,0,
s_1304,237,17,b-budget,6,65131,1,60.44
s_1305,249,13,b-budget,6,45426,1,77.90
s_1306,1099,74,b-budget,6,28487,1,54.95
s_1307,2037,69,b-budget,6,40176,1,67.00
s_1308,491,43,b-budget,6,74691,1,62.74
s_1309,1945,173,b-budget,6,35188,1,79.67
s_1310,1600,49,b-budget,6,35572,0,
s_1311,1408,56,b-budget,6,59831,1,54.39
s_1312,489,26,b-budget,6,24154,1,58.67
s_1313,262,20,b-budget,6,18914,1,64.77
s_1314,232,14,b-budget,6,33063,0,
s_1315,203,15,b-budget,6,42712,1,59.93
s_1316,1170,50,b-budget,6,17403,1,48.65
s_1317,1244,56,b-budget,6,57212,1,69.82
s_1318,243,25,b-budget,6,32695,0,
s_1319,1459,107,b-budget,6,20082,1,85.55
s_1320,1197,58,b-budget,6,59435,1,52.39
s_1321,578,19,b-budget,6,29891,1,82.06
s_1322,410,23,b-budget,6,32087,1,66.21
s_1323,1330,45,b-budget,6,38014,1,75.42
s_1324,872,45,b-budget,6,42100,1,58.89
s_1325,784,63,b-budget,6,51192,1,56.73
s_1326,1251,42,b-budget,6,40300,0,
s_1327,87,3,b-budget,6,38031,1,55.17
s_1328,219,8,b-budget,6,27716,1,47.61
s_1329,304,15,b-budget,6,47496,1,57.96
s_1330,1174,46,b-budget,6,35243,1,83.10
s_1331,947,52,b-budget,6,25354,1,62.65
s_1332,1030,28,b-budget,6,38487,0,
s_1333,107,4,b-budget,6,30439,1,77.28
s_1334,156,7,b-budget,6,21431,1,70.39
s_1335,85,4,b-budget,6,32452,1,97.00
s_1336,2409,91,b-budget,6,21376,1,71.55
s_1337,1154,103,b-budget,6,38574,1,51.69
s_1338,115,13,b-budget,6,32294,1,100.00
s_1339,127,12,b-budget,6,38892,1,74.29
s_1340,148,25,b-budget,6,44184,1,56.32
s_1341,304,11,b-budget,6,54717,1,82.26
s_1342,886,39,b-budget,6,24014,1,49.78
s_1343,364,32,b-budget,6,18789,1,61.69
s_1344,1807,102,b-budget,6,41696,1,67.50
s_1345,416,21,b-budget,6,24933,1,82.25
s_1346,1332,67,b-budget,6,64837,1,38.88
s_1347,332,30,b-budget,6,31875,1,71.29
s_1348,171,17,b-budget,6,34260,1,71.49
s_1349,579,21,b-budget,6,32205,1,80.95
s_1350,367,14,b-budget,6,18398,0,
s_1351,2275,68,b-budget,6,28840,1,72.77
s_1352,1246,52,b-budget,6,32063,0,
s_1353,1015,51,b-budget,6,49012,1,49.28
s_1354,252,10,b-budget,6,44713,1,58.19
s_1355,655,30,b-budget,6,16333,1,56.50
s_1356,250,23,b-budget,6,25857,1,100.00
s_1357,780,61,b-budget,6,23973,1,64.79
s_1358,674,30,b-budget,6,28154,1,49.72
s_1359,763,35,b-budget,6,51477,1,62.73
s_1360,642,27,b-budget,6,27017,1,58.45
s_1361,254,23,b-budget,6,27725,1,62.51
s_1362,628,28,b-budget,6,25069,1,67.79
s_1363,1121,63,b-budget,6,22423,1,48.35
s_1364,2737,117,b-budget,6,18288,1,55.73
s_1365,1207,44,b-budget,6,39048,0,
s_1366,1617,64,b-budget,6,39617,1,49.13
s_1367,616,24,b-budget,6,25176,1,60.29
s_1368,506,22,b-budget,6,37764,1,54.96
s_1369,955,71,b-budget,6,34067,1,73.60
s_1370,865,40,b-budget,6,33680,1,63.21
s_1371,4652,229,b-budget,6,33125,0,
s_1372,698,66,b-budget,6,29872,1,67.07
s_1373,650,33,b-budget,6,33669,1,71.36
s_1374,2230,121,b-budget,6,26362,0,
s_1375,1318,70,b-budget,6,21209,1,48.23
s_1376,464,27,b-budget,6,33838,1,68.66
s_1377,808,45,b-budget,6,20228,1,50.39
s_1378,551,16,b-budget,6,56968,1,83.89
s_1379,864,33,b-budget,6,21577,0,
s_1380,583,16,b-budget,6,29455,1,76.41
s_1381,1133,31,b-budget,6,38179,1,66.72
s_1382,1307,85,b-budget,6,26645,0,
s_1383,1151,48,b-budget,6,46236,1,69.73
s_1384,884,29,b-budget,6,28895,1,76.22
s_1385,1385,49,b-budget,6,55748,0,
s_1386,5662,404,b-budget,6,38056,0,
s_1387,369,24,b-budget,6,33961,1,79.21
s_1388,1289,60,b-budget,6,36983,1,63.85
s_1389,1340,70,b-budget,6,19515,0,
s_1390,593,50,b-budget,6,27346,1,57.56
s_1391,405,22,b-budget,6,43617,1,74.07
s_1392,498,40,b-budget,6,49578,1,68.87
s_1393,950,30,b-budget,6,73429,0,
s_1394,388,11,b-budget,6,24903,1,67.21
s_1395,1144,45,b-budget,6,14065,1,60.83
s_1396,857,53,b-budget,6,60307,1,51.56
s_1397,1898,122,b-budget,6,42823,0,
s_1398,466,37,b-budget,6,33445,1,83.02
s_1399,226,19,b-budget,6,26357,1,54.61
s_1400,2306,118,b-budget,6,26305,1,45.04
s_1401,427,22,b-budget,6,39407,1,55.62
s_1402,403,22,b-budget,6,22371,1,50.82
s_1403,701,53,b-budget,6,36384,1,53.45
s_1404,1056,39,b-budget,6,43490,1,50.51
s_1405,325,23,b-budget,6,22801,0,
s_1406,936,60,b-budget,6,27093,1,58.66
s_1407,1333,42,b-budget,6,32125,1,49.27
s_1408,2100,38,b-budget,6,37206,1,78.12
s_1409,797,49,b-budget,6,31961,0,
s_1410,938,38,b-budget,6,35479,0,
s_1411,464,27,b-budget,6,28790,1,83.89
s_1412,188,9,b-budget,6,47100,1,75.09
s_1413,1766,70,b-budget,6,58001,1,64.06
s_1414,502,38,b-budget,6,27538,1,72.99
s_1415,1192,42,b-budget,6,39872,1,67.33
s_1416,1213,39,b-budget,6,31862,1,61.13
s_1417,680,37,b-budget,6,47797,0,
s_1418,564,29,b-budget,6,19251,1,78.43
s_1419,1364,78,b-budget,6,20746,1,66.40
s_1420,738,58,b-budget,6,28691,1,64.51
s_1421,1963,126,b-budget,6,23859,1,57.07
s_1422,1317,85,b-budget,6,33945,0,
s_1423,672,32,b-budget,6,20358,1,49.45
s_1424,394,29,b-budget,6,33544,1,45.56
s_1425,167,10,b-budget,6,34279,1,75.72
s_1426,1124,43,b-budget,6,31392,0,
s_1427,1170,39,b-budget,6,35490,1,72.02
s_1428,388,17,b-budget,6,23549,1,64.80
s_1429,231,19,b-budget,6,43726,1,53.83
s_1430,3395,146,b-budget,6,33787,1,66.29
s_1431,926,49,b-budget,6,30469,1,52.39
s_1432,1279,53,b-budget,6,30837,1,62.75
s_1433,423,41,b-budget,6,20985,1,65.80
s_1434,482,38,b-budget,6,19831,1,66.24
s_1435,1028,78,b-budget,6,28179,1,61.43
s_1436,3201,151,b-budget,6,42516,1,58.40
s_1437,295,20,b-budget,6,39272,1,63.32
s_1438,912,44,b-budget,6,31813,0,
s_1439,146,16,b-budget,6,31473,1,81.10
s_1440,687,38,b-budget,6,30827,0,
s_1441,396,26,b-budget,6,28239,0,
s_1442,847,39,b-budget,6,33854,1,71.97
s_1443,371,14,b-budget,6,29288,1,63.23
s_1444,411,26,b-budget,6,42101,1,75.11
s_1445,1015,57,b-budget,6,23220,1,56.54
s_1446,175,11,b-budget,6,45108,1,94.94
s_1447,597,42,b-budget,6,30641,1,64.64
s_1448,377,31,b-budget,6,27211,1,55.36
s_1449,2663,83,b-budget,6,28556,0,
s_1450,3852,200,b-budget,6,40730,0,
s_1451,1139,54,b-budget,6,22907,1,67.31
s_1452,899,56,b-budget,6,47042,1,85.28
s_1453,754,43,b-budget,6,41608,1,54.93
s_1454,1944,91,b-budget,6,53939,1,65.30
s_1455,573,24,b-budget,6,39902,1,48.67
s_1456,2556,79,b-budget,6,37945,0,
s_1457,360,18,b-budget,6,42227,1,46.12
s_1458,166,11,b-budget,6,46806,1,78.64
s_1459,420,21,b-budget,6,38192,1,54.07
s_1460,151,8,b-budget,6,24146,1,58.21
s_1461,545,22,b-budget,6,44807,1,61.87
s_1462,131,8,b-budget,6,23460,1,75.96
s_1463,874,43,b-budget,6,35860,0,
s_1464,1111,42,b-budget,6,24250,0,
s_1465,691,57,b-budget,6,43119,1,63.90
s_1466,657,26,b-budget,6,25443,1,56.64
s_1467,905,59,b-budget,6,34312,0,
s_1468,1932,83,b-budget,6,49814,1,51.20
s_1469,525,27,b-budget,6,55460,0,
s_1470,339,19,b-budget,6,55236,1,43.46
s_1471,1255,65,b-budget,6,53585,1,67.37
s_1472,3111,107,b-budget,6,38210,0,
s_1473,1183,76,b-budget,6,35384,1,53.41
s_1474,717,28,b-budget,6,54456,1,44.55
s_1475,4506,118,b-budget,6,35182,0,
s_1476,613,37,b-budget,6,41674,1,58.29
s_1477,433,20,b-budget,6,41036,1,68.36
s_1478,2843,148,b-budget,6,44153,0,
s_1479,1208,63,b-budget,6,31119,0,
s_1480,318,13,b-budget,6,39637,1,73.89
s_1481,80,10,b-budget,6,26171,1,55.93
s_1482,1887,111,b-budget,6,39896,1,72.55
s_1483,967,66,b-budget,6,24395,1,80.29
s_1484,337,22,b-budget,6,31696,1,75.01
s_1485,2375,108,b-budget,6,31442,0,
s_1486,964,69,b-budget,6,58643,0,
s_1487,904,36,b-budget,6,27042,0,
s_1488,955,44,b-budget,6,45254,1,44.82
s_1489,275,18,b-budget,6,52766,1,58.39
s_1490,257,13,b-budget,6,19220,1,43.38
s_1491,248,15,b-budget,6,30628,1,62.37
s_1492,2758,153,b-budget,6,23238,1,60.40
s_1493,552,20,b-budget,6,38665,1,66.92
s_1494,2271,84,b-budget,6,35609,0,
s_1495,1595,30,b-budget,6,30810,1,69.16
s_1496,590,59,b-budget,6,42747,0,
s_1497,1289,49,b-budget,6,29770,0,
s_1498,504,23,b-budget,6,30257,0,
s_1499,650,18,b-budget,6,31805,1,40.86
s_1500,1488,101,b-budget,6,34133,0,
s_1501,788,25,b-budget,6,26558,0,
s_1502,487,42,b-budget,6,24110,0,
s_1503,2131,140,b-budget,6,42619,1,71.30
s_1504,531,16,b-budget,6,33700,1,61.19
s_1505,629,31,b-budget,6,24999,1,49.53
s_1506,860,36,b-budget,6,23906,1,83.64
s_1507,472,28,b-budget,6,34496,1,58.76
s_1508,733,50,b-budget,6,42687,1,67.83
s_1509,282,8,b-budget,6,24516,0,
s_1510,287,11,b-budget,6,27945,1,76.48
s_1511,2487,77,b-budget,6,28998,1,56.04
s_1512,1020,40,b-budget,6,25306,1,65.05
s_1513,809,41,b-budget,6,31511,1,48.42
s_1514,257,18,b-budget,6,44767,1,58.34
s_1515,577,33,b-budget,6,37404,1,58.31
s_1516,759,61,b-budget,6,48998,1,64.40
s_1517,803,35,b-budget,6,29735,1,64.71
s_1518,554,31,b-budget,6,44860,1,61.95
s_1519,1704,111,b-budget,6,23781,1,47.44
s_1520,151,13,b-budget,6,27167,1,61.88
s_1521,1357,91,b-budget,6,40855,1,62.37
s_1522,148,11,b-budget,6,27472,1,59.74
s_1523,552,27,b-budget,6,37388,1,85.39
s_1524,825,38,b-budget,6,36955,1,70.49
s_1525,1525,53,b-budget,6,38667,1,64.08
s_1526,790,54,b-budget,6,42514,1,80.98
s_1527,709,38,b-budget,6,42326,1,67.49
s_1528,544,38,b-budget,6,41692,1,70.13
s_1529,367,25,b-budget,6,53407,1,75.86
s_1530,614,27,b-budget,6,54930,0,
s_1531,2583,204,b-budget,6,31649,0,
s_1532,464,20,b-budget,6,31034,1,77.15
s_1533,300,21,b-budget,6,33791,1,58.87
s_1534,5635,321,b-budget,6,36426,0,
s_1535,952,35,b-budget,6,22201,0,
s_1536,481,27,b-budget,6,46353,1,69.65
s_1537,205,17,b-budget,6,35026,1,66.70
s_1538,1823,94,b-budget,6,40100,1,24.02
s_1539,641,32,b-budget,6,66103,1,50.28
s_1540,993,58,b-budget,6,57210,1,75.72
s_1541,2260,114,b-budget,6,34193,1,74.03
s_1542,271,15,b-budget,6,26775,1,67.12
s_1543,1936,94,b-budget,6,24555,1,56.66
s_1544,506,26,b-budget,6,46046,1,82.05
s_1545,1203,47,b-budget,6,29787,0,
s_1546,749,25,b-budget,6,44085,1,72.05
s_1547,935,50,b-budget,6,48472,1,39.50
s_1548,821,36,b-budget,6,26591,1,75.26
s_1549,455,18,b-budget,6,40766,1,57.57
s_1550,2397,58,b-budget,6,38627,0,
s_1551,138,7,b-budget,6,38043,1,80.35
s_1552,93,7,b-budget,6,47531,1,70.41
s_1553,1004,73,b-budget,6,20200,1,53.00
s_1554,2798,108,b-budget,6,59990,1,74.64
s_1555,861,29,b-budget,6,25397,1,55.92
s_1556,1007,59,b-budget,6,19889,1,94.87
s_1557,846,48,b-budget,6,35018,1,43.39
s_1558,732,46,b-budget,6,33319,1,65.63
s_1559,1189,49,b-budget,6,40910,1,61.21
s_1560,555,38,b-budget,6,9804,1,73.31
s_1561,1650,75,b-budget,6,35680,1,48.37
s_1562,574,21,b-budget,6,30840,1,58.90
s_1563,865,26,b-budget,6,18724,0,
s_1564,695,39,b-budget,6,24538,1,56.03
s_1565,1358,50,b-budget,6,30255,1,56.71
s_1566,1890,73,b-budget,6,27033,1,66.51
s_1567,346,18,b-budget,6,26287,1,56.66
s_1568,190,15,b-budget,6,32934,1,83.85
s_1569,606,29,b-budget,6,32803,0,
s_1570,658,31,b-budget,6,37177,0,
s_1571,97,9,b-budget,6,38503,1,69.61
s_1572,552,45,b-budget,6,25333,1,58.23
s_1573,202,21,b-budget,6,45792,1,63.99
s_1574,852,32,b-budget,6,40695,1,69.70
s_1575,858,56,b-budget,6,60689,1,44.42
s_1576,591,36,b-budget,6,35075,1,55.75
s_1577,692,32,b-budget,6,24864,0,
s_1578,840,44,b-budget,6,35814,1,79.93
s_1579,974,57,b-budget,6,44995,1,65.98
s_1580,1385,84,b-budget,6,29162,1,55.09
s_1581,1253,73,b-budget,6,17018,1,57.49
s_1582,722,44,b-budget,6,48970,1,58.58
s_1583,1759,131,b-budget,6,29391,0,
s_1584,586,49,b-budget,6,37597,1,75.25
s_1585,228,17,b-budget,6,28916,1,56.20
s_1586,1032,40,b-budget,6,38453,0,
s_1587,486,19,b-budget,6,47915,1,70.48
s_1588,303,17,b-budget,6,37847,1,60.73
s_1589,1933,50,b-budget,6,16089,1,47.46
s_1590,164,12,b-budget,6,23029,0,
s_1591,57,7,b-budget,6,49865,1,73.65
s_1592,4287,253,b-budget,6,28633,1,47.66
s_1593,877,56,b-budget,6,21695,1,57.23
s_1594,478,49,b-budget,6,21937,0,
s_1595,1002,44,b-budget,6,26746,0,
s_1596,666,36,b-budget,6,56702,1,55.73
s_1597,2256,141,b-budget,6,23364,1,49.98
s_1598,569,50,b-budget,6,33239,1,38.37
s_1599,488,25,b-budget,6,32490,1,70.81
s_1600,1057,56,b-budget,6,45017,1,68.76
s_1601,1337,62,b-budget,6,24288,0,
s_1602,748,28,b-budget,6,28534,0,
s_1603,316,14,b-budget,6,24074,1,72.65
s_1604,184,26,b-budget,6,35976,1,44.67
s_1605,808,42,b-budget,6,42470,1,51.59
s_1606,521,59,b-budget,6,40295,1,42.39
s_1607,327,25,b-budget,6,25718,1,53.05
s_1608,408,20,b-budget,6,34422,1,79.98
s_1609,805,37,b-budget,6,27049,1,71.51
s_1610,789,50,b-budget,6,33404,1,48.66
s_1611,1212,52,b-budget,6,41596,1,75.11
s_1612,276,10,b-budget,6,38649,1,80.05
s_1613,3385,86,b-budget,6,53569,1,65.45
s_1614,1237,56,b-budget,6,25699,0,
s_1615,1313,132,b-budget,6,34476,1,55.18
s_1616,489,29,b-budget,6,29860,1,69.34
s_1617,828,62,b-budget,6,60986,0,
s_1618,108,7,b-budget,6,17211,1,83.84
s_1619,1322,62,b-budget,6,31342,0,
s_1620,976,61,b-budget,6,21313,1,43.09
s_1621,1371,72,b-budget,6,49304,1,35.67
s_1622,9918,362,b-budget,6,33684,0,
s_1623,1159,99,b-budget,6,27768,1,60.81
s_1624,3231,219,b-budget,6,23201,0,
s_1625,862,41,b-budget,6,40785,1,53.68
s_1626,189,15,b-budget,6,36807,1,63.42
s_1627,414,13,b-budget,6,51199,1,63.44
s_1628,1196,103,b-budget,6,40321,1,42.13
s_1629,672,42,b-budget,6,30480,1,49.97
s_1630,392,24,b-budget,6,22075,0,
s_1631,223,17,b-budget,6,29826,1,65.51
s_1632,325,15,b-budget,6,28910,1,66.98
s_1633,608,30,b-budget,6,24269,1,73.07
s_1634,689,53,b-budget,6,50333,1,51.92
s_1635,3504,163,b-budget,6,27363,1,50.10
s_1636,104,8,b-budget,6,29422,1,76.95
s_1637,389,13,b-budget,6,44225,1,75.38
s_1638,690,25,b-budget,6,21021,1,57.34
s_1639,1379,71,b-budget,6,25367,0,
s_1640,713,31,b-budget,6,28922,0,
s_1641,554,18,b-budget,6,49097,1,85.77
s_1642,1048,61,b-budget,6,37683,1,46.47
s_1643,727,35,b-budget,6,54567,1,62.22
s_1644,1763,104,b-budget,6,49871,0,
s_1645,2937,123,b-budget,6,27152,1,40.19
s_1646,2838,155,b-budget,6,32663,0,
s_1647,1844,116,b-budget,6,50566,0,
s_1648,215,8,b-budget,6,20580,1,83.96
s_1649,1029,50,b-budget,6,23481,1,51.00
s_1650,789,32,b-budget,6,45750,1,65.44
s_1651,3991,181,b-budget,6,35734,0,
s_1652,1105,44,b-budget,6,31625,1,55.47
s_1653,330,29,b-budget,6,52270,1,67.97
s_1654,1689,88,b-budget,6,28151,0,
s_1655,454,20,b-budget,6,46857,0,
s_1656,242,25,b-budget,6,51382,0,
s_1657,289,22,b-budget,6,41576,1,48.89
s_1658,1589,129,b-budget,6,57005,1,62.02
s_1659,320,11,b-budget,6,30236,1,72.71
s_1660,817,30,b-budget,6,89503,1,58.01
s_1661,1664,42,b-budget,6,28227,0,
s_1662,243,12,b-budget,6,52721,0,
s_1663,497,27,b-budget,6,41638,1,57.06
s_1664,1623,75,b-budget,6,29590,1,75.93
s_1665,296,18,b-budget,6,43992,1,59.56
s_1666,447,27,b-budget,6,45486,1,63.06
s_1667,77,4,b-budget,6,42181,1,56.45
s_1668,406,13,b-budget,6,21029,1,62.10
s_1669,659,49,b-budget,6,33051,1,27.43
s_1670,461,16,b-budget,6,44094,0,
s_1671,678,36,b-budget,6,32248,1,68.81
s_1672,1467,47,b-budget,6,35025,1,55.02
s_1673,113,8,b-budget,6,56491,1,66.77
s_1674,541,49,b-budget,6,31049,1,66.94
s_1675,706,41,b-budget,6,37446,1,49.94
s_1676,2132,99,b-budget,6,30213,0,
s_1677,461,35,b-budget,6,69941,1,66.84
s_1678,1097,47,b-budget,6,37508,1,77.79
s_1679,501,35,b-budget,6,32974,1,63.77
s_1680,238,9,b-budget,6,33407,0,
s_1681,1775,85,b-budget,6,38548,1,48.79
s_1682,503,24,b-budget,6,23213,0,
s_1683,199,20,b-budget,6,35057,1,64.78
s_1684,84,6,b-budget,6,24664,1,72.49
s_1685,5446,175,b-budget,6,41291,0,
s_1686,847,49,b-budget,6,41119,1,64.88
s_1687,293,14,b-budget,6,42711,1,49.65
s_1688,1119,57,b-budget,6,26529,1,55.41
s_1689,1243,73,b-budget,6,29626,1,39.40
s_1690,11670,389,b-budget,6,46359,0,
s_1691,350,20,b-budget,6,61965,1,72.08
s_1692,187,16,b-budget,6,50148,1,67.07
s_1693,553,48,b-budget,6,34284,0,
s_1694,1665,65,b-budget,6,30108,1,57.91
s_1695,1268,77,b-budget,6,43825,0,
s_1696,917,44,b-budget,6,28377,1,55.04
s_1697,1710,73,b-budget,6,14614,1,60.25
s_1698,390,24,b-budget,6,33411,1,77.00
s_1699,267,19,b-budget,6,27488,1,51.09
s_1700,597,24,b-budget,6,47591,1,60.07
s_1701,463,30,b-budget,6,64411,1,61.54
s_1702,795,46,b-budget,6,39727,1,71.28
s_1703,789,49,b-budget,6,53378,1,46.45
s_1704,429,18,b-budget,6,42562,1,83.34
s_1705,941,71,b-budget,6,32842,1,54.36
s_1706,1643,56,b-budget,6,30207,0,
s_1707,82,6,b-budget,6,35594,1,78.42
s_1708,889,59,b-budget,6,21958,1,56.38
s_1709,47,4,b-budget,6,29021,1,91.71
s_1710,1772,70,b-budget,6,19925,0,
s_1711,2152,113,b-budget,6,36095,1,67.80
s_1712,1066,73,b-budget,6,34095,1,62.77
s_1713,1387,63,b-budget,6,36829,0,
s_1714,737,63,b-budget,6,28981,1,53.23
s_1715,680,51,b-budget,6,21491,1,57.75
s_1716,4354,113,b-budget,6,26276,0,
s_1717,318,34,b-budget,6,21479,1,74.21
s_1718,898,52,b-budget,6,39352,1,62.86
s_1719,367,17,b-budget,6,46706,1,74.90
s_1720,284,14,b-budget,6,24630,1,38.22
s_1721,380,13,b-budget,6,27250,1,63.84
s_1722,243,17,b-budget,6,35244,1,80.10
s_1723,549,41,b-budget,6,40050,1,76.69
s_1724,1987,107,b-budget,6,33500,1,59.33
s_1725,1503,83,b-budget,6,25962,1,33.46
s_1726,2343,125,b-budget,6,69752,0,
s_1727,443,16,b-budget,6,32957,1,83.67
s_1728,456,14,b-budget,6,42542,1,58.02
s_1729,1273,37,b-budget,6,25301,1,65.20
s_1730,977,42,b-budget,6,41140,1,81.72
s_1731,8444,367,b-budget,6,20085,0,
s_1732,565,29,b-budget,6,26508,1,59.77
s_1733,253,21,b-budget,6,28062,1,57.77
s_1734,276,15,b-budget,6,42172,1,90.73
s_1735,676,48,b-budget,6,23760,0,
s_1736,793,42,b-budget,6,56702,1,54.68
s_1737,1376,70,b-budget,6,25229,1,66.31
s_1738,621,19,b-budget,6,35387,1,78.48
s_1739,593,23,b-budget,6,50486,1,54.46
s_1740,1054,41,b-budget,6,17424,1,72.49
s_1741,359,18,b-budget,6,40659,1,81.91
s_1742,385,25,b-budget,6,32969,1,90.48
s_1743,359,19,b-budget,6,31573,1,71.45
s_1744,2804,69,b-budget,6,30983,1,56.61
s_1745,684,19,b-budget,6,29962,1,72.15
s_1746,757,61,b-budget,6,35265,1,74.56
s_1747,317,30,b-budget,6,13974,1,55.48
s_1748,999,44,b-budget,6,36076,0,
s_1749,2216,72,b-budget,6,43524,1,53.10
s_1750,1058,61,b-budget,6,32336,1,60.71
s_1751,129,13,b-budget,6,27463,1,63.31
s_1752,399,18,b-budget,6,30410,1,46.53
s_1753,1635,96,b-budget,6,29737,1,50.19
s_1754,258,14,b-budget,6,20800,1,73.35
s_1755,1762,120,b-budget,6,64518,0,
s_1756,277,17,b-budget,6,38673,0,
s_1757,482,20,b-budget,6,26403,1,66.45
s_1758,2227,185,b-budget,6,64223,1,45.73
s_1759,2390,102,b-budget,6,30844,1,61.97
s_1760,255,20,b-budget,6,34981,1,74.48
s_1761,794,53,b-budget,6,50825,0,
s_1762,91,7,b-budget,6,47147,1,76.45
s_1763,93,5,b-budget,6,36182,1,85.26
s_1764,185,20,b-budget,6,35424,1,77.13
s_1765,139,5,b-budget,6,21797,0,
s_1766,1468,62,b-budget,6,34205,0,
s_1767,1499,98,b-budget,6,41865,1,51.77
s_1768,1766,107,b-budget,6,26114,1,51.76
s_1769,1160,67,b-budget,6,51594,1,61.27
s_1770,1436,73,b-budget,6,37439,1,67.22
s_1771,279,16,b-budget,6,38310,1,47.53
s_1772,1525,104,b-budget,6,15562,0,
s_1773,1035,92,b-budget,6,34407,1,58.33
s_1774,449,30,b-budget,6,48938,1,47.53
s_1775,1081,84,b-budget,6,32006,1,53.52
s_1776,728,18,b-budget,6,43692,1,77.96
s_1777,1020,43,b-budget,6,27710,1,60.36
s_1778,3513,158,b-budget,6,50705,0,
s_1779,670,30,b-budget,6,43702,1,55.41
s_1780,679,44,b-budget,6,17815,1,57.33
s_1781,1015,75,b-budget,6,38039,0,
s_1782,241,14,b-budget,6,48784,1,63.60
s_1783,457,18,b-budget,6,49295,1,74.28
s_1784,1922,94,b-budget,6,60483,1,59.41
s_1785,110,17,b-budget,6,31058,1,73.96
s_1786,1774,90,b-budget,6,27814,0,
s_1787,654,38,b-budget,6,29347,1,63.72
s_1788,486,41,b-budget,6,28444,1,71.22
s_1789,919,41,b-budget,6,39767,0,
s_1790,623,47,b-budget,6,37021,1,71.22
s_1791,1205,39,b-budget,6,26067,1,61.08
s_1792,2164,75,b-budget,6,41443,1,58.05
s_1793,2824,70,b-budget,6,24511,1,75.63
s_1794,661,46,b-budget,6,54411,1,51.85
s_1795,454,26,b-budget,6,49051,1,67.95
s_1796,578,20,b-budget,6,35323,1,81.05
s_1797,851,25,b-budget,6,32302,1,63.84
s_1798,170,11,b-budget,6,33287,1,80.17
s_1799,3481,203,b-budget,6,50084,0,
s_1800,655,32,b-budget,6,60480,1,64.55
s_1801,2170,83,b-budget,6,32937,0,
s_1802,931,39,b-budget,6,24624,1,68.22
s_1803,1903,73,b-budget,6,23202,1,50.13
s_1804,79,6,b-budget,6,24528,1,75.79
s_1805,1384,51,b-budget,6,31784,1,70.58
s_1806,133,7,b-budget,6,71204,1,70.53
s_1807,565,32,b-budget,6,27970,1,54.87
s_1808,1071,51,b-budget,6,36254,1,83.55
s_1809,622,35,b-budget,6,61282,1,60.81
s_1810,1388,73,b-budget,6,49478,1,79.33
s_1811,554,36,b-budget,6,40607,1,65.97
s_1812,1500,82,b-budget,6,45071,0,
s_1813,353,31,b-budget,6,33313,1,60.15
s_1814,5428,217,b-budget,6,47870,0,
s_1815,852,50,b-budget,6,22683,1,61.59
s_1816,1775,60,b-budget,6,49495,0,
s_1817,1011,37,b-budget,6,21939,1,55.69
s_1818,576,48,b-budget,6,22539,1,53.23
s_1819,1642,62,b-budget,6,33788,1,45.52
s_1820,280,16,b-budget,6,26870,1,80.62
s_1821,2314,95,b-budget,6,34591,1,39.98
s_1822,2372,121,b-budget,6,30242,0,
s_1823,696,37,b-budget,6,42412,0,
s_1824,1432,101,b-budget,6,33582,1,40.38
s_1825,544,34,b-budget,6,19341,1,65.91
s_1826,1488,69,b-budget,6,34068,1,59.43
s_1827,443,25,b-budget,6,21453,1,63.92
s_1828,283,17,b-budget,6,23406,1,81.35
s_1829,91,8,b-budget,6,25363,1,51.21
s_1830,7167,256,b-budget,6,23291,0,
s_1831,284,12,b-budget,6,24271,1,66.18
s_1832,878,71,b-budget,6,44369,1,74.08
s_1833,750,24,b-budget,6,42802,1,65.61
s_1834,106,6,b-budget,6,37600,1,66.57
s_1835,130,6,b-budget,6,33434,1,47.85
s_1836,1071,53,b-budget,6,30128,1,51.58
s_1837,867,23,b-budget,6,26114,1,60.67
s_1838,387,16,b-budget,6,16366,0,
s_1839,175,13,b-budget,6,41118,1,59.40
s_1840,2693,126,b-budget,6,33669,0,
s_1841,6413,261,b-budget,6,44930,0,
s_1842,1214,63,b-budget,6,56100,1,47.71
s_1843,417,22,b-budget,6,21612,1,58.16
s_1844,1311,57,b-budget,6,25937,1,57.09
s_1845,1473,59,b-budget,6,19291,1,64.74
s_1846,3664,104,b-budget,6,36632,1,55.72
s_1847,1993,142,b-budget,6,36398,0,
s_1848,291,8,b-budget,6,28056,1,44.99
s_1849,687,36,b-budget,6,30476,0,
s_1850,616,60,b-budget,6,29919,1,45.28
s_1851,337,17,b-budget,6,28814,1,64.71
s_1852,3137,153,b-budget,6,18026,1,58.59
s_1853,1013,40,b-budget,6,18994,0,
s_1854,574,30,b-budget,6,74048,1,74.87
s_1855,1499,73,b-budget,6,33291,0,
s_1856,1178,37,b-budget,6,34453,1,72.68
s_1857,1476,108,b-budget,6,32714,1,66.41
s_1858,419,39,b-budget,6,44429,1,57.38
s_1859,966,77,b-budget,6,22557,1,67.00
s_1860,962,58,b-budget,6,26766,1,51.91
s_1861,1230,51,b-budget,6,28851,0,
s_1862,1066,47,b-budget,6,36767,1,69.45
s_1863,127,7,b-budget,6,46039,1,58.05
s_1864,4513,150,b-budget,6,14720,0,
s_1865,924,53,b-budget,6,31680,1,64.56
s_1866,2082,87,b-budget,6,20942,1,68.04
s_1867,761,29,b-budget,6,21045,1,43.32
s_1868,1521,66,b-budget,6,20908,1,69.26
s_1869,1000,46,b-budget,6,36944,1,57.55
s_1870,556,19,b-budget,6,27690,1,47.68
s_1871,455,19,b-budget,6,38319,1,68.69
s_1872,1566,79,b-budget,6,47016,1,62.43
s_1873,1328,63,b-budget,6,18337,1,53.14
s_1874,365,16,b-budget,6,22855,1,63.26
s_1875,689,35,b-budget,6,36653,1,46.88
s_1876,321,17,b-budget,6,35120,1,62.53
s_1877,2661,74,b-budget,6,48331,1,62.98
s_1878,598,46,b-budget,6,50718,1,62.25
s_1879,2625,107,b-budget,6,48315,1,52.06
s_1880,514,45,b-budget,6,14635,1,77.38
s_1881,438,24,b-budget,6,25927,1,72.75
s_1882,2131,64,b-budget,6,37161,0,
s_1883,4191,168,b-budget,6,23435,0,
s_1884,832,45,b-budget,6,40763,1,94.74
s_1885,433,20,b-budget,6,25780,1,66.40
s_1886,538,32,b-budget,6,24749,1,57.74
s_1887,5126,211,b-budget,6,33802,0,
s_1888,1158,26,b-budget,6,39496,1,53.26
s_1889,118,7,b-budget,6,26063,1,88.32
s_1890,1090,34,b-budget,6,37534,0,
s_1891,3648,121,b-budget,6,24268,0,
s_1892,244,11,b-budget,6,23841,1,51.52
s_1893,691,43,b-budget,6,48298,1,62.32
s_1894,226,17,b-budget,6,40947,1,62.60
s_1895,1380,48,b-budget,6,25868,1,50.52
s_1896,798,44,b-budget,6,21113,1,63.92
s_1897,463,22,b-budget,6,41622,0,
s_1898,1365,109,b-budget,6,32686,1,63.45
s_1899,870,58,b-budget,6,18339,1,74.60
s_1900,1245,53,b-budget,6,33800,1,58.28
s_1901,538,13,b-budget,6,29866,0,
s_1902,746,52,b-budget,6,28381,1,70.78
s_1903,3013,106,b-budget,6,40361,0,
s_1904,2445,66,b-budget,6,45314,1,56.52
s_1905,200,8,b-budget,6,52383,1,74.66
s_1906,955,51,b-budget,6,26251,1,38.68
s_1907,465,28,b-budget,6,42718,1,72.44
s_1908,311,19,b-budget,6,37959,1,61.28
s_1909,286,18,b-budget,6,39601,1,55.13
s_1910,1073,62,b-budget,6,51316,0,
s_1911,736,31,b-budget,6,27077,1,54.49
s_1912,191,11,b-budget,6,29788,1,57.59
s_1913,255,20,b-budget,6,18997,1,87.76
s_1914,1148,69,b-budget,6,51480,0,
s_1915,933,54,b-budget,6,70068,1,57.66
s_1916,748,40,b-budget,6,27880,1,75.41
s_1917,727,30,b-budget,6,31047,1,51.25
s_1918,205,15,b-budget,6,33612,1,64.73
s_1919,749,49,b-budget,6,29676,1,51.35
s_1920,809,61,b-budget,6,32859,1,86.85
s_1921,1038,59,b-budget,6,29415,1,70.48
s_1922,828,36,b-budget,6,34653,1,54.26
s_1923,507,26,b-budget,6,35527,1,51.93
s_1924,4852,318,b-budget,6,49676,0,
s_1925,1309,73,b-budget,6,29858,1,41.42
s_1926,2916,145,b-budget,6,33243,1,41.40
s_1927,415,35,b-budget,6,57192,0,
s_1928,210,11,b-budget,6,42037,1,61.82
s_1929,1307,105,b-budget,6,35933,1,62.76
s_1930,551,25,b-budget,6,47978,1,50.73
s_1931,134,7,b-budget,6,30501,1,78.61
s_1932,644,46,b-budget,6,44362,1,60.10
s_1933,485,20,b-budget,6,23024,1,68.83
s_1934,382,27,b-budget,6,25428,0,
s_1935,2545,150,b-budget,6,29421,1,60.67
s_1936,329,20,b-budget,6,35676,1,67.95
s_1937,1231,64,b-budget,6,32716,1,64.94
s_1938,574,33,b-budget,6,21366,0,
s_1939,2607,135,b-budget,6,20296,1,42.43
s_1940,2987,143,b-budget,6,33797,0,
s_1941,1991,77,b-budget,6,30987,0,
s_1942,2387,116,b-budget,6,38957,0,
s_1943,1679,88,b-budget,6,34408,1,52.71
s_1944,484,14,b-budget,6,36112,1,67.60
s_1945,501,54,b-budget,6,43360,1,80.69
s_1946,322,30,b-budget,6,27727,0,
s_1947,1615,74,b-budget,6,44134,1,56.51
s_1948,1442,125,b-budget,6,31081,1,47.53
s_1949,1640,97,b-budget,6,56101,1,67.55
s_1950,2121,119,b-budget,6,37402,1,44.44
s_1951,2322,100,b-budget,6,34784,0,
s_1952,907,62,b-budget,6,20813,1,61.85
s_1953,386,20,b-budget,6,50565,1,36.08
s_1954,1596,86,b-budget,6,20944,1,58.99
s_1955,4091,130,b-budget,6,35185,1,56.84
s_1956,1692,80,b-budget,6,41338,0,
s_1957,79,6,b-budget,6,51438,1,69.56
s_1958,1151,38,b-budget,6,39595,1,68.09
s_1959,395,28,b-budget,6,37892,1,79.40
s_1960,354,12,b-budget,6,23731,1,63.38
s_1961,266,23,b-budget,6,28476,1,49.74
s_1962,1078,56,b-budget,6,28093,1,63.62
s_1963,794,58,b-budget,6,36433,0,
s_1964,471,33,b-budget,6,25167,1,68.75
s_1965,254,24,b-budget,6,26496,1,75.44
s_1966,2958,143,b-budget,6,30787,0,
s_1967,134,8,b-budget,6,44461,1,77.68
s_1968,552,29,b-budget,6,24098,0,
s_1969,618,24,b-budget,6,43844,1,76.97
s_1970,105,11,b-budget,6,39993,1,63.49
s_1971,1449,52,b-budget,6,29013,1,59.48
s_1972,1771,77,b-budget,6,32311,0,
s_1973,355,13,b-budget,6,17730,1,66.61
s_1974,2381,85,b-budget,6,45959,1,70.77
s_1975,2126,94,b-budget,6,36898,1,57.97
s_1976,986,75,b-budget,6,29216,1,51.83
s_1977,5536,274,b-budget,6,47004,0,
s_1978,501,35,b-budget,6,30243,1,78.63
s_1979,3268,213,b-budget,6,37344,1,66.87
s_1980,662,47,b-budget,6,65378,1,68.43
s_1981,1258,92,b-budget,6,15485,1,57.97
s_1982,1307,58,b-budget,6,40493,0,
s_1983,1460,77,b-budget,6,32787,1,49.65
s_1984,3122,111,b-budget,6,39422,1,52.32
s_1985,798,82,b-budget,6,52428,1,64.99
s_1986,800,25,b-budget,6,41441,1,63.30
s_1987,662,30,b-budget,6,46674,1,67.89
s_1988,1383,45,b-budget,6,40200,0,
s_1989,991,66,b-budget,6,49181,1,50.78
s_1990,901,41,b-budget,6,26936,1,70.75
s_1991,539,33,b-budget,6,27051,1,76.42
s_1992,83,4,b-budget,6,21805,1,67.12
s_1993,220,11,b-budget,6,47331,1,60.14
s_1994,329,16,b-budget,6,55699,0,
s_1995,586,46,b-budget,6,28621,1,68.49
s_1996,993,37,b-budget,6,47675,1,56.69
s_1997,168,9,b-budget,6,34220,1,73.87
s_1998,108,9,b-budget,6,32728,1,69.74
s_1999,235,18,b-budget,6,27089,1,72.97
s_0000,493,23,dynamic,6,28125,1,81.22
s_0001,1078,40,dynamic,6,70302,1,89.79
s_0002,1983,77,dynamic,6,32706,1,80.96
s_0003,825,49,dynamic,6,30474,1,100.00
s_0004,1511,88,dynamic,6,59432,1,100.00
s_0005,367,24,dynamic,6,41793,1,89.97
s_0006,687,45,dynamic,6,35466,1,100.00
s_0007,580,27,dynamic,6,34503,1,88.15
s_0008,1121,48,dynamic,6,19778,1,86.50
s_0009,1419,76,dynamic,6,26885,1,95.32
s_0010,4867,146,dynamic,6,23132,1,92.44
s_0011,209,12,dynamic,6,19019,1,100.00
s_0012,631,39,dynamic,6,56614,1,98.92
s_0013,502,16,dynamic,6,55760,1,91.72
s_0014,992,84,dynamic,6,14914,1,81.47
s_0015,1234,80,dynamic,6,18357,1,95.71
s_0016,138,13,dynamic,6,32280,1,98.56
s_0017,2583,96,dynamic,6,30251,1,100.00
s_0018,335,13,dynamic,6,30293,1,98.86
s_0019,325,25,dynamic,6,25616,1,83.55
s_0020,1093,66,dynamic,6,36930,0,
s_0021,921,23,dynamic,6,49703,1,72.58
s_0022,1723,100,dynamic,6,42938,1,96.57
s_0023,215,8,dynamic,6,15344,1,86.52
s_0024,568,29,dynamic,6,47287,1,100.00
s_0025,392,20,dynamic,6,25637,1,100.00
s_0026,339,19,dynamic,6,25469,1,88.32
s_0027,2091,140,dynamic,6,41761,1,100.00
s_0028,2054,85,dynamic,6,48276,1,88.88
s_0029,2508,199,dynamic,6,26609,0,
s_0030,181,11,dynamic,6,44865,1,100.00
s_0031,688,40,dynamic,6,54773,1,100.00
s_0032,540,44,dynamic,6,27816,1,100.00
s_0033,309,13,dynamic,6,41344,1,100.00
s_0034,357,30,dynamic,6,30855,1,84.38
s_0035,153,12,dynamic,6,54985,1,100.00
s_0036,564,36,dynamic,6,25883,1,100.00
s_0037,706,25,dynamic,6,25585,1,100.00
s_0038,341,24,dynamic,6,28349,1,86.94
s_0039,1508,121,dynamic,6,26622,1,91.41
s_0040,557,22,dynamic,6,18390,1,100.00
s_0041,1655,68,dynamic,6,34074,1,100.00
s_0042,1105,56,dynamic,6,31009,1,70.67
s_0043,606,37,dynamic,6,35708,1,100.00
s_0044,2406,200,dynamic,6,30212,1,83.09
s_0045,1748,81,dynamic,6,40691,0,
s_0046,331,15,dynamic,6,35697,1,81.77
s_0047,1104,48,dynamic,6,35043,1,77.20
s_0048,2134,140,dynamic,6,37653,1,72.67
s_0049,617,30,dynamic,6,25037,1,88.30
s_0050,446,32,dynamic,6,27773,1,96.56
s_0051,862,28,dynamic,6,59542,1,100.00
s_0052,866,38,dynamic,6,27281,0,
s_0053,1046,59,dynamic,6,34466,0,
s_0054,3163,141,dynamic,6,18737,1,80.57
s_0055,2588,137,dynamic,6,30802,1,85.93
s_0056,169,12,dynamic,6,39641,0,
s_0057,451,21,dynamic,6,35872,1,100.00
s_0058,2330,82,dynamic,6,17510,1,79.51
s_0059,1024,52,dynamic,6,56343,1,98.79
s_0060,2951,146,dynamic,6,34344,1,83.14
s_0061,999,53,dynamic,6,27538,1,93.51
s_0062,269,13,dynamic,6,21288,1,94.92
s_0063,1035,53,dynamic,6,30969,1,90.73
s_0064,1717,80,dynamic,6,34902,1,90.16
s_0065,146,18,dynamic,6,28286,1,98.84
s_0066,847,16,dynamic,6,45060,1,100.00
s_0067,733,50,dynamic,6,54990,1,100.00
s_0068,1645,71,dynamic,6,66077,1,100.00
s_0069,150,9,dynamic,6,40023,1,91.27
s_0070,1415,131,dynamic,6,30833,1,76.67
s_0071,1830,117,dynamic,6,25693,1,78.09
s_0072,1155,53,dynamic,6,46849,1,69.19
s_0073,1406,44,dynamic,6,18507,1,100.00
s_0074,445,13,dynamic,6,44236,1,100.00
s_0075,5208,229,dynamic,6,17583,1,82.24
s_0076,1315,65,dynamic,6,33148,1,91.63
s_0077,937,66,dynamic,6,41250,1,100.00
s_0078,2167,118,dynamic,6,21165,1,100.00
s_0079,248,23,dynamic,6,31478,1,99.57
s_0080,2413,84,dynamic,6,32738,1,100.00
s_0081,361,19,dynamic,6,42062,1,100.00
s_0082,835,36,dynamic,6,23679,1,92.19
s_0083,2299,103,dynamic,6,23438,1,92.37
s_0084,732,35,dynamic,6,30533,1,72.99
s_0085,2798,107,dynamic,6,15566,1,100.00
s_0086,450,32,dynamic,6,28785,1,96.35
s_0087,1005,32,dynamic,6,53506,1,100.00
s_0088,1052,60,dynamic,6,67413,1,86.84
s_0089,1028,25,dynamic,6,33842,1,89.75
s_0090,1364,72,dynamic,6,40935,1,75.69
s_0091,2480,90,dynamic,6,53537,1,79.99
s_0092,846,33,dynamic,6,49076,1,100.00
s_0093,586,33,dynamic,6,42520,1,100.00
s_0094,1443,30,dynamic,6,25357,0,
s_0095,523,24,dynamic,6,41216,1,100.00
s_0096,1257,49,dynamic,6,31915,1,90.13
s_0097,2194,75,dynamic,6,28433,1,91.72
s_0098,731,45,dynamic,6,45695,1,98.73
s_0099,1650,68,dynamic,6,47446,1,76.69
s_0100,1416,61,dynamic,6,20982,1,70.88
s_0101,1319,52,dynamic,6,27882,1,99.06
s_0102,159,15,dynamic,6,24594,1,96.44
s_0103,116,6,dynamic,6,18983,1,83.50
s_0104,2601,103,dynamic,6,40315,1,92.70
s_0105,151,14,dynamic,6,20128,1,100.00
s_0106,668,39,dynamic,6,36904,1,100.00
s_0107,1036,45,dynamic,6,25687,1,96.45
s_0108,333,16,dynamic,6,25123,1,100.00
s_0109,1076,70,dynamic,6,46817,1,93.65
s_0110,241,12,dynamic,6,29694,1,100.00
s_0111,484,32,dynamic,6,26778,1,93.65
s_0112,1041,45,dynamic,6,34523,1,81.42
s_0113,2140,88,dynamic,6,39548,1,84.14
s_0114,781,25,dynamic,6,26805,1,99.93
s_0115,459,26,dynamic,6,27209,1,98.96
s_0116,1288,43,dynamic,6,28809,1,90.00
s_0117,2189,71,dynamic,6,22865,1,86.75
s_0118,1132,41,dynamic,6,18632,1,83.97
s_0119,415,28,dynamic,6,31019,1,84.43
s_0120,891,90,dynamic,6,28441,1,99.87
s_0121,287,27,dynamic,6,25558,0,
s_0122,1589,84,dynamic,6,25681,1,100.00
s_0123,2682,127,dynamic,6,19896,1,84.55
s_0124,378,43,dynamic,6,63218,1,89.82
s_0125,373,29,dynamic,6,16221,1,100.00
s_0126,975,58,dynamic,6,44657,0,
s_0127,1059,46,dynamic,6,28039,1,96.69
s_0128,793,43,dynamic,6,33467,1,83.40
s_0129,5271,258,dynamic,6,38508,1,100.00
s_0130,3076,115,dynamic,6,33486,1,93.44
s_0131,136,6,dynamic,6,26520,1,100.00
s_0132,165,8,dynamic,6,24694,1,81.57
s_0133,153,12,dynamic,6,24552,1,97.48
s_0134,1312,60,dynamic,6,35468,1,100.00
s_0135,7857,338,dynamic,6,40267,1,87.83
s_0136,1751,75,dynamic,6,40825,1,76.06
s_0137,1296,93,dynamic,6,15535,1,100.00
s_0138,992,78,dynamic,6,13863,1,89.51
s_0139,296,15,dynamic,6,35771,1,85.10
s_0140,1792,86,dynamic,6,38612,1,90.95
s_0141,1257,48,dynamic,6,16906,1,82.38
s_0142,251,14,dynamic,6,12094,1,73.10
s_0143,827,58,dynamic,6,37700,1,77.84
s_0144,354,14,dynamic,6,30475,1,100.00
s_0145,687,50,dynamic,6,35758,1,98.74
s_0146,386,25,dynamic,6,30113,1,92.85
s_0147,758,38,dynamic,6,20345,1,83.92
s_0148,616,36,dynamic,6,25231,1,65.65
s_0149,294,27,dynamic,6,23797,1,94.24
s_0150,825,49,dynamic,6,45189,1,93.56
s_0151,1246,70,dynamic,6,16448,1,100.00
s_0152,323,16,dynamic,6,35918,1,89.54
s_0153,413,25,dynamic,6,27721,1,100.00
s_0154,3670,212,dynamic,6,17899,1,78.65
s_0155,1330,67,dynamic,6,37954,1,91.30
s_0156,739,36,dynamic,6,53268,1,91.18
s_0157,1289,42,dynamic,6,15131,0,
s_0158,159,14,dynamic,6,72630,1,100.00
s_0159,1187,57,dynamic,6,35290,1,99.92
s_0160,767,45,dynamic,6,28573,1,91.30
s_0161,336,22,dynamic,6,31180,1,98.05
s_0162,351,24,dynamic,6,35618,1,100.00
s_0163,278,17,dynamic,6,42168,1,95.86
s_0164,1851,115,dynamic,6,22300,1,89.69
s_0165,202,14,dynamic,6,39469,1,87.26
s_0166,2658,135,dynamic,6,17650,1,100.00
s_0167,5385,136,dynamic,6,14772,1,96.07
s_0168,211,14,dynamic,6,36789,1,85.23
s_0169,696,54,dynamic,6,16047,1,100.00
s_0170,899,43,dynamic,6,34513,1,87.74
s_0171,78,4,dynamic,6,25160,1,100.00
s_0172,1021,37,dynamic,6,60591,1,96.36
s_0173,716,42,dynamic,6,33528,1,97.58
s_0174,547,26,dynamic,6,27386,1,100.00
s_0175,728,48,dynamic,6,42846,1,100.00
s_0176,2799,229,dynamic,6,33356,1,100.00
s_0177,308,15,dynamic,6,33659,1,100.00
s_0178,1096,58,dynamic,6,18380,1,90.02
s_0179,11978,277,dynamic,6,54759,0,
s_0180,662,63,dynamic,6,29555,1,96.05
s_0181,170,12,dynamic,6,22260,1,97.12
s_0182,2369,212,dynamic,6,51613,1,81.53
s_0183,1854,64,dynamic,6,46573,1,71.77
s_0184,222,17,dynamic,6,51931,1,100.00
s_0185,2544,107,dynamic,6,26496,0,
s_0186,260,29,dynamic,6,37448,1,99.92
s_0187,889,49,dynamic,6,24852,1,100.00
s_0188,322,18,dynamic,6,61914,1,91.63
s_0189,314,24,dynamic,6,62745,1,100.00
s_0190,363,23,dynamic,6,51655,1,100.00
s_0191,982,70,dynamic,6,34464,1,99.79
s_0192,4029,165,dynamic,6,31826,1,90.63
s_0193,599,20,dynamic,6,56830,1,96.38
s_0194,133,12,dynamic,6,46468,1,100.00
s_0195,366,28,dynamic,6,39704,0,
s_0196,144,7,dynamic,6,23459,1,100.00
s_0197,1246,46,dynamic,6,33722,1,83.33
s_0198,522,34,dynamic,6,29731,1,100.00
s_0199,410,19,dynamic,6,35607,1,100.00
s_0200,680,21,dynamic,6,35733,1,86.48
s_0201,3083,157,dynamic,6,31696,0,
s_0202,266,16,dynamic,6,27647,1,100.00
s_0203,1066,67,dynamic,6,16177,1,87.63
s_0204,418,15,dynamic,6,42487,1,100.00
s_0205,469,18,dynamic,6,27851,1,100.00
s_0206,471,30,dynamic,6,25372,1,96.38
s_0207,238,8,dynamic,6,31437,1,100.00
s_0208,293,13,dynamic,6,19225,1,84.87
s_0209,217,9,dynamic,6,22918,1,89.84
s_0210,779,39,dynamic,6,37818,1,86.70
s_0211,2983,139,dynamic,6,34375,1,83.08
s_0212,110,11,dynamic,6,24455,1,94.68
s_0213,375,24,dynamic,6,31059,1,95.61
s_0214,834,46,dynamic,6,72734,1,100.00
s_0215,552,36,dynamic,6,21095,1,85.85
s_0216,863,22,dynamic,6,17105,1,100.00
s_0217,147,14,dynamic,6,16115,1,100.00
s_0218,868,47,dynamic,6,47362,1,100.00
s_0219,916,38,dynamic,6,38125,0,
s_0220,4208,98,dynamic,6,21489,1,100.00
s_0221,609,26,dynamic,6,49986,1,93.87
s_0222,1375,41,dynamic,6,25074,1,93.49
s_0223,669,15,dynamic,6,42287,1,83.68
s_0224,1097,42,dynamic,6,23844,1,90.11
s_0225,705,48,dynamic,6,28969,1,89.67
s_0226,287,22,dynamic,6,43169,1,100.00
s_0227,1412,39,dynamic,6,13641,1,94.57
s_0228,463,16,dynamic,6,41896,1,100.00
s_0229,702,21,dynamic,6,24639,1,92.89
s_0230,806,43,dynamic,6,20581,1,77.60
s_0231,677,22,dynamic,6,25144,1,92.02
s_0232,1639,75,dynamic,6,31120,1,76.36
s_0233,140,13,dynamic,6,14982,1,96.61
s_0234,827,87,dynamic,6,46689,1,90.16
s_0235,741,41,dynamic,6,25343,1,96.69
s_0236,883,27,dynamic,6,41214,1,100.00
s_0237,794,32,dynamic,6,42732,1,100.00
s_0238,985,49,dynamic,6,30206,1,78.48
s_0239,1422,64,dynamic,6,48411,1,86.76
s_0240,76,6,dynamic,6,12496,1,100.00
s_0241,2425,175,dynamic,6,57310,1,90.09
s_0242,2255,114,dynamic,6,39628,1,89.15
s_0243,376,22,dynamic,6,29087,1,97.33
s_0244,1649,75,dynamic,6,29430,1,79.92
s_0245,1076,27,dynamic,6,31847,1,82.06
s_0246,275,12,dynamic,6,21570,1,88.24
s_0247,984,64,dynamic,6,46369,1,100.00
s_0248,1996,193,dynamic,6,39256,1,73.77
s_0249,2385,82,dynamic,6,32874,1,90.58
s_0250,327,18,dynamic,6,22235,1,99.93
s_0251,127,7,dynamic,6,54047,1,97.68
s_0252,1093,37,dynamic,6,22383,1,100.00
s_0253,4910,248,dynamic,6,32699,1,76.66
s_0254,959,35,dynamic,6,61896,1,100.00
s_0255,328,21,dynamic,6,31563,1,85.22
s_0256,1358,92,dynamic,6,36738,1,85.90
s_0257,577,20,dynamic,6,45448,1,97.38
s_0258,749,64,dynamic,6,20570,1,95.02
s_0259,1096,55,dynamic,6,42828,1,100.00
s_0260,1149,62,dynamic,6,49926,1,92.70
s_0261,664,31,dynamic,6,32964,1,81.37
s_0262,670,37,dynamic,6,16842,1,82.71
s_0263,589,41,dynamic,6,28016,1,92.48
s_0264,1396,118,dynamic,6,12764,1,99.41
s_0265,1577,109,dynamic,6,43502,1,100.00
s_0266,934,65,dynamic,6,22487,1,87.50
s_0267,11647,456,dynamic,6,31033,1,82.77
s_0268,406,22,dynamic,6,30648,1,98.09
s_0269,875,91,dynamic,6,29404,1,92.64
s_0270,2606,115,dynamic,6,27357,1,98.94
s_0271,670,44,dynamic,6,26630,1,100.00
s_0272,635,33,dynamic,6,16293,1,100.00
s_0273,6422,195,dynamic,6,17317,0,
s_0274,364,22,dynamic,6,29417,1,97.65
s_0275,780,36,dynamic,6,39892,1,85.71
s_0276,321,17,dynamic,6,33317,1,88.90
s_0277,913,51,dynamic,6,21957,1,91.14
s_0278,635,62,dynamic,6,35380,1,95.02
s_0279,1532,62,dynamic,6,16049,1,73.48
s_0280,913,43,dynamic,6,13632,1,100.00
s_0281,488,44,dynamic,6,22557,1,86.77
s_0282,1001,18,dynamic,6,19634,1,100.00
s_0283,2666,104,dynamic,6,44530,1,87.37
s_0284,401,22,dynamic,6,30997,1,83.81
s_0285,956,41,dynamic,6,22872,1,100.00
s_0286,294,18,dynamic,6,36300,1,96.79
s_0287,1585,69,dynamic,6,33584,1,85.33
s_0288,477,13,dynamic,6,43925,1,84.28
s_0289,433,30,dynamic,6,21397,1,99.46
s_0290,1350,101,dynamic,6,19746,1,93.15
s_0291,1666,46,dynamic,6,6309,1,77.16
s_0292,1265,58,dynamic,6,43346,1,93.45
s_0293,1047,51,dynamic,6,29395,1,84.74
s_0294,297,18,dynamic,6,20626,1,100.00
s_0295,539,25,dynamic,6,34562,1,89.13
s_0296,179,9,dynamic,6,36762,1,77.27
s_0297,3470,213,dynamic,6,32989,1,80.30
s_0298,586,36,dynamic,6,27144,1,100.00
s_0299,508,24,dynamic,6,40699,0,
s_0300,1067,55,dynamic,6,21340,1,100.00
s_0301,2924,143,dynamic,6,44771,1,97.57
s_0302,1798,70,dynamic,6,30524,0,
s_0303,252,15,dynamic,6,28374,1,92.49
s_0304,3578,216,dynamic,6,37348,0,
s_0305,1575,91,dynamic,6,24330,1,83.18
s_0306,287,21,dynamic,6,28299,1,96.31
s_0307,242,11,dynamic,6,29169,1,93.97
s_0308,1048,61,dynamic,6,25483,1,91.11
s_0309,852,31,dynamic,6,41985,1,86.65
s_0310,1188,82,dynamic,6,25615,1,84.12
s_0311,1616,65,dynamic,6,25823,1,89.31
s_0312,483,33,dynamic,6,30343,1,77.34
s_0313,481,22,dynamic,6,37009,1,77.95
s_0314,3484,113,dynamic,6,57420,1,82.41
s_0315,324,23,dynamic,6,16752,1,100.00
s_0316,2565,108,dynamic,6,17373,1,88.56
s_0317,7707,138,dynamic,6,31867,1,100.00
s_0318,614,24,dynamic,6,37583,1,100.00
s_0319,178,14,dynamic,6,35857,1,100.00
s_0320,290,17,dynamic,6,39924,1,90.43
s_0321,650,39,dynamic,6,35426,1,79.35
s_0322,460,30,dynamic,6,35038,1,100.00
s_0323,1179,48,dynamic,6,28498,1,100.00
s_0324,1855,61,dynamic,6,26448,1,96.08
s_0325,43,4,dynamic,6,23390,1,100.00
s_0326,311,17,dynamic,6,20976,1,100.00
s_0327,1236,49,dynamic,6,41316,1,80.52
s_0328,345,17,dynamic,6,18746,1,100.00
s_0329,1653,102,dynamic,6,43495,1,94.30
s_0330,2925,136,dynamic,6,16719,1,95.51
s_0331,394,34,dynamic,6,27357,1,86.88
s_0332,852,31,dynamic,6,32307,1,100.00
s_0333,572,28,dynamic,6,29756,1,88.73
s_0334,3852,219,dynamic,6,31682,1,91.32
s_0335,2267,90,dynamic,6,37924,0,
s_0336,960,69,dynamic,6,21923,1,100.00
s_0337,769,43,dynamic,6,19818,1,92.99
s_0338,262,20,dynamic,6,20102,1,96.15
s_0339,431,33,dynamic,6,54906,1,100.00
s_0340,470,29,dynamic,6,13767,1,90.86
s_0341,1350,80,dynamic,6,47879,1,100.00
s_0342,714,44,dynamic,6,37574,1,88.80
s_0343,998,97,dynamic,6,30897,1,72.35
s_0344,814,38,dynamic,6,31719,1,91.59
s_0345,3120,77,dynamic,6,25098,1,96.98
s_0346,1324,96,dynamic,6,29810,1,100.00
s_0347,399,25,dynamic,6,16984,1,94.52
s_0348,677,41,dynamic,6,27318,1,99.49
s_0349,312,20,dynamic,6,34050,1,96.26
s_0350,561,33,dynamic,6,29791,1,100.00
s_0351,420,36,dynamic,6,63310,1,88.30
s_0352,2622,140,dynamic,6,17138,1,78.90
s_0353,791,56,dynamic,6,37520,1,87.24
s_0354,1601,106,dynamic,6,19974,0,
s_0355,828,37,dynamic,6,31790,1,73.65
s_0356,311,15,dynamic,6,25148,1,99.65
s_0357,269,11,dynamic,6,21019,1,100.00
s_0358,1155,35,dynamic,6,12645,1,89.20
s_0359,156,8,dynamic,6,28589,1,93.84
s_0360,1076,42,dynamic,6,18484,1,100.00
s_0361,84,8,dynamic,6,26204,1,100.00
s_0362,1000,50,dynamic,6,35051,1,100.00
s_0363,923,38,dynamic,6,21151,1,91.79
s_0364,221,9,dynamic,6,23716,1,100.00
s_0365,292,21,dynamic,6,49245,1,98.65
s_0366,452,39,dynamic,6,65758,1,96.38
s_0367,908,60,dynamic,6,33344,1,65.65
s_0368,144,8,dynamic,6,26680,1,100.00
s_0369,144,7,dynamic,6,26214,1,84.84
s_0370,1696,60,dynamic,6,33395,1,92.23
s_0371,442,27,dynamic,6,34036,1,88.93
s_0372,746,46,dynamic,6,31376,1,88.68
s_0373,1583,101,dynamic,6,71355,1,94.64
s_0374,1391,74,dynamic,6,37816,1,89.50
s_0375,414,20,dynamic,6,40972,1,100.00
s_0376,1297,57,dynamic,6,27018,1,100.00
s_0377,732,25,dynamic,6,23791,0,
s_0378,294,18,dynamic,6,30077,1,94.36
s_0379,817,51,dynamic,6,25412,1,91.87
s_0380,400,19,dynamic,6,22238,1,100.00
s_0381,830,31,dynamic,6,37859,1,87.59
s_0382,908,51,dynamic,6,18560,1,97.94
s_0383,271,11,dynamic,6,47484,1,78.30
s_0384,1507,111,dynamic,6,19331,1,87.13
s_0385,409,23,dynamic,6,40256,1,100.00
s_0386,380,25,dynamic,6,28999,1,100.00
s_0387,3369,103,dynamic,6,33658,1,86.21
s_0388,434,31,dynamic,6,26510,1,97.43
s_0389,760,60,dynamic,6,37911,1,100.00
s_0390,3558,168,dynamic,6,27214,1,94.51
s_0391,595,21,dynamic,6,34287,1,99.57
s_0392,118,9,dynamic,6,26312,1,100.00
s_0393,4570,146,dynamic,6,45038,0,
s_0394,581,19,dynamic,6,21824,1,100.00
s_0395,423,29,dynamic,6,45509,1,100.00
s_0396,955,48,dynamic,6,29676,1,86.40
s_0397,597,24,dynamic,6,32227,1,85.56
s_0398,558,18,dynamic,6,28818,1,100.00
s_0399,1002,80,dynamic,6,41199,1,89.07
s_0400,175,15,dynamic,6,26934,1,99.89
s_0401,1246,79,dynamic,6,38604,1,81.08
s_0402,754,52,dynamic,6,45267,1,92.61
s_0403,1864,94,dynamic,6,49452,1,100.00
s_0404,502,27,dynamic,6,23352,0,
s_0405,470,29,dynamic,6,12745,1,100.00
s_0406,1454,41,dynamic,6,29700,1,88.99
s_0407,283,25,dynamic,6,28771,1,92.41
s_0408,590,38,dynamic,6,30027,1,100.00
s_0409,2793,121,dynamic,6,19878,1,78.71
s_0410,2282,163,dynamic,6,62850,1,100.00
s_0411,896,24,dynamic,6,19045,1,82.02
s_0412,785,59,dynamic,6,46152,1,99.19
s_0413,675,43,dynamic,6,36307,1,91.41
s_0414,295,19,dynamic,6,21359,1,100.00
s_0415,175,10,dynamic,6,12988,1,100.00
s_0416,998,65,dynamic,6,18306,1,100.00
s_0417,528,23,dynamic,6,36030,1,80.94
s_0418,351,16,dynamic,6,39124,1,80.48
s_0419,394,15,dynamic,6,34338,1,100.00
s_0420,779,22,dynamic,6,20526,1,100.00
s_0421,750,29,dynamic,6,45066,1,77.69
s_0422,56,5,dynamic,6,22013,1,88.00
s_0423,636,24,dynamic,6,31734,0,
s_0424,1848,92,dynamic,6,28132,1,92.89
s_0425,204,11,dynamic,6,31765,1,83.60
s_0426,1087,73,dynamic,6,45698,1,100.00
s_0427,2219,168,dynamic,6,20373,1,81.13
s_0428,1499,64,dynamic,6,23731,1,100.00
s_0429,346,27,dynamic,6,36423,1,100.00
s_0430,870,44,dynamic,6,26344,1,86.09
s_0431,887,62,dynamic,6,21879,0,
s_0432,829,52,dynamic,6,33370,1,95.93
s_0433,2310,88,dynamic,6,29237,1,100.00
s_0434,553,42,dynamic,6,52262,1,100.00
s_0435,7741,198,dynamic,6,12598,1,82.49
s_0436,1475,43,dynamic,6,26249,1,96.80
s_0437,440,15,dynamic,6,33259,1,100.00
s_0438,365,16,dynamic,6,21431,1,79.39
s_0439,1360,120,dynamic,6,20274,1,100.00
s_0440,580,34,dynamic,6,40730,0,
s_0441,4020,135,dynamic,6,31108,0,
s_0442,713,31,dynamic,6,30292,1,78.45
s_0443,1019,55,dynamic,6,26281,1,99.93
s_0444,214,17,dynamic,6,20202,1,100.00
s_0445,1335,70,dynamic,6,20447,1,88.60
s_0446,2303,119,dynamic,6,29387,1,81.14
s_0447,1566,65,dynamic,6,32323,1,86.49
s_0448,222,11,dynamic,6,18465,1,95.80
s_0449,1776,88,dynamic,6,30382,1,92.59
s_0450,680,22,dynamic,6,25755,1,69.44
s_0451,729,30,dynamic,6,33014,1,82.89
s_0452,3472,214,dynamic,6,25061,1,100.00
s_0453,620,20,dynamic,6,30835,1,92.92
s_0454,1834,91,dynamic,6,23695,1,98.99
s_0455,3731,95,dynamic,6,32789,1,99.38
s_0456,596,38,dynamic,6,26057,1,100.00
s_0457,379,20,dynamic,6,40249,1,100.00
s_0458,1352,50,dynamic,6,32081,1,93.17
s_0459,3152,166,dynamic,6,19416,1,100.00
s_0460,650,36,dynamic,6,18334,1,93.10
s_0461,1619,91,dynamic,6,36266,1,85.10
s_0462,156,9,dynamic,6,27277,1,100.00
s_0463,453,23,dynamic,6,35421,1,88.76
s_0464,757,34,dynamic,6,19924,1,99.72
s_0465,1479,83,dynamic,6,23136,1,97.97
s_0466,1825,119,dynamic,6,25619,1,76.48
s_0467,767,26,dynamic,6,30343,1,94.39
s_0468,107,8,dynamic,6,22900,1,100.00
s_0469,236,21,dynamic,6,41167,1,100.00
s_0470,3213,131,dynamic,6,32227,0,
s_0471,351,42,dynamic,6,25026,1,100.00
s_0472,1188,163,dynamic,6,15802,1,94.04
s_0473,427,25,dynamic,6,19300,1,100.00
s_0474,1121,35,dynamic,6,45862,1,73.37
s_0475,482,24,dynamic,6,33094,1,88.16
s_0476,1349,41,dynamic,6,44751,1,87.86
s_0477,2136,100,dynamic,6,53370,1,89.42
s_0478,193,9,dynamic,6,57115,1,100.00
s_0479,271,18,dynamic,6,26435,1,72.41
s_0480,251,14,dynamic,6,28733,1,87.58
s_0481,1936,108,dynamic,6,26944,1,83.65
s_0482,547,30,dynamic,6,23825,1,91.36
s_0483,1450,88,dynamic,6,38636,1,100.00
s_0484,783,34,dynamic,6,31578,1,100.00
s_0485,354,24,dynamic,6,42233,1,98.64
s_0486,481,26,dynamic,6,38445,1,100.00
s_0487,5186,208,dynamic,6,27786,1,81.72
s_0488,768,43,dynamic,6,60206,1,69.06
s_0489,1296,67,dynamic,6,25650,1,91.64
s_0490,988,48,dynamic,6,22922,1,85.60
s_0491,182,12,dynamic,6,21594,1,80.91
s_0492,10245,238,dynamic,6,37877,1,92.07
s_0493,4482,154,dynamic,6,21546,1,99.89
s_0494,1583,70,dynamic,6,17915,1,97.39
s_0495,816,45,dynamic,6,22081,1,82.23
s_0496,594,44,dynamic,6,39153,1,99.26
s_0497,1433,94,dynamic,6,20916,1,100.00
s_0498,323,22,dynamic,6,26733,1,84.31
s_0499,525,36,dynamic,6,44363,1,87.05
s_0500,5347,315,dynamic,6,35991,1,91.75
s_0501,1472,67,dynamic,6,40799,1,92.11
s_0502,1878,72,dynamic,6,38992,1,98.36
s_0503,258,18,dynamic,6,27472,1,73.28
s_0504,1178,62,dynamic,6,24750,1,97.09
s_0505,450,22,dynamic,6,34815,1,79.46
s_0506,1755,112,dynamic,6,39564,1,83.41
s_0507,487,17,dynamic,6,50199,1,100.00
s_0508,4303,181,dynamic,6,38210,0,
s_0509,836,36,dynamic,6,44458,1,80.89
s_0510,3077,107,dynamic,6,31788,1,91.93
s_0511,240,11,dynamic,6,34483,1,96.68
s_0512,924,62,dynamic,6,23961,0,
s_0513,936,59,dynamic,6,36361,1,88.96
s_0514,2253,87,dynamic,6,40459,1,92.25
s_0515,2167,87,dynamic,6,37842,1,92.57
s_0516,3806,145,dynamic,6,20070,0,
s_0517,275,17,dynamic,6,20422,1,97.80
s_0518,408,19,dynamic,6,36130,1,69.79
s_0519,316,23,dynamic,6,33606,1,96.16
s_0520,440,29,dynamic,6,38921,1,100.00
s_0521,909,45,dynamic,6,39578,1,100.00
s_0522,900,63,dynamic,6,32008,1,88.65
s_0523,1092,57,dynamic,6,23867,1,74.89
s_0524,328,17,dynamic,6,35036,1,88.53
s_0525,486,21,dynamic,6,55132,1,100.00
s_0526,1359,75,dynamic,6,37937,0,
s_0527,1087,34,dynamic,6,42840,1,96.53
s_0528,613,19,dynamic,6,43294,1,100.00
s_0529,1374,75,dynamic,6,28453,1,100.00
s_0530,534,24,dynamic,6,24359,1,100.00
s_0531,2548,141,dynamic,6,22261,1,75.48
s_0532,176,15,dynamic,6,27524,1,100.00
s_0533,253,20,dynamic,6,47041,1,100.00
s_0534,550,49,dynamic,6,30312,1,100.00
s_0535,1466,77,dynamic,6,14030,1,85.82
s_0536,1604,97,dynamic,6,21232,1,80.45
s_0537,343,12,dynamic,6,29807,1,99.16
s_0538,1367,78,dynamic,6,15481,1,80.02
s_0539,824,40,dynamic,6,31363,1,83.10
s_0540,1040,50,dynamic,6,30150,1,80.96
s_0541,1470,49,dynamic,6,17349,1,81.71
s_0542,941,72,dynamic,6,30899,1,100.00
s_0543,301,21,dynamic,6,28431,1,100.00
s_0544,448,41,dynamic,6,41164,1,86.53
s_0545,975,50,dynamic,6,69689,1,93.54
s_0546,881,35,dynamic,6,35097,0,
s_0547,424,19,dynamic,6,30631,1,100.00
s_0548,2761,100,dynamic,6,29461,1,93.83
s_0549,820,39,dynamic,6,25834,1,81.64
s_0550,611,38,dynamic,6,31146,1,93.45
s_0551,374,21,dynamic,6,32903,1,96.86
s_0552,915,29,dynamic,6,29021,1,100.00
s_0553,804,56,dynamic,6,24891,1,94.07
s_0554,1460,79,dynamic,6,20387,1,80.42
s_0555,3137,160,dynamic,6,38621,1,100.00
s_0556,223,17,dynamic,6,22768,1,100.00
s_0557,1057,46,dynamic,6,27737,1,96.74
s_0558,1455,84,dynamic,6,44514,1,82.55
s_0559,499,64,dynamic,6,46826,1,89.60
s_0560,762,42,dynamic,6,25666,1,85.32
s_0561,682,38,dynamic,6,40045,1,99.30
s_0562,1283,35,dynamic,6,25548,0,
s_0563,806,35,dynamic,6,29855,1,100.00
s_0564,367,18,dynamic,6,35361,1,98.87
s_0565,211,16,dynamic,6,27161,1,100.00
s_0566,1112,54,dynamic,6,27867,1,82.92
s_0567,473,18,dynamic,6,18093,1,98.23
s_0568,535,31,dynamic,6,22440,1,100.00
s_0569,275,18,dynamic,6,10837,0,
s_0570,3447,155,dynamic,6,20311,1,77.05
s_0571,799,43,dynamic,6,49457,1,100.00
s_0572,577,51,dynamic,6,40070,1,100.00
s_0573,681,32,dynamic,6,28486,1,89.36
s_0574,353,18,dynamic,6,45393,1,100.00
s_0575,1072,40,dynamic,6,45912,1,92.76
s_0576,403,20,dynamic,6,19282,1,97.09
s_0577,512,33,dynamic,6,54779,1,100.00
s_0578,706,44,dynamic,6,41932,1,100.00
s_0579,339,22,dynamic,6,20745,1,88.71
s_0580,779,46,dynamic,6,33566,1,88.27
s_0581,2263,97,dynamic,6,24159,1,92.66
s_0582,1126,47,dynamic,6,24558,1,87.85
s_0583,674,26,dynamic,6,15611,1,100.00
s_0584,913,64,dynamic,6,9607,1,96.26
s_0585,878,83,dynamic,6,57870,1,95.87
s_0586,1362,63,dynamic,6,26196,1,100.00
s_0587,836,62,dynamic,6,26140,1,89.49
s_0588,711,29,dynamic,6,42343,1,100.00
s_0589,3380,169,dynamic,6,73200,1,89.06
s_0590,307,18,dynamic,6,22920,1,91.15
s_0591,3662,98,dynamic,6,50486,1,84.18
s_0592,5853,157,dynamic,6,40880,1,69.41
s_0593,2214,89,dynamic,6,25712,1,99.90
s_0594,473,20,dynamic,6,26613,1,89.67
s_0595,1137,61,dynamic,6,39791,1,100.00
s_0596,299,18,dynamic,6,29551,1,96.94
s_0597,405,37,dynamic,6,19205,1,100.00
s_0598,1070,28,dynamic,6,41443,1,77.34
s_0599,246,13,dynamic,6,24617,1,100.00
s_0600,556,41,dynamic,6,23439,1,90.25
s_0601,676,21,dynamic,6,49881,1,81.12
s_0602,56,7,dynamic,6,34383,1,100.00
s_0603,1758,87,dynamic,6,17578,1,86.40
s_0604,747,52,dynamic,6,28389,1,83.38
s_0605,2990,74,dynamic,6,32341,0,
s_0606,476,24,dynamic,6,31891,1,100.00
s_0607,529,22,dynamic,6,48246,1,100.00
s_0608,3787,196,dynamic,6,27431,1,82.54
s_0609,265,13,dynamic,6,26069,1,98.40
s_0610,460,37,dynamic,6,53315,1,100.00
s_0611,1935,57,dynamic,6,32946,1,84.88
s_0612,980,41,dynamic,6,61356,1,98.80
s_0613,1771,100,dynamic,6,29545,1,85.18
s_0614,667,34,dynamic,6,35905,1,89.09
s_0615,902,62,dynamic,6,23762,1,100.00
s_0616,493,22,dynamic,6,36219,1,80.00
s_0617,1018,72,dynamic,6,67518,1,100.00
s_0618,374,18,dynamic,6,25860,1,100.00
s_0619,1272,48,dynamic,6,18334,1,81.09
s_0620,841,48,dynamic,6,42890,1,93.03
s_0621,277,22,dynamic,6,23805,1,77.79
s_0622,1115,53,dynamic,6,20442,1,94.40
s_0623,260,12,dynamic,6,19279,1,96.12
s_0624,691,33,dynamic,6,41724,1,99.61
s_0625,406,18,dynamic,6,25708,1,95.08
s_0626,282,14,dynamic,6,38816,1,100.00
s_0627,896,49,dynamic,6,57984,1,99.44
s_0628,301,10,dynamic,6,22713,1,100.00
s_0629,1821,122,dynamic,6,23240,1,72.01
s_0630,1002,60,dynamic,6,43592,1,97.94
s_0631,615,66,dynamic,6,18891,1,68.15
s_0632,856,49,dynamic,6,26586,1,100.00
s_0633,305,16,dynamic,6,19974,1,88.72
s_0634,881,35,dynamic,6,28560,1,93.59
s_0635,1284,87,dynamic,6,35761,1,100.00
s_0636,1468,34,dynamic,6,32643,1,92.70
s_0637,188,8,dynamic,6,44012,0,
s_0638,819,30,dynamic,6,33135,1,100.00
s_0639,399,11,dynamic,6,32896,1,91.68
s_0640,644,36,dynamic,6,16452,1,100.00
s_0641,2028,77,dynamic,6,33228,1,97.23
s_0642,2032,91,dynamic,6,41665,1,73.81
s_0643,2342,106,dynamic,6,25073,1,96.29
s_0644,613,27,dynamic,6,28576,1,82.90
s_0645,388,18,dynamic,6,40934,1,100.00
s_0646,998,63,dynamic,6,28721,1,99.17
s_0647,1769,55,dynamic,6,48281,1,82.39
s_0648,630,49,dynamic,6,34559,1,100.00
s_0649,1378,41,dynamic,6,28888,1,84.36
s_0650,4111,161,dynamic,6,22346,1,100.00
s_0651,642,45,dynamic,6,24338,1,85.93
s_0652,1268,42,dynamic,6,40981,1,77.60
s_0653,434,17,dynamic,6,20974,1,100.00
s_0654,983,110,dynamic,6,33798,1,96.03
s_0655,253,27,dynamic,6,35522,1,100.00
s_0656,3275,154,dynamic,6,32195,1,82.38
s_0657,852,38,dynamic,6,24699,1,97.67
s_0658,7467,157,dynamic,6,44760,1,84.83
s_0659,373,12,dynamic,6,21117,1,100.00
s_0660,1059,71,dynamic,6,31894,1,87.43
s_0661,509,38,dynamic,6,23635,1,94.51
s_0662,951,35,dynamic,6,28964,1,81.54
s_0663,542,18,dynamic,6,46552,1,96.04
s_0664,361,24,dynamic,6,22361,1,97.62
s_0665,322,20,dynamic,6,35474,1,100.00
s_0666,1113,62,dynamic,6,19340,1,89.55
s_0667,1053,51,dynamic,6,31774,1,100.00
s_0668,783,67,dynamic,6,36912,1,92.85
s_0669,1651,80,dynamic,6,20505,1,77.57
s_0670,735,64,dynamic,6,22774,1,98.44
s_0671,2044,69,dynamic,6,32749,1,86.74
s_0672,192,8,dynamic,6,30072,1,100.00
s_0673,458,19,dynamic,6,31205,1,97.65
s_0674,1325,82,dynamic,6,29929,1,100.00
s_0675,1166,52,dynamic,6,16897,1,91.79
s_0676,300,23,dynamic,6,12617,1,100.00
s_0677,2441,148,dynamic,6,24118,1,98.45
s_0678,251,15,dynamic,6,25434,1,91.51
s_0679,185,7,dynamic,6,19547,1,77.24
s_0680,844,55,dynamic,6,32464,1,66.37
s_0681,2127,168,dynamic,6,17134,1,79.79
s_0682,497,20,dynamic,6,35247,1,95.99
s_0683,438,25,dynamic,6,33496,1,100.00
s_0684,341,37,dynamic,6,29142,1,100.00
s_0685,50,2,dynamic,6,30072,1,100.00
s_0686,1471,70,dynamic,6,29769,1,87.48
s_0687,586,32,dynamic,6,65273,1,100.00
s_0688,795,53,dynamic,6,30609,1,78.74
s_0689,1610,71,dynamic,6,29045,1,92.92
s_0690,1792,85,dynamic,6,23085,1,92.08
s_0691,782,39,dynamic,6,36322,1,84.34
s_0692,1584,92,dynamic,6,26574,1,91.53
s_0693,423,17,dynamic,6,28900,1,85.75
s_0694,1863,80,dynamic,6,20606,1,85.35
s_0695,766,38,dynamic,6,19073,1,100.00
s_0696,192,13,dynamic,6,35358,1,100.00
s_0697,1742,86,dynamic,6,19990,0,
s_0698,444,15,dynamic,6,28354,1,98.12
s_0699,1492,61,dynamic,6,31561,1,87.40
s_0700,2782,106,dynamic,6,28418,1,75.17
s_0701,1209,53,dynamic,6,27453,1,100.00
s_0702,650,64,dynamic,6,16513,1,93.65
s_0703,249,17,dynamic,6,42167,1,97.83
s_0704,626,27,dynamic,6,23790,1,92.92
s_0705,1029,53,dynamic,6,28004,1,96.44
s_0706,1097,58,dynamic,6,31628,1,94.90
s_0707,1017,43,dynamic,6,42130,1,94.63
s_0708,1013,64,dynamic,6,18030,1,96.24
s_0709,673,34,dynamic,6,21865,1,95.04
s_0710,369,17,dynamic,6,42586,1,98.07
s_0711,624,27,dynamic,6,25715,1,88.88
s_0712,456,27,dynamic,6,50226,1,91.45
s_0713,1241,86,dynamic,6,17318,1,100.00
s_0714,783,42,dynamic,6,18179,1,98.23
s_0715,364,13,dynamic,6,46845,1,100.00
s_0716,201,11,dynamic,6,29966,1,100.00
s_0717,461,26,dynamic,6,26487,1,84.33
s_0718,1353,44,dynamic,6,57949,0,
s_0719,2096,122,dynamic,6,32765,1,88.71
s_0720,854,27,dynamic,6,26675,1,100.00
s_0721,345,15,dynamic,6,35702,1,100.00
s_0722,784,48,dynamic,6,57283,1,94.27
s_0723,2476,95,dynamic,6,31697,1,71.92
s_0724,144,15,dynamic,6,33539,1,100.00
s_0725,3309,107,dynamic,6,21627,1,90.81
s_0726,202,22,dynamic,6,33500,1,100.00
s_0727,164,13,dynamic,6,12116,1,78.90
s_0728,1583,68,dynamic,6,29903,0,
s_0729,430,20,dynamic,6,32933,1,100.00
s_0730,383,27,dynamic,6,28878,1,91.34
s_0731,894,29,dynamic,6,35591,1,92.24
s_0732,390,23,dynamic,6,20426,1,99.23
s_0733,504,38,dynamic,6,14385,1,90.00
s_0734,151,7,dynamic,6,22327,1,99.70
s_0735,744,53,dynamic,6,40016,1,82.88
s_0736,439,33,dynamic,6,41807,1,100.00
s_0737,449,40,dynamic,6,47209,1,100.00
s_0738,139,13,dynamic,6,38016,1,100.00
s_0739,1462,81,dynamic,6,25324,1,86.54
s_0740,801,67,dynamic,6,38868,1,87.22
s_0741,328,13,dynamic,6,18738,1,92.35
s_0742,1313,81,dynamic,6,32785,1,97.97
s_0743,517,28,dynamic,6,57669,1,100.00
s_0744,467,23,dynamic,6,53457,1,79.22
s_0745,244,20,dynamic,6,18582,1,100.00
s_0746,624,27,dynamic,6,23894,1,100.00
s_0747,4527,204,dynamic,6,26064,1,78.36
s_0748,516,23,dynamic,6,41162,1,100.00
s_0749,485,24,dynamic,6,46275,1,93.17
s_0750,743,45,dynamic,6,46023,1,84.86
s_0751,1642,69,dynamic,6,22013,1,82.12
s_0752,2658,110,dynamic,6,18172,1,76.08
s_0753,213,27,dynamic,6,25305,1,84.38
s_0754,633,41,dynamic,6,27044,1,94.88
s_0755,212,16,dynamic,6,23111,1,85.89
s_0756,2156,87,dynamic,6,33689,1,77.28
s_0757,2491,99,dynamic,6,17111,1,86.70
s_0758,1970,96,dynamic,6,14062,1,98.75
s_0759,777,19,dynamic,6,40495,1,100.00
s_0760,4843,180,dynamic,6,25483,1,96.78
s_0761,1681,109,dynamic,6,24907,1,94.47
s_0762,1607,71,dynamic,6,41457,1,93.31
s_0763,1847,96,dynamic,6,49892,1,100.00
s_0764,1934,80,dynamic,6,24425,0,
s_0765,1792,121,dynamic,6,31581,1,100.00
s_0766,3228,221,dynamic,6,51399,1,100.00
s_0767,321,22,dynamic,6,31206,1,99.81
s_0768,1491,87,dynamic,6,23412,1,81.55
s_0769,255,16,dynamic,6,17841,1,100.00
s_0770,1917,148,dynamic,6,74857,1,100.00
s_0771,9797,219,dynamic,6,32976,1,90.70
s_0772,1150,61,dynamic,6,27251,1,94.40
s_0773,888,55,dynamic,6,39905,1,92.66
s_0774,2183,106,dynamic,6,50561,1,100.00
s_0775,1228,76,dynamic,6,31742,1,100.00
s_0776,305,22,dynamic,6,23856,1,100.00
s_0777,357,24,dynamic,6,58133,1,72.50
s_0778,166,8,dynamic,6,28626,1,95.11
s_0779,2053,58,dynamic,6,34796,1,77.66
s_0780,2124,130,dynamic,6,37177,1,99.95
s_0781,440,18,dynamic,6,32953,1,100.00
s_0782,217,22,dynamic,6,30417,1,100.00
s_0783,176,8,dynamic,6,79533,1,91.28
s_0784,965,81,dynamic,6,32781,1,94.08
s_0785,200,13,dynamic,6,61644,1,100.00
s_0786,301,19,dynamic,6,48199,1,100.00
s_0787,1732,68,dynamic,6,16484,1,90.12
s_0788,1656,41,dynamic,6,32450,1,85.85
s_0789,4169,154,dynamic,6,42064,1,75.26
s_0790,541,28,dynamic,6,77762,1,100.00
s_0791,2176,112,dynamic,6,30977,1,85.37
s_0792,2726,149,dynamic,6,37723,1,80.87
s_0793,306,19,dynamic,6,25934,1,72.40
s_0794,315,15,dynamic,6,17758,1,86.41
s_0795,390,36,dynamic,6,26774,1,96.95
s_0796,1220,81,dynamic,6,42074,1,100.00
s_0797,4087,202,dynamic,6,39060,1,96.03
s_0798,805,48,dynamic,6,30637,1,88.69
s_0799,2121,87,dynamic,6,53927,1,95.64
s_0800,257,12,dynamic,6,41288,1,100.00
s_0801,949,34,dynamic,6,21435,0,
s_0802,537,37,dynamic,6,24187,1,100.00
s_0803,1083,46,dynamic,6,24524,1,89.29
s_0804,1673,76,dynamic,6,17462,1,100.00
s_0805,176,14,dynamic,6,19300,1,100.00
s_0806,832,58,dynamic,6,67330,1,94.47
s_0807,741,55,dynamic,6,39715,1,83.37
s_0808,548,28,dynamic,6,29389,1,96.36
s_0809,214,15,dynamic,6,38112,1,89.17
s_0810,1206,55,dynamic,6,33920,1,100.00
s_0811,730,41,dynamic,6,49043,1,96.41
s_0812,2408,164,dynamic,6,33386,1,97.57
s_0813,656,38,dynamic,6,37506,1,83.41
s_0814,630,39,dynamic,6,51066,1,100.00
s_0815,1265,79,dynamic,6,36355,1,74.58
s_0816,356,24,dynamic,6,31406,1,91.29
s_0817,2219,85,dynamic,6,33072,1,85.19
s_0818,186,15,dynamic,6,29209,1,100.00
s_0819,924,75,dynamic,6,38970,1,75.87
s_0820,849,30,dynamic,6,29203,1,95.49
s_0821,524,34,dynamic,6,62649,1,94.27
s_0822,493,24,dynamic,6,29074,1,100.00
s_0823,319,13,dynamic,6,27056,1,100.00
s_0824,1798,94,dynamic,6,46726,1,87.33
s_0825,2398,79,dynamic,6,61282,1,81.95
s_0826,255,23,dynamic,6,46159,1,90.01
s_0827,1353,45,dynamic,6,52743,1,79.27
s_0828,299,19,dynamic,6,27761,1,100.00
s_0829,1418,82,dynamic,6,54618,1,100.00
s_0830,711,28,dynamic,6,45264,1,100.00
s_0831,940,45,dynamic,6,36259,1,100.00
s_0832,1331,80,dynamic,6,29735,1,99.52
s_0833,340,15,dynamic,6,40725,1,92.60
s_0834,776,40,dynamic,6,46943,1,81.12
s_0835,1074,54,dynamic,6,59246,1,67.36
s_0836,1409,135,dynamic,6,31165,1,91.35
s_0837,426,30,dynamic,6,28275,1,100.00
s_0838,2777,124,dynamic,6,59957,1,75.84
s_0839,1265,56,dynamic,6,40497,1,91.20
s_0840,2980,98,dynamic,6,56362,1,100.00
s_0841,460,30,dynamic,6,38711,1,78.65
s_0842,1354,52,dynamic,6,23038,1,87.43
s_0843,1186,62,dynamic,6,29066,1,100.00
s_0844,776,54,dynamic,6,25501,1,81.01
s_0845,1790,83,dynamic,6,23378,1,62.22
s_0846,1156,86,dynamic,6,22485,1,76.33
s_0847,754,26,dynamic,6,35179,1,85.23
s_0848,1461,105,dynamic,6,38289,1,90.82
s_0849,1364,67,dynamic,6,32698,1,98.07
s_0850,580,53,dynamic,6,11494,0,
s_0851,316,16,dynamic,6,20736,1,100.00
s_0852,1208,102,dynamic,6,31135,1,100.00
s_0853,1149,78,dynamic,6,26029,1,95.12
s_0854,634,17,dynamic,6,45878,1,100.00
s_0855,6251,161,dynamic,6,33079,1,100.00
s_0856,380,32,dynamic,6,39410,1,100.00
s_0857,654,35,dynamic,6,32351,1,100.00
s_0858,737,46,dynamic,6,27706,1,83.48
s_0859,798,37,dynamic,6,24991,1,100.00
s_0860,600,38,dynamic,6,22527,1,97.18
s_0861,1215,41,dynamic,6,36881,0,
s_0862,328,21,dynamic,6,23824,1,100.00
s_0863,553,33,dynamic,6,21634,1,100.00
s_0864,418,21,dynamic,6,19900,1,99.09
s_0865,276,26,dynamic,6,18050,1,100.00
s_0866,387,16,dynamic,6,56885,1,88.97
s_0867,927,54,dynamic,6,20487,1,89.48
s_0868,392,18,dynamic,6,30290,1,73.76
s_0869,1367,52,dynamic,6,32839,1,76.59
s_0870,262,19,dynamic,6,24598,1,76.37
s_0871,743,28,dynamic,6,33379,1,84.35
s_0872,1142,49,dynamic,6,31423,1,100.00
s_0873,1589,64,dynamic,6,19890,1,84.31
s_0874,1628,105,dynamic,6,24349,1,100.00
s_0875,1350,59,dynamic,6,52390,1,82.61
s_0876,1150,79,dynamic,6,42053,1,91.19
s_0877,219,13,dynamic,6,40044,1,84.36
s_0878,304,16,dynamic,6,15989,1,90.41
s_0879,239,15,dynamic,6,33032,1,100.00
s_0880,737,36,dynamic,6,20875,1,100.00
s_0881,3372,97,dynamic,6,19493,1,100.00
s_0882,1832,129,dynamic,6,38136,0,
s_0883,1270,76,dynamic,6,35998,0,
s_0884,3232,233,dynamic,6,31029,1,90.75
s_0885,415,27,dynamic,6,21038,1,96.61
s_0886,2486,107,dynamic,6,30542,1,100.00
s_0887,1933,80,dynamic,6,64771,0,
s_0888,765,56,dynamic,6,19583,1,100.00
s_0889,601,24,dynamic,6,37895,1,92.82
s_0890,145,10,dynamic,6,22352,1,100.00
s_0891,621,33,dynamic,6,41147,1,90.08
s_0892,198,13,dynamic,6,43622,1,100.00
s_0893,1011,26,dynamic,6,17647,0,
s_0894,991,45,dynamic,6,52222,1,99.91
s_0895,2576,223,dynamic,6,48321,1,89.85
s_0896,211,16,dynamic,6,15702,1,99.61
s_0897,1485,50,dynamic,6,33268,1,100.00
s_0898,839,39,dynamic,6,30088,1,68.73
s_0899,731,36,dynamic,6,24917,1,83.99
s_0900,1200,57,dynamic,6,18596,1,78.04
s_0901,590,34,dynamic,6,24896,1,83.89
s_0902,557,23,dynamic,6,58257,1,100.00
s_0903,576,40,dynamic,6,32206,1,77.90
s_0904,733,57,dynamic,6,30909,1,78.57
s_0905,1337,103,dynamic,6,26511,1,83.99
s_0906,251,10,dynamic,6,30613,1,100.00
s_0907,1362,105,dynamic,6,32346,1,77.87
s_0908,256,11,dynamic,6,30966,1,92.60
s_0909,4329,194,dynamic,6,28418,1,97.38
s_0910,1241,36,dynamic,6,37338,1,100.00
s_0911,173,11,dynamic,6,42357,1,100.00
s_0912,455,34,dynamic,6,31424,1,86.43
s_0913,1403,49,dynamic,6,14711,1,85.36
s_0914,107,5,dynamic,6,30709,1,100.00
s_0915,1549,70,dynamic,6,53467,1,86.39
s_0916,801,16,dynamic,6,22926,1,93.48
s_0917,1126,38,dynamic,6,36858,1,100.00
s_0918,162,12,dynamic,6,38002,1,89.10
s_0919,2509,264,dynamic,6,32357,0,
s_0920,2052,72,dynamic,6,14313,1,98.83
s_0921,1551,56,dynamic,6,46991,1,94.47
s_0922,381,30,dynamic,6,48139,1,100.00
s_0923,2061,123,dynamic,6,25519,1,100.00
s_0924,723,38,dynamic,6,23954,1,87.50
s_0925,599,35,dynamic,6,20011,1,93.00
s_0926,2291,141,dynamic,6,17671,0,
s_0927,333,16,dynamic,6,31350,1,100.00
s_0928,1329,52,dynamic,6,23238,1,85.34
s_0929,319,23,dynamic,6,29699,1,91.05
s_0930,226,11,dynamic,6,22638,1,100.00
s_0931,362,17,dynamic,6,25688,1,100.00
s_0932,175,15,dynamic,6,17787,1,100.00
s_0933,3827,191,dynamic,6,25881,1,86.39
s_0934,2386,68,dynamic,6,26107,1,89.14
s_0935,413,24,dynamic,6,22876,1,100.00
s_0936,1065,59,dynamic,6,36466,1,100.00
s_0937,448,18,dynamic,6,33740,1,89.41
s_0938,316,33,dynamic,6,50292,1,100.00
s_0939,1790,70,dynamic,6,35460,1,96.43
s_0940,430,32,dynamic,6,14897,1,88.87
s_0941,1032,49,dynamic,6,20481,1,100.00
s_0942,334,26,dynamic,6,23043,1,84.10
s_0943,285,14,dynamic,6,24850,1,100.00
s_0944,1052,72,dynamic,6,32644,1,100.00
s_0945,726,31,dynamic,6,41260,1,97.96
s_0946,2319,180,dynamic,6,29392,1,98.14
s_0947,1472,77,dynamic,6,17589,1,100.00
s_0948,125,14,dynamic,6,25028,1,80.83
s_0949,998,57,dynamic,6,37237,1,90.91
s_0950,1386,76,dynamic,6,42452,1,78.79
s_0951,501,27,dynamic,6,28474,1,100.00
s_0952,4130,190,dynamic,6,20358,1,83.90
s_0953,2057,72,dynamic,6,51443,1,87.43
s_0954,128,6,dynamic,6,26999,1,92.37
s_0955,435,16,dynamic,6,24958,1,100.00
s_0956,6669,414,dynamic,6,62106,1,69.57
s_0957,340,18,dynamic,6,26502,1,93.51
s_0958,1394,73,dynamic,6,30022,1,88.72
s_0959,1031,83,dynamic,6,53444,1,93.09
s_0960,2383,89,dynamic,6,42939,1,71.59
s_0961,3857,216,dynamic,6,45865,1,79.94
s_0962,533,21,dynamic,6,43479,1,99.28
s_0963,451,34,dynamic,6,33530,1,90.84
s_0964,467,21,dynamic,6,33007,1,98.39
s_0965,405,22,dynamic,6,22857,1,100.00
s_0966,678,34,dynamic,6,31665,1,84.37
s_0967,486,19,dynamic,6,31820,1,100.00
s_0968,1378,86,dynamic,6,31603,1,76.61
s_0969,726,55,dynamic,6,39591,1,88.71
s_0970,666,33,dynamic,6,31416,1,100.00
s_0971,952,77,dynamic,6,25443,1,74.68
s_0972,4478,214,dynamic,6,72397,1,76.09
s_0973,467,21,dynamic,6,26575,1,93.51
s_0974,670,18,dynamic,6,37102,1,76.30
s_0975,691,36,dynamic,6,35709,1,80.87
s_0976,473,27,dynamic,6,16627,1,100.00
s_0977,1077,65,dynamic,6,24660,1,100.00
s_0978,5442,266,dynamic,6,33369,1,84.91
s_0979,718,40,dynamic,6,19144,1,97.78
s_0980,553,24,dynamic,6,50971,1,96.64
s_0981,1598,82,dynamic,6,42422,1,92.31
s_0982,351,19,dynamic,6,42452,1,86.90
s_0983,294,31,dynamic,6,20567,1,88.14
s_0984,1397,61,dynamic,6,39521,1,92.34
s_0985,478,39,dynamic,6,40848,1,91.02
s_0986,1004,61,dynamic,6,31224,1,88.13
s_0987,1677,103,dynamic,6,25625,1,90.90
s_0988,1037,55,dynamic,6,34678,1,100.00
s_0989,280,24,dynamic,6,59861,1,98.03
s_0990,11209,428,dynamic,6,20042,1,90.90
s_0991,293,9,dynamic,6,23101,1,100.00
s_0992,375,24,dynamic,6,31010,1,91.13
s_0993,117,9,dynamic,6,36854,1,100.00
s_0994,627,27,dynamic,6,34856,1,96.62
s_0995,1624,101,dynamic,6,20133,1,85.06
s_0996,626,30,dynamic,6,24863,1,87.82
s_0997,751,44,dynamic,6,12220,1,97.81
s_0998,2153,60,dynamic,6,41644,1,81.69
s_0999,364,19,dynamic,6,41715,1,100.00
s_1000,891,54,dynamic,6,25510,1,92.57
s_1001,1773,58,dynamic,6,29709,1,93.68
s_1002,1238,51,dynamic,6,33190,1,100.00
s_1003,1107,73,dynamic,6,52356,1,81.57
s_1004,1174,39,dynamic,6,42385,1,87.43
s_1005,5354,223,dynamic,6,44224,1,83.71
s_1006,188,10,dynamic,6,29722,1,92.98
s_1007,878,29,dynamic,6,14254,1,83.25
s_1008,500,21,dynamic,6,71219,1,84.72
s_1009,254,10,dynamic,6,23867,1,100.00
s_1010,1768,100,dynamic,6,37747,1,95.79
s_1011,2188,81,dynamic,6,36065,1,78.95
s_1012,1290,93,dynamic,6,18818,1,93.30
s_1013,469,18,dynamic,6,14127,1,85.48
s_1014,2738,63,dynamic,6,24329,1,79.08
s_1015,2601,90,dynamic,6,32563,1,100.00
s_1016,868,46,dynamic,6,43261,1,97.33
s_1017,178,19,dynamic,6,35805,1,79.14
s_1018,1453,139,dynamic,6,39928,1,100.00
s_1019,583,20,dynamic,6,18316,1,78.95
s_1020,973,78,dynamic,6,33441,1,100.00
s_1021,3414,106,dynamic,6,25836,1,78.63
s_1022,1846,89,dynamic,6,62409,1,84.03
s_1023,501,32,dynamic,6,56612,1,89.64
s_1024,1378,79,dynamic,6,27798,1,89.48
s_1025,462,23,dynamic,6,52526,1,100.00
s_1026,1710,78,dynamic,6,23743,1,92.18
s_1027,321,19,dynamic,6,35269,1,86.56
s_1028,592,40,dynamic,6,34615,1,100.00
s_1029,1309,67,dynamic,6,50891,1,82.91
s_1030,154,12,dynamic,6,25189,1,100.00
s_1031,2548,96,dynamic,6,31869,1,100.00
s_1032,392,37,dynamic,6,33942,1,100.00
s_1033,634,32,dynamic,6,24230,1,82.06
s_1034,269,10,dynamic,6,28493,1,99.55
s_1035,625,31,dynamic,6,24197,0,
s_1036,739,55,dynamic,6,35761,1,100.00
s_1037,822,30,dynamic,6,30703,1,89.16
s_1038,1116,59,dynamic,6,27541,0,
s_1039,1682,100,dynamic,6,34245,1,90.42
s_1040,366,14,dynamic,6,44155,1,100.00
s_1041,676,37,dynamic,6,41276,1,88.76
s_1042,855,30,dynamic,6,46262,1,97.32
s_1043,1126,46,dynamic,6,18650,0,
s_1044,829,37,dynamic,6,47267,1,85.76
s_1045,583,19,dynamic,6,33757,1,85.47
s_1046,999,71,dynamic,6,34115,1,97.71
s_1047,959,70,dynamic,6,53436,1,93.11
s_1048,2291,88,dynamic,6,20010,1,93.11
s_1049,1032,53,dynamic,6,39161,1,100.00
s_1050,4199,140,dynamic,6,44938,1,91.93
s_1051,5361,313,dynamic,6,42002,1,94.43
s_1052,867,53,dynamic,6,26092,1,88.82
s_1053,7258,238,dynamic,6,30692,0,
s_1054,347,35,dynamic,6,16793,1,86.32
s_1055,584,43,dynamic,6,80421,1,96.50
s_1056,361,21,dynamic,6,25602,1,85.06
s_1057,213,26,dynamic,6,25566,1,100.00
s_1058,1684,123,dynamic,6,26900,1,100.00
s_1059,463,21,dynamic,6,50723,1,88.54
s_1060,1518,42,dynamic,6,34600,1,81.69
s_1061,480,33,dynamic,6,61731,1,100.00
s_1062,2710,67,dynamic,6,26210,1,88.13
s_1063,859,59,dynamic,6,42006,1,91.38
s_1064,1353,75,dynamic,6,19005,1,74.28
s_1065,322,27,dynamic,6,30044,1,100.00
s_1066,1394,54,dynamic,6,25704,1,100.00
s_1067,1697,104,dynamic,6,20634,1,76.61
s_1068,516,37,dynamic,6,36270,1,86.71
s_1069,1035,50,dynamic,6,40746,1,88.54
s_1070,3445,114,dynamic,6,32068,1,94.10
s_1071,625,38,dynamic,6,25707,1,89.82
s_1072,520,23,dynamic,6,34488,1,88.91
s_1073,633,53,dynamic,6,50504,1,84.33
s_1074,1160,83,dynamic,6,26797,1,100.00
s_1075,2843,92,dynamic,6,37367,1,91.01
s_1076,151,16,dynamic,6,27189,1,93.26
s_1077,2453,91,dynamic,6,30261,1,92.90
s_1078,329,28,dynamic,6,48815,1,100.00
s_1079,778,52,dynamic,6,24205,1,100.00
s_1080,1091,56,dynamic,6,15512,1,100.00
s_1081,1564,108,dynamic,6,44378,1,87.11
s_1082,488,29,dynamic,6,24589,1,96.42
s_1083,4979,153,dynamic,6,29007,0,
s_1084,4259,160,dynamic,6,27875,1,95.75
s_1085,592,39,dynamic,6,49985,1,90.32
s_1086,3803,175,dynamic,6,53380,1,81.85
s_1087,1093,45,dynamic,6,22319,1,99.42
s_1088,313,17,dynamic,6,27237,1,88.28
s_1089,122,13,dynamic,6,33500,1,100.00
s_1090,644,26,dynamic,6,27772,1,92.99
s_1091,313,22,dynamic,6,35935,1,100.00
s_1092,500,24,dynamic,6,30270,1,87.32
s_1093,5210,226,dynamic,6,24695,1,97.61
s_1094,640,42,dynamic,6,31092,1,80.88
s_1095,1159,51,dynamic,6,17458,1,95.43
s_1096,3248,118,dynamic,6,12967,0,
s_1097,199,8,dynamic,6,34439,1,100.00
s_1098,254,12,dynamic,6,46639,1,100.00
s_1099,961,43,dynamic,6,20770,1,100.00
s_1100,930,48,dynamic,6,23403,1,87.13
s_1101,70,6,dynamic,6,13265,1,91.86
s_1102,1230,61,dynamic,6,31517,1,85.41
s_1103,615,28,dynamic,6,17744,1,80.64
s_1104,1315,44,dynamic,6,44624,1,100.00
s_1105,1061,50,dynamic,6,31405,1,100.00
s_1106,765,46,dynamic,6,21532,1,97.57
s_1107,1253,51,dynamic,6,18780,1,75.01
s_1108,621,21,dynamic,6,24608,1,100.00
s_1109,481,23,dynamic,6,20470,1,88.14
s_1110,677,39,dynamic,6,45798,1,81.74
s_1111,1213,65,dynamic,6,28364,1,90.13
s_1112,563,21,dynamic,6,44039,1,84.30
s_1113,230,18,dynamic,6,23972,1,100.00
s_1114,939,40,dynamic,6,38082,1,82.37
s_1115,415,12,dynamic,6,32271,1,94.68
s_1116,301,16,dynamic,6,20407,1,72.92
s_1117,1517,85,dynamic,6,32341,1,97.69
s_1118,1337,76,dynamic,6,35106,1,100.00
s_1119,373,24,dynamic,6,38051,1,100.00
s_1120,1389,31,dynamic,6,40179,1,75.00
s_1121,148,8,dynamic,6,16209,1,100.00
s_1122,350,25,dynamic,6,23896,1,100.00
s_1123,504,32,dynamic,6,23738,1,80.35
s_1124,2648,73,dynamic,6,23989,0,
s_1125,498,18,dynamic,6,49691,1,78.40
s_1126,312,19,dynamic,6,42394,1,99.99
s_1127,399,14,dynamic,6,33643,1,100.00
s_1128,1343,76,dynamic,6,30469,1,97.98
s_1129,296,17,dynamic,6,23669,1,91.86
s_1130,4933,133,dynamic,6,64769,1,87.18
s_1131,782,50,dynamic,6,26587,1,100.00
s_1132,2254,87,dynamic,6,32990,1,95.89
s_1133,858,27,dynamic,6,24215,0,
s_1134,453,38,dynamic,6,30737,1,100.00
s_1135,975,47,dynamic,6,36410,1,90.27
s_1136,1225,74,dynamic,6,26975,1,91.37
s_1137,1969,73,dynamic,6,25523,1,100.00
s_1138,546,20,dynamic,6,38852,1,89.18
s_1139,811,65,dynamic,6,21815,1,100.00
s_1140,558,38,dynamic,6,18219,1,98.47
s_1141,786,43,dynamic,6,20190,1,100.00
s_1142,846,38,dynamic,6,34988,1,95.96
s_1143,1056,41,dynamic,6,37245,1,77.13
s_1144,893,32,dynamic,6,40849,1,98.18
s_1145,238,35,dynamic,6,36895,1,89.83
s_1146,1451,53,dynamic,6,54952,1,94.81
s_1147,2446,132,dynamic,6,44794,1,100.00
s_1148,1309,86,dynamic,6,27375,1,78.58
s_1149,1151,121,dynamic,6,45013,1,85.84
s_1150,467,40,dynamic,6,35333,1,100.00
s_1151,1141,58,dynamic,6,38133,1,80.10
s_1152,945,71,dynamic,6,34366,1,95.58
s_1153,257,14,dynamic,6,36755,1,93.46
s_1154,1746,121,dynamic,6,42671,1,84.42
s_1155,215,10,dynamic,6,35767,1,85.39
s_1156,55,5,dynamic,6,42944,1,100.00
s_1157,1643,77,dynamic,6,30117,1,93.57
s_1158,798,39,dynamic,6,36881,1,97.45
s_1159,425,49,dynamic,6,31329,1,100.00
s_1160,1913,102,dynamic,6,14256,1,98.09
s_1161,1036,62,dynamic,6,29399,1,92.50
s_1162,576,29,dynamic,6,27330,1,84.95
s_1163,1972,63,dynamic,6,35216,1,88.13
s_1164,571,45,dynamic,6,20015,1,100.00
s_1165,295,17,dynamic,6,27859,1,100.00
s_1166,496,35,dynamic,6,21268,1,100.00
s_1167,2096,101,dynamic,6,37040,1,84.86
s_1168,85,5,dynamic,6,50792,1,100.00
s_1169,572,38,dynamic,6,13537,1,98.45
s_1170,487,28,dynamic,6,19812,1,80.12
s_1171,325,21,dynamic,6,34233,1,97.51
s_1172,2115,83,dynamic,6,19314,1,80.31
s_1173,301,17,dynamic,6,42910,1,84.42
s_1174,3645,130,dynamic,6,27167,1,100.00
s_1175,2066,82,dynamic,6,43726,1,98.35
s_1176,3914,205,dynamic,6,26925,1,87.49
s_1177,2020,72,dynamic,6,37471,1,100.00
s_1178,537,24,dynamic,6,29954,1,95.62
s_1179,698,28,dynamic,6,28416,1,88.66
s_1180,944,26,dynamic,6,42200,1,94.15
s_1181,190,20,dynamic,6,31245,1,93.14
s_1182,980,32,dynamic,6,36879,1,92.94
s_1183,425,24,dynamic,6,29754,1,93.61
s_1184,2139,131,dynamic,6,25990,0,
s_1185,520,38,dynamic,6,19629,1,100.00
s_1186,221,14,dynamic,6,21150,1,100.00
s_1187,1320,58,dynamic,6,51545,1,85.05
s_1188,1220,58,dynamic,6,22255,1,88.51
s_1189,651,30,dynamic,6,32851,1,94.00
s_1190,419,27,dynamic,6,23687,1,93.67
s_1191,1817,105,dynamic,6,30561,1,73.21
s_1192,786,35,dynamic,6,35980,1,100.00
s_1193,416,24,dynamic,6,46815,1,100.00
s_1194,252,15,dynamic,6,23685,1,92.53
s_1195,316,18,dynamic,6,24419,1,100.00
s_1196,386,14,dynamic,6,13279,1,84.80
s_1197,840,37,dynamic,6,68944,1,96.18
s_1198,335,20,dynamic,6,41491,1,89.59
s_1199,551,20,dynamic,6,38674,1,100.00
s_1200,911,43,dynamic,6,46663,1,90.39
s_1201,481,49,dynamic,6,40083,1,97.10
s_1202,669,31,dynamic,6,22752,0,
s_1203,3033,87,dynamic,6,43368,1,96.78
s_1204,527,25,dynamic,6,21880,1,71.91
s_1205,281,16,dynamic,6,25606,1,93.94
s_1206,121,6,dynamic,6,24619,1,100.00
s_1207,231,12,dynamic,6,40226,1,95.18
s_1208,1612,97,dynamic,6,42728,1,99.79
s_1209,1526,65,dynamic,6,44617,1,81.68
s_1210,340,29,dynamic,6,26371,1,92.13
s_1211,97,6,dynamic,6,22563,1,100.00
s_1212,906,35,dynamic,6,25686,1,91.06
s_1213,862,74,dynamic,6,44893,1,83.81
s_1214,390,23,dynamic,6,23346,1,100.00
s_1215,283,18,dynamic,6,26611,1,93.66
s_1216,2959,150,dynamic,6,25815,1,98.55
s_1217,247,17,dynamic,6,41606,1,83.38
s_1218,180,14,dynamic,6,39448,1,100.00
s_1219,835,45,dynamic,6,26695,1,91.15
s_1220,1104,62,dynamic,6,42682,1,88.62
s_1221,1770,77,dynamic,6,33523,1,85.50
s_1222,563,24,dynamic,6,35439,1,100.00
s_1223,499,18,dynamic,6,30954,1,97.44
s_1224,1816,112,dynamic,6,25899,1,90.75
s_1225,1776,84,dynamic,6,42873,1,79.69
s_1226,1591,77,dynamic,6,28714,1,98.93
s_1227,493,24,dynamic,6,36157,1,100.00
s_1228,738,30,dynamic,6,45042,1,100.00
s_1229,981,43,dynamic,6,24205,1,96.18
s_1230,575,25,dynamic,6,40260,1,100.00
s_1231,1358,88,dynamic,6,52625,1,85.75
s_1232,575,24,dynamic,6,24115,1,93.21
s_1233,1617,72,dynamic,6,33368,1,100.00
s_1234,226,15,dynamic,6,26816,1,79.44
s_1235,470,34,dynamic,6,18425,1,100.00
s_1236,1245,47,dynamic,6,33042,1,88.28
s_1237,255,33,dynamic,6,18733,1,92.31
s_1238,511,24,dynamic,6,27373,1,83.91
s_1239,1969,118,dynamic,6,21909,1,71.22
s_1240,1491,56,dynamic,6,28223,1,61.26
s_1241,505,37,dynamic,6,34946,1,68.20
s_1242,362,25,dynamic,6,17911,1,91.24
s_1243,1514,60,dynamic,6,34041,1,94.27
s_1244,465,20,dynamic,6,45206,1,100.00
s_1245,749,55,dynamic,6,60546,1,100.00
s_1246,670,38,dynamic,6,28499,1,100.00
s_1247,171,12,dynamic,6,25443,1,100.00
s_1248,585,41,dynamic,6,39288,1,95.03
s_1249,803,30,dynamic,6,39573,1,78.03
s_1250,664,39,dynamic,6,32806,1,100.00
s_1251,652,27,dynamic,6,69501,1,99.42
s_1252,541,50,dynamic,6,23193,1,83.21
s_1253,5499,217,dynamic,6,57093,1,93.37
s_1254,2775,141,dynamic,6,47359,1,80.32
s_1255,1074,80,dynamic,6,27141,1,85.47
s_1256,442,38,dynamic,6,57040,1,100.00
s_1257,272,17,dynamic,6,31514,1,95.12
s_1258,2470,90,dynamic,6,43781,1,97.53
s_1259,797,42,dynamic,6,20037,1,95.13
s_1260,491,29,dynamic,6,23188,1,93.15
s_1261,298,22,dynamic,6,27110,1,82.49
s_1262,313,12,dynamic,6,19369,1,88.43
s_1263,1025,52,dynamic,6,25213,1,100.00
s_1264,42,4,dynamic,6,17836,1,98.81
s_1265,354,29,dynamic,6,22439,1,94.72
s_1266,648,39,dynamic,6,21765,1,96.07
s_1267,972,51,dynamic,6,21410,1,100.00
s_1268,1440,59,dynamic,6,50348,1,95.89
s_1269,1005,73,dynamic,6,42396,1,77.03
s_1270,392,23,dynamic,6,28430,1,96.00
s_1271,617,48,dynamic,6,37939,0,
s_1272,577,28,dynamic,6,75324,1,91.82
s_1273,324,38,dynamic,6,30758,1,100.00
s_1274,672,69,dynamic,6,34138,1,89.71
s_1275,4408,128,dynamic,6,35078,1,67.98
s_1276,622,46,dynamic,6,36410,0,
s_1277,1430,54,dynamic,6,42259,1,93.39
s_1278,2033,101,dynamic,6,42080,1,96.25
s_1279,302,21,dynamic,6,27746,1,100.00
s_1280,947,27,dynamic,6,19178,1,100.00
s_1281,4335,202,dynamic,6,58812,1,82.25
s_1282,678,48,dynamic,6,29552,1,73.42
s_1283,549,23,dynamic,6,33346,1,100.00
s_1284,634,27,dynamic,6,34044,1,76.67
s_1285,947,65,dynamic,6,37304,1,78.18
s_1286,415,26,dynamic,6,30714,1,85.37
s_1287,127,7,dynamic,6,25500,1,100.00
s_1288,264,15,dynamic,6,30126,1,100.00
s_1289,761,35,dynamic,6,42674,1,100.00
s_1290,1038,52,dynamic,6,47639,1,100.00
s_1291,961,40,dynamic,6,38911,1,100.00
s_1292,66,5,dynamic,6,31160,1,100.00
s_1293,809,44,dynamic,6,25662,1,84.41
s_1294,948,49,dynamic,6,25692,1,100.00
s_1295,2911,115,dynamic,6,24608,1,93.01
s_1296,428,22,dynamic,6,17238,1,90.55
s_1297,381,24,dynamic,6,26503,1,97.22
s_1298,2705,65,dynamic,6,27953,1,92.87
s_1299,886,74,dynamic,6,29499,1,81.59
s_1300,1191,77,dynamic,6,39161,1,84.60
s_1301,463,23,dynamic,6,31747,1,95.49
s_1302,987,47,dynamic,6,28243,1,82.40
s_1303,1152,55,dynamic,6,57372,1,75.99
s_1304,237,17,dynamic,6,48026,1,100.00
s_1305,249,13,dynamic,6,28525,1,100.00
s_1306,1099,74,dynamic,6,39066,1,88.06
s_1307,2037,69,dynamic,6,30805,1,87.60
s_1308,491,43,dynamic,6,22425,1,100.00
s_1309,1945,173,dynamic,6,37370,1,65.78
s_1310,1600,49,dynamic,6,46670,0,
s_1311,1408,56,dynamic,6,26874,1,68.92
s_1312,489,26,dynamic,6,27362,1,94.06
s_1313,262,20,dynamic,6,59927,1,76.70
s_1314,232,14,dynamic,6,38168,1,81.23
s_1315,203,15,dynamic,6,44728,1,100.00
s_1316,1170,50,dynamic,6,16743,0,
s_1317,1244,56,dynamic,6,16466,1,100.00
s_1318,243,25,dynamic,6,12658,1,98.75
s_1319,1459,107,dynamic,6,35058,1,95.91
s_1320,1197,58,dynamic,6,42507,1,84.58
s_1321,578,19,dynamic,6,19256,1,100.00
s_1322,410,23,dynamic,6,13823,1,100.00
s_1323,1330,45,dynamic,6,37693,1,100.00
s_1324,872,45,dynamic,6,51000,1,92.25
s_1325,784,63,dynamic,6,41824,1,88.00
s_1326,1251,42,dynamic,6,30472,1,87.87
s_1327,87,3,dynamic,6,27411,1,100.00
s_1328,219,8,dynamic,6,18937,1,93.08
s_1329,304,15,dynamic,6,24480,1,94.95
s_1330,1174,46,dynamic,6,41477,1,88.06
s_1331,947,52,dynamic,6,49560,1,84.50
s_1332,1030,28,dynamic,6,28516,1,82.34
s_1333,107,4,dynamic,6,9099,1,92.58
s_1334,156,7,dynamic,6,28179,1,100.00
s_1335,85,4,dynamic,6,40587,1,99.02
s_1336,2409,91,dynamic,6,34011,1,93.28
s_1337,1154,103,dynamic,6,31310,1,96.34
s_1338,115,13,dynamic,6,21541,1,100.00
s_1339,127,12,dynamic,6,33685,1,100.00
s_1340,148,25,dynamic,6,25505,1,77.60
s_1341,304,11,dynamic,6,30410,1,87.20
s_1342,886,39,dynamic,6,24004,1,100.00
s_1343,364,32,dynamic,6,45084,1,100.00
s_1344,1807,102,dynamic,6,21239,1,82.30
s_1345,416,21,dynamic,6,30073,1,74.04
s_1346,1332,67,dynamic,6,26614,1,69.34
s_1347,332,30,dynamic,6,42671,1,83.82
s_1348,171,17,dynamic,6,29854,1,81.31
s_1349,579,21,dynamic,6,18530,1,100.00
s_1350,367,14,dynamic,6,23668,1,73.71
s_1351,2275,68,dynamic,6,41481,1,88.38
s_1352,1246,52,dynamic,6,24806,0,
s_1353,1015,51,dynamic,6,25614,1,100.00
s_1354,252,10,dynamic,6,49651,1,87.55
s_1355,655,30,dynamic,6,22333,1,98.54
s_1356,250,23,dynamic,6,16749,1,100.00
s_1357,780,61,dynamic,6,24251,1,96.91
s_1358,674,30,dynamic,6,25688,1,97.10
s_1359,763,35,dynamic,6,30474,1,100.00
s_1360,642,27,dynamic,6,41162,1,100.00
s_1361,254,23,dynamic,6,41571,1,83.46
s_1362,628,28,dynamic,6,20785,1,100.00
s_1363,1121,63,dynamic,6,33472,1,87.27
s_1364,2737,117,dynamic,6,28212,1,95.67
s_1365,1207,44,dynamic,6,36411,1,86.26
s_1366,1617,64,dynamic,6,30712,0,
s_1367,616,24,dynamic,6,39059,1,67.15
s_1368,506,22,dynamic,6,13410,1,87.39
s_1369,955,71,dynamic,6,46642,1,100.00
s_1370,865,40,dynamic,6,56050,1,89.42
s_1371,4652,229,dynamic,6,37269,1,94.75
s_1372,698,66,dynamic,6,58611,1,100.00
s_1373,650,33,dynamic,6,38167,1,98.92
s_1374,2230,121,dynamic,6,51151,1,93.10
s_1375,1318,70,dynamic,6,19655,1,90.13
s_1376,464,27,dynamic,6,23826,1,100.00
s_1377,808,45,dynamic,6,23005,1,100.00
s_1378,551,16,dynamic,6,39596,1,100.00
s_1379,864,33,dynamic,6,28370,0,
s_1380,583,16,dynamic,6,30185,1,89.45
s_1381,1133,31,dynamic,6,41967,1,93.66
s_1382,1307,85,dynamic,6,21743,0,
s_1383,1151,48,dynamic,6,23545,1,100.00
s_1384,884,29,dynamic,6,23553,1,87.80
s_1385,1385,49,dynamic,6,16918,1,90.33
s_1386,5662,404,dynamic,6,32111,0,
s_1387,369,24,dynamic,6,25510,1,97.41
s_1388,1289,60,dynamic,6,18768,1,99.75
s_1389,1340,70,dynamic,6,47081,1,78.53
s_1390,593,50,dynamic,6,24389,1,79.01
s_1391,405,22,dynamic,6,23649,1,87.07
s_1392,498,40,dynamic,6,19855,1,100.00
s_1393,950,30,dynamic,6,32538,1,96.19
s_1394,388,11,dynamic,6,27649,1,95.24
s_1395,1144,45,dynamic,6,35379,1,96.41
s_1396,857,53,dynamic,6,24820,1,100.00
s_1397,1898,122,dynamic,6,37505,1,100.00
s_1398,466,37,dynamic,6,13462,1,92.92
s_1399,226,19,dynamic,6,36489,1,100.00
s_1400,2306,118,dynamic,6,27121,1,91.93
s_1401,427,22,dynamic,6,18483,1,87.10
s_1402,403,22,dynamic,6,65251,1,97.37
s_1403,701,53,dynamic,6,33419,1,82.14
s_1404,1056,39,dynamic,6,35612,1,85.05
s_1405,325,23,dynamic,6,40984,1,100.00
s_1406,936,60,dynamic,6,36164,1,100.00
s_1407,1333,42,dynamic,6,21024,1,82.66
s_1408,2100,38,dynamic,6,11463,1,100.00
s_1409,797,49,dynamic,6,30655,0,
s_1410,938,38,dynamic,6,30208,1,82.13
s_1411,464,27,dynamic,6,50074,1,100.00
s_1412,188,9,dynamic,6,31538,1,100.00
s_1413,1766,70,dynamic,6,25268,1,100.00
s_1414,502,38,dynamic,6,33466,1,100.00
s_1415,1192,42,dynamic,6,31147,1,73.60
s_1416,1213,39,dynamic,6,37012,1,87.05
s_1417,680,37,dynamic,6,32005,1,87.12
s_1418,564,29,dynamic,6,27512,1,100.00
s_1419,1364,78,dynamic,6,35123,1,100.00
s_1420,738,58,dynamic,6,16652,1,97.06
s_1421,1963,126,dynamic,6,34756,1,94.87
s_1422,1317,85,dynamic,6,37585,1,64.25
s_1423,672,32,dynamic,6,11215,0,
s_1424,394,29,dynamic,6,29225,1,99.65
s_1425,167,10,dynamic,6,43697,1,100.00
s_1426,1124,43,dynamic,6,33282,1,87.35
s_1427,1170,39,dynamic,6,37464,1,96.54
s_1428,388,17,dynamic,6,27188,1,99.33
s_1429,231,19,dynamic,6,23778,1,86.80
s_1430,3395,146,dynamic,6,28037,1,75.22
s_1431,926,49,dynamic,6,37471,1,90.12
s_1432,1279,53,dynamic,6,59872,1,86.90
s_1433,423,41,dynamic,6,28707,1,79.56
s_1434,482,38,dynamic,6,13975,1,89.50
s_1435,1028,78,dynamic,6,18974,1,100.00
s_1436,3201,151,dynamic,6,21988,1,93.29
s_1437,295,20,dynamic,6,24632,1,100.00
s_1438,912,44,dynamic,6,27584,1,82.81
s_1439,146,16,dynamic,6,18333,1,100.00
s_1440,687,38,dynamic,6,28025,1,72.94
s_1441,396,26,dynamic,6,40414,1,66.98
s_1442,847,39,dynamic,6,34735,1,84.31
s_1443,371,14,dynamic,6,41421,1,79.38
s_1444,411,26,dynamic,6,29224,1,94.00
s_1445,1015,57,dynamic,6,24036,1,100.00
s_1446,175,11,dynamic,6,21127,1,96.23
s_1447,597,42,dynamic,6,17102,1,100.00
s_1448,377,31,dynamic,6,25194,1,99.70
s_1449,2663,83,dynamic,6,35369,1,79.76
s_1450,3852,200,dynamic,6,27318,1,82.51
s_1451,1139,54,dynamic,6,23666,1,91.86
s_1452,899,56,dynamic,6,18054,1,100.00
s_1453,754,43,dynamic,6,32074,1,99.24
s_1454,1944,91,dynamic,6,35209,1,84.83
s_1455,573,24,dynamic,6,31177,1,100.00
s_1456,2556,79,dynamic,6,27260,0,
s_1457,360,18,dynamic,6,32993,1,100.00
s_1458,166,11,dynamic,6,34685,1,100.00
s_1459,420,21,dynamic,6,22526,1,100.00
s_1460,151,8,dynamic,6,55067,1,100.00
s_1461,545,22,dynamic,6,52242,1,84.08
s_1462,131,8,dynamic,6,21584,1,100.00
s_1463,874,43,dynamic,6,40528,1,74.61
s_1464,1111,42,dynamic,6,54435,1,71.48
s_1465,691,57,dynamic,6,24210,1,100.00
s_1466,657,26,dynamic,6,23248,0,
s_1467,905,59,dynamic,6,27179,1,79.20
s_1468,1932,83,dynamic,6,57781,1,100.00
s_1469,525,27,dynamic,6,23408,1,83.61
s_1470,339,19,dynamic,6,28191,1,91.97
s_1471,1255,65,dynamic,6,45901,1,100.00
s_1472,3111,107,dynamic,6,25530,1,90.99
s_1473,1183,76,dynamic,6,48788,1,80.68
s_1474,717,28,dynamic,6,35925,1,92.28
s_1475,4506,118,dynamic,6,18019,0,
s_1476,613,37,dynamic,6,59841,1,96.68
s_1477,433,20,dynamic,6,42021,1,96.46
s_1478,2843,148,dynamic,6,25085,0,
s_1479,1208,63,dynamic,6,33762,1,98.91
s_1480,318,13,dynamic,6,33313,1,100.00
s_1481,80,10,dynamic,6,18144,1,100.00
s_1482,1887,111,dynamic,6,33058,1,82.60
s_1483,967,66,dynamic,6,35926,1,98.28
s_1484,337,22,dynamic,6,28482,1,100.00
s_1485,2375,108,dynamic,6,16099,1,89.35
s_1486,964,69,dynamic,6,33369,0,
s_1487,904,36,dynamic,6,36767,1,87.25
s_1488,955,44,dynamic,6,32787,1,86.46
s_1489,275,18,dynamic,6,35712,1,96.38
s_1490,257,13,dynamic,6,30013,1,97.78
s_1491,248,15,dynamic,6,68431,1,100.00
s_1492,2758,153,dynamic,6,35992,1,100.00
s_1493,552,20,dynamic,6,27187,1,100.00
s_1494,2271,84,dynamic,6,52648,1,84.30
s_1495,1595,30,dynamic,6,30106,1,90.07
s_1496,590,59,dynamic,6,44514,1,73.74
s_1497,1289,49,dynamic,6,26749,0,
s_1498,504,23,dynamic,6,21760,1,74.11
s_1499,650,18,dynamic,6,29105,1,87.71
s_1500,1488,101,dynamic,6,20616,1,88.34
s_1501,788,25,dynamic,6,42982,1,85.96
s_1502,487,42,dynamic,6,55826,1,100.00
s_1503,2131,140,dynamic,6,48842,1,100.00
s_1504,531,16,dynamic,6,37517,1,100.00
s_1505,629,31,dynamic,6,78857,1,69.92
s_1506,860,36,dynamic,6,32871,1,100.00
s_1507,472,28,dynamic,6,43684,1,100.00
s_1508,733,50,dynamic,6,33740,1,92.65
s_1509,282,8,dynamic,6,24346,0,
s_1510,287,11,dynamic,6,48230,1,100.00
s_1511,2487,77,dynamic,6,30679,1,92.71
s_1512,1020,40,dynamic,6,36345,1,93.49
s_1513,809,41,dynamic,6,29140,1,100.00
s_1514,257,18,dynamic,6,18434,1,89.78
s_1515,577,33,dynamic,6,23376,1,100.00
s_1516,759,61,dynamic,6,30344,1,73.32
s_1517,803,35,dynamic,6,29996,1,100.00
s_1518,554,31,dynamic,6,32388,1,100.00
s_1519,1704,111,dynamic,6,25549,1,100.00
s_1520,151,13,dynamic,6,33708,1,92.79
s_1521,1357,91,dynamic,6,35655,1,98.27
s_1522,148,11,dynamic,6,23147,1,100.00
s_1523,552,27,dynamic,6,55328,1,100.00
s_1524,825,38,dynamic,6,28177,1,100.00
s_1525,1525,53,dynamic,6,24632,1,75.25
s_1526,790,54,dynamic,6,34078,1,100.00
s_1527,709,38,dynamic,6,51048,1,100.00
s_1528,544,38,dynamic,6,35551,1,100.00
s_1529,367,25,dynamic,6,19716,1,90.74
s_1530,614,27,dynamic,6,44111,1,100.00
s_1531,2583,204,dynamic,6,42476,1,85.41
s_1532,464,20,dynamic,6,53151,1,100.00
s_1533,300,21,dynamic,6,13281,1,100.00
s_1534,5635,321,dynamic,6,34785,0,
s_1535,952,35,dynamic,6,26810,1,97.41
s_1536,481,27,dynamic,6,36368,1,100.00
s_1537,205,17,dynamic,6,32255,1,100.00
s_1538,1823,94,dynamic,6,20406,1,88.69
s_1539,641,32,dynamic,6,48467,1,67.42
s_1540,993,58,dynamic,6,54384,1,86.44
s_1541,2260,114,dynamic,6,33090,1,91.70
s_1542,271,15,dynamic,6,38501,1,100.00
s_1543,1936,94,dynamic,6,26957,1,100.00
s_1544,506,26,dynamic,6,19569,1,100.00
s_1545,1203,47,dynamic,6,26700,1,70.67
s_1546,749,25,dynamic,6,30329,1,100.00
s_1547,935,50,dynamic,6,23959,1,82.35
s_1548,821,36,dynamic,6,41692,1,98.58
s_1549,455,18,dynamic,6,33542,1,91.91
s_1550,2397,58,dynamic,6,26365,1,95.31
s_1551,138,7,dynamic,6,33244,1,98.28
s_1552,93,7,dynamic,6,29564,1,100.00
s_1553,1004,73,dynamic,6,38262,1,99.45
s_1554,2798,108,dynamic,6,52268,1,97.79
s_1555,861,29,dynamic,6,45108,1,92.88
s_1556,1007,59,dynamic,6,33575,1,90.90
s_1557,846,48,dynamic,6,22599,1,100.00
s_1558,732,46,dynamic,6,19811,1,99.31
s_1559,1189,49,dynamic,6,38867,1,100.00
s_1560,555,38,dynamic,6,28381,1,82.31
s_1561,1650,75,dynamic,6,35796,0,
s_1562,574,21,dynamic,6,53235,1,100.00
s_1563,865,26,dynamic,6,19691,1,96.74
s_1564,695,39,dynamic,6,19059,1,83.88
s_1565,1358,50,dynamic,6,26101,1,84.77
s_1566,1890,73,dynamic,6,16638,1,100.00
s_1567,346,18,dynamic,6,34125,1,84.05
s_1568,190,15,dynamic,6,20993,1,100.00
s_1569,606,29,dynamic,6,38742,1,91.93
s_1570,658,31,dynamic,6,65761,1,76.42
s_1571,97,9,dynamic,6,21055,1,100.00
s_1572,552,45,dynamic,6,17835,1,98.17
s_1573,202,21,dynamic,6,23792,1,90.50
s_1574,852,32,dynamic,6,24357,1,89.71
s_1575,858,56,dynamic,6,28541,1,98.86
s_1576,591,36,dynamic,6,40589,1,94.98
s_1577,692,32,dynamic,6,21357,1,89.42
s_1578,840,44,dynamic,6,38617,1,100.00
s_1579,974,57,dynamic,6,19595,1,81.71
s_1580,1385,84,dynamic,6,47535,1,97.71
s_1581,1253,73,dynamic,6,11258,1,82.77
s_1582,722,44,dynamic,6,32969,1,83.39
s_1583,1759,131,dynamic,6,41588,1,89.83
s_1584,586,49,dynamic,6,38073,1,100.00
s_1585,228,17,dynamic,6,34029,1,100.00
s_1586,1032,40,dynamic,6,26408,0,
s_1587,486,19,dynamic,6,32374,1,100.00
s_1588,303,17,dynamic,6,23638,1,100.00
s_1589,1933,50,dynamic,6,30361,1,77.07
s_1590,164,12,dynamic,6,83472,1,79.18
s_1591,57,7,dynamic,6,25483,1,100.00
s_1592,4287,253,dynamic,6,35107,1,84.00
s_1593,877,56,dynamic,6,35176,1,100.00
s_1594,478,49,dynamic,6,14642,1,100.00
s_1595,1002,44,dynamic,6,41915,1,81.83
s_1596,666,36,dynamic,6,26450,1,84.24
s_1597,2256,141,dynamic,6,22954,1,94.99
s_1598,569,50,dynamic,6,42428,1,80.21
s_1599,488,25,dynamic,6,43778,1,100.00
s_1600,1057,56,dynamic,6,38051,1,100.00
s_1601,1337,62,dynamic,6,32396,1,80.42
s_1602,748,28,dynamic,6,30633,1,100.00
s_1603,316,14,dynamic,6,36165,1,96.92
s_1604,184,26,dynamic,6,27008,1,98.48
s_1605,808,42,dynamic,6,45509,1,82.64
s_1606,521,59,dynamic,6,37022,1,100.00
s_1607,327,25,dynamic,6,33432,1,100.00
s_1608,408,20,dynamic,6,35073,1,98.54
s_1609,805,37,dynamic,6,28492,1,97.98
s_1610,789,50,dynamic,6,38592,1,98.27
s_1611,1212,52,dynamic,6,30799,1,95.13
s_1612,276,10,dynamic,6,31285,1,100.00
s_1613,3385,86,dynamic,6,39222,1,97.10
s_1614,1237,56,dynamic,6,32750,1,87.27
s_1615,1313,132,dynamic,6,36638,1,89.86
s_1616,489,29,dynamic,6,35874,1,95.13
s_1617,828,62,dynamic,6,32375,1,79.40
s_1618,108,7,dynamic,6,40718,1,100.00
s_1619,1322,62,dynamic,6,48842,1,73.24
s_1620,976,61,dynamic,6,46052,1,100.00
s_1621,1371,72,dynamic,6,36808,1,100.00
s_1622,9918,362,dynamic,6,48351,0,
s_1623,1159,99,dynamic,6,37080,1,95.19
s_1624,3231,219,dynamic,6,24287,0,
s_1625,862,41,dynamic,6,31388,1,89.54
s_1626,189,15,dynamic,6,33661,1,97.77
s_1627,414,13,dynamic,6,25218,1,100.00
s_1628,1196,103,dynamic,6,30872,1,75.97
s_1629,672,42,dynamic,6,26781,1,100.00
s_1630,392,24,dynamic,6,12812,1,78.34
s_1631,223,17,dynamic,6,49882,1,100.00
s_1632,325,15,dynamic,6,25090,1,92.14
s_1633,608,30,dynamic,6,31309,1,93.95
s_1634,689,53,dynamic,6,22468,1,74.14
s_1635,3504,163,dynamic,6,25867,1,93.76
s_1636,104,8,dynamic,6,41227,1,100.00
s_1637,389,13,dynamic,6,24243,1,100.00
s_1638,690,25,dynamic,6,18782,1,93.36
s_1639,1379,71,dynamic,6,32205,1,73.86
s_1640,713,31,dynamic,6,16185,1,93.11
s_1641,554,18,dynamic,6,26227,1,100.00
s_1642,1048,61,dynamic,6,28753,1,100.00
s_1643,727,35,dynamic,6,50616,1,100.00
s_1644,1763,104,dynamic,6,29982,1,71.55
s_1645,2937,123,dynamic,6,34736,1,100.00
s_1646,2838,155,dynamic,6,59536,1,81.03
s_1647,1844,116,dynamic,6,44039,1,80.41
s_1648,215,8,dynamic,6,21005,1,88.04
s_1649,1029,50,dynamic,6,17724,1,86.71
s_1650,789,32,dynamic,6,27189,1,90.01
s_1651,3991,181,dynamic,6,41596,0,
s_1652,1105,44,dynamic,6,66543,1,100.00
s_1653,330,29,dynamic,6,41237,1,97.67
s_1654,1689,88,dynamic,6,21708,1,88.96
s_1655,454,20,dynamic,6,19983,1,85.04
s_1656,242,25,dynamic,6,21393,1,93.40
s_1657,289,22,dynamic,6,20707,1,93.63
s_1658,1589,129,dynamic,6,24421,1,100.00
s_1659,320,11,dynamic,6,30410,1,76.30
s_1660,817,30,dynamic,6,24340,1,95.87
s_1661,1664,42,dynamic,6,42633,1,88.70
s_1662,243,12,dynamic,6,36151,1,90.11
s_1663,497,27,dynamic,6,19515,1,78.43
s_1664,1623,75,dynamic,6,28765,1,100.00
s_1665,296,18,dynamic,6,48985,1,100.00
s_1666,447,27,dynamic,6,24272,1,100.00
s_1667,77,4,dynamic,6,53359,1,100.00
s_1668,406,13,dynamic,6,33026,1,100.00
s_1669,659,49,dynamic,6,25262,1,86.45
s_1670,461,16,dynamic,6,70335,1,96.82
s_1671,678,36,dynamic,6,69876,1,84.90
s_1672,1467,47,dynamic,6,13359,1,82.72
s_1673,113,8,dynamic,6,75361,1,100.00
s_1674,541,49,dynamic,6,27744,1,89.05
s_1675,706,41,dynamic,6,35961,1,90.85
s_1676,2132,99,dynamic,6,37750,0,
s_1677,461,35,dynamic,6,56871,1,75.76
s_1678,1097,47,dynamic,6,45489,1,100.00
s_1679,501,35,dynamic,6,20944,1,100.00
s_1680,238,9,dynamic,6,29865,1,69.19
s_1681,1775,85,dynamic,6,26805,1,80.10
s_1682,503,24,dynamic,6,49131,1,88.70
s_1683,199,20,dynamic,6,24054,1,88.48
s_1684,84,6,dynamic,6,52301,1,94.67
s_1685,5446,175,dynamic,6,29153,0,
s_1686,847,49,dynamic,6,28433,1,100.00
s_1687,293,14,dynamic,6,20779,1,100.00
s_1688,1119,57,dynamic,6,27997,1,100.00
s_1689,1243,73,dynamic,6,28365,1,88.64
s_1690,11670,389,dynamic,6,15050,1,97.60
s_1691,350,20,dynamic,6,46576,1,100.00
s_1692,187,16,dynamic,6,31698,1,100.00
s_1693,553,48,dynamic,6,34417,1,97.57
s_1694,1665,65,dynamic,6,37430,1,92.48
s_1695,1268,77,dynamic,6,23244,1,98.08
s_1696,917,44,dynamic,6,32687,1,100.00
s_1697,1710,73,dynamic,6,39068,0,
s_1698,390,24,dynamic,6,21820,1,96.44
s_1699,267,19,dynamic,6,32457,1,93.75
s_1700,597,24,dynamic,6,29057,1,99.50
s_1701,463,30,dynamic,6,27293,1,100.00
s_1702,795,46,dynamic,6,39213,1,93.13
s_1703,789,49,dynamic,6,42922,1,80.38
s_1704,429,18,dynamic,6,44963,1,97.15
s_1705,941,71,dynamic,6,54273,1,87.05
s_1706,1643,56,dynamic,6,15204,0,
s_1707,82,6,dynamic,6,24537,1,96.30
s_1708,889,59,dynamic,6,38077,1,100.00
s_1709,47,4,dynamic,6,25463,1,100.00
s_1710,1772,70,dynamic,6,23140,1,95.88
s_1711,2152,113,dynamic,6,42002,1,94.55
s_1712,1066,73,dynamic,6,25911,1,80.90
s_1713,1387,63,dynamic,6,23845,1,92.80
s_1714,737,63,dynamic,6,29249,1,99.19
s_1715,680,51,dynamic,6,37114,1,83.00
s_1716,4354,113,dynamic,6,35533,1,79.88
s_1717,318,34,dynamic,6,23968,1,74.29
s_1718,898,52,dynamic,6,26717,1,94.25
s_1719,367,17,dynamic,6,31363,1,98.57
s_1720,284,14,dynamic,6,46918,1,86.08
s_1721,380,13,dynamic,6,25311,1,93.35
s_1722,243,17,dynamic,6,26036,1,100.00
s_1723,549,41,dynamic,6,31810,1,100.00
s_1724,1987,107,dynamic,6,20237,0,
s_1725,1503,83,dynamic,6,24995,1,89.69
s_1726,2343,125,dynamic,6,35818,0,
s_1727,443,16,dynamic,6,32386,1,95.76
s_1728,456,14,dynamic,6,35991,1,89.30
s_1729,1273,37,dynamic,6,36698,1,93.00
s_1730,977,42,dynamic,6,63106,1,93.48
s_1731,8444,367,dynamic,6,27252,1,93.09
s_1732,565,29,dynamic,6,19267,1,100.00
s_1733,253,21,dynamic,6,24463,1,100.00
s_1734,276,15,dynamic,6,48480,1,97.65
s_1735,676,48,dynamic,6,27048,1,100.00
s_1736,793,42,dynamic,6,37645,1,100.00
s_1737,1376,70,dynamic,6,37130,1,69.37
s_1738,621,19,dynamic,6,19574,1,93.97
s_1739,593,23,dynamic,6,29624,1,92.99
s_1740,1054,41,dynamic,6,44481,1,71.17
s_1741,359,18,dynamic,6,43164,1,92.23
s_1742,385,25,dynamic,6,25349,1,95.75
s_1743,359,19,dynamic,6,18982,1,99.66
s_1744,2804,69,dynamic,6,28900,0,
s_1745,684,19,dynamic,6,22238,1,94.83
s_1746,757,61,dynamic,6,36247,1,90.90
s_1747,317,30,dynamic,6,15087,1,94.51
s_1748,999,44,dynamic,6,35654,1,78.66
s_1749,2216,72,dynamic,6,43181,1,83.56
s_1750,1058,61,dynamic,6,52380,1,100.00
s_1751,129,13,dynamic,6,40855,1,81.60
s_1752,399,18,dynamic,6,30653,1,77.05
s_1753,1635,96,dynamic,6,54451,1,91.94
s_1754,258,14,dynamic,6,36840,1,80.12
s_1755,1762,120,dynamic,6,26526,1,80.62
s_1756,277,17,dynamic,6,41175,1,87.57
s_1757,482,20,dynamic,6,18089,1,100.00
s_1758,2227,185,dynamic,6,20808,1,100.00
s_1759,2390,102,dynamic,6,27662,1,86.26
s_1760,255,20,dynamic,6,24883,1,100.00
s_1761,794,53,dynamic,6,30539,1,95.86
s_1762,91,7,dynamic,6,21680,1,100.00
s_1763,93,5,dynamic,6,17535,1,100.00
s_1764,185,20,dynamic,6,45676,1,100.00
s_1765,139,5,dynamic,6,18271,1,96.38
s_1766,1468,62,dynamic,6,21401,1,93.24
s_1767,1499,98,dynamic,6,22793,1,100.00
s_1768,1766,107,dynamic,6,19102,1,97.06
s_1769,1160,67,dynamic,6,21281,1,73.34
s_1770,1436,73,dynamic,6,23966,1,96.26
s_1771,279,16,dynamic,6,33383,1,100.00
s_1772,1525,104,dynamic,6,34498,1,100.00
s_1773,1035,92,dynamic,6,41902,1,100.00
s_1774,449,30,dynamic,6,45849,1,75.77
s_1775,1081,84,dynamic,6,46230,1,89.98
s_1776,728,18,dynamic,6,32004,1,100.00
s_1777,1020,43,dynamic,6,45099,1,79.76
s_1778,3513,158,dynamic,6,30237,1,79.85
s_1779,670,30,dynamic,6,26196,1,99.76
s_1780,679,44,dynamic,6,50906,1,100.00
s_1781,1015,75,dynamic,6,35241,1,91.88
s_1782,241,14,dynamic,6,48170,1,99.74
s_1783,457,18,dynamic,6,21702,1,83.61
s_1784,1922,94,dynamic,6,33957,1,100.00
s_1785,110,17,dynamic,6,42962,1,100.00
s_1786,1774,90,dynamic,6,25741,1,72.96
s_1787,654,38,dynamic,6,23733,1,90.04
s_1788,486,41,dynamic,6,31827,1,92.04
s_1789,919,41,dynamic,6,22132,1,83.92
s_1790,623,47,dynamic,6,24637,1,84.81
s_1791,1205,39,dynamic,6,23629,1,95.23
s_1792,2164,75,dynamic,6,30460,1,100.00
s_1793,2824,70,dynamic,6,23651,1,99.47
s_1794,661,46,dynamic,6,24434,1,100.00
s_1795,454,26,dynamic,6,24597,1,93.82
s_1796,578,20,dynamic,6,28207,1,100.00
s_1797,851,25,dynamic,6,45837,1,100.00
s_1798,170,11,dynamic,6,26213,1,100.00
s_1799,3481,203,dynamic,6,28506,0,
s_1800,655,32,dynamic,6,31764,1,89.07
s_1801,2170,83,dynamic,6,40954,1,80.66
s_1802,931,39,dynamic,6,42589,1,75.42
s_1803,1903,73,dynamic,6,27087,1,100.00
s_1804,79,6,dynamic,6,45693,1,100.00
s_1805,1384,51,dynamic,6,37655,1,86.03
s_1806,133,7,dynamic,6,36163,1,97.92
s_1807,565,32,dynamic,6,42015,1,100.00
s_1808,1071,51,dynamic,6,32383,1,75.44
s_1809,622,35,dynamic,6,31984,1,90.95
s_1810,1388,73,dynamic,6,51455,1,86.69
s_1811,554,36,dynamic,6,24342,1,100.00
s_1812,1500,82,dynamic,6,29656,1,83.22
s_1813,353,31,dynamic,6,19824,1,87.70
s_1814,5428,217,dynamic,6,23710,1,99.61
s_1815,852,50,dynamic,6,35232,1,90.53
s_1816,1775,60,dynamic,6,45830,1,76.36
s_1817,1011,37,dynamic,6,36840,1,96.61
s_1818,576,48,dynamic,6,36341,1,98.90
s_1819,1642,62,dynamic,6,22021,1,78.88
s_1820,280,16,dynamic,6,57864,1,98.40
s_1821,2314,95,dynamic,6,59892,1,86.52
s_1822,2372,121,dynamic,6,25780,1,90.01
s_1823,696,37,dynamic,6,18625,1,85.25
s_1824,1432,101,dynamic,6,20454,1,74.78
s_1825,544,34,dynamic,6,12217,1,95.25
s_1826,1488,69,dynamic,6,19984,1,100.00
s_1827,443,25,dynamic,6,38122,1,86.40
s_1828,283,17,dynamic,6,28860,1,95.52
s_1829,91,8,dynamic,6,19664,1,99.51
s_1830,7167,256,dynamic,6,29770,1,81.45
s_1831,284,12,dynamic,6,33872,1,100.00
s_1832,878,71,dynamic,6,37310,1,100.00
s_1833,750,24,dynamic,6,22833,1,100.00
s_1834,106,6,dynamic,6,33824,1,83.59
s_1835,130,6,dynamic,6,23874,1,88.00
s_1836,1071,53,dynamic,6,35257,1,88.17
s_1837,867,23,dynamic,6,29010,1,99.60
s_1838,387,16,dynamic,6,26655,1,98.22
s_1839,175,13,dynamic,6,40961,1,83.47
s_1840,2693,126,dynamic,6,38876,1,81.49
s_1841,6413,261,dynamic,6,29698,1,96.66
s_1842,1214,63,dynamic,6,48181,1,80.33
s_1843,417,22,dynamic,6,63946,1,89.73
s_1844,1311,57,dynamic,6,12687,1,100.00
s_1845,1473,59,dynamic,6,41400,1,100.00
s_1846,3664,104,dynamic,6,32943,1,78.21
s_1847,1993,142,dynamic,6,31359,1,97.78
s_1848,291,8,dynamic,6,48312,1,82.84
s_1849,687,36,dynamic,6,13857,0,
s_1850,616,60,dynamic,6,18022,1,92.12
s_1851,337,17,dynamic,6,18965,1,81.65
s_1852,3137,153,dynamic,6,31895,1,92.20
s_1853,1013,40,dynamic,6,33319,1,82.43
s_1854,574,30,dynamic,6,26548,1,95.99
s_1855,1499,73,dynamic,6,64929,1,99.85
s_1856,1178,37,dynamic,6,34342,1,91.76
s_1857,1476,108,dynamic,6,37253,1,100.00
s_1858,419,39,dynamic,6,25195,1,100.00
s_1859,966,77,dynamic,6,23637,1,100.00
s_1860,962,58,dynamic,6,42094,1,85.34
s_1861,1230,51,dynamic,6,32802,1,74.13
s_1862,1066,47,dynamic,6,39117,1,94.64
s_1863,127,7,dynamic,6,18085,1,100.00
s_1864,4513,150,dynamic,6,21991,0,
s_1865,924,53,dynamic,6,25378,1,98.34
s_1866,2082,87,dynamic,6,14216,1,97.15
s_1867,761,29,dynamic,6,58434,1,91.45
s_1868,1521,66,dynamic,6,38868,1,100.00
s_1869,1000,46,dynamic,6,63677,1,91.08
s_1870,556,19,dynamic,6,46251,1,100.00
s_1871,455,19,dynamic,6,40525,1,100.00
s_1872,1566,79,dynamic,6,27780,1,90.00
s_1873,1328,63,dynamic,6,37852,1,66.19
s_1874,365,16,dynamic,6,56738,1,84.50
s_1875,689,35,dynamic,6,30144,1,93.07
s_1876,321,17,dynamic,6,44801,0,
s_1877,2661,74,dynamic,6,42129,1,81.60
s_1878,598,46,dynamic,6,47028,1,100.00
s_1879,2625,107,dynamic,6,12742,1,94.85
s_1880,514,45,dynamic,6,21866,1,80.80
s_1881,438,24,dynamic,6,57159,1,100.00
s_1882,2131,64,dynamic,6,20103,0,
s_1883,4191,168,dynamic,6,53697,1,87.20
s_1884,832,45,dynamic,6,24810,1,100.00
s_1885,433,20,dynamic,6,56020,1,86.99
s_1886,538,32,dynamic,6,69339,1,99.23
s_1887,5126,211,dynamic,6,21271,1,92.51
s_1888,1158,26,dynamic,6,17263,1,77.44
s_1889,118,7,dynamic,6,31380,1,100.00
s_1890,1090,34,dynamic,6,41322,1,91.49
s_1891,3648,121,dynamic,6,30424,1,80.17
s_1892,244,11,dynamic,6,22469,1,100.00
s_1893,691,43,dynamic,6,43048,1,88.45
s_1894,226,17,dynamic,6,32636,1,100.00
s_1895,1380,48,dynamic,6,20440,1,82.78
s_1896,798,44,dynamic,6,21275,1,100.00
s_1897,463,22,dynamic,6,21258,1,95.28
s_1898,1365,109,dynamic,6,15437,1,87.96
s_1899,870,58,dynamic,6,39900,1,80.36
s_1900,1245,53,dynamic,6,49586,1,95.79
s_1901,538,13,dynamic,6,20800,1,89.10
s_1902,746,52,dynamic,6,28667,1,81.81
s_1903,3013,106,dynamic,6,81558,1,75.10
s_1904,2445,66,dynamic,6,37173,1,82.75
s_1905,200,8,dynamic,6,20663,1,87.63
s_1906,955,51,dynamic,6,44471,0,
s_1907,465,28,dynamic,6,15768,1,100.00
s_1908,311,19,dynamic,6,29434,1,100.00
s_1909,286,18,dynamic,6,35577,1,99.94
s_1910,1073,62,dynamic,6,38630,1,82.05
s_1911,736,31,dynamic,6,38721,1,68.82
s_1912,191,11,dynamic,6,27939,1,95.28
s_1913,255,20,dynamic,6,31010,1,92.00
s_1914,1148,69,dynamic,6,29960,1,80.05
s_1915,933,54,dynamic,6,26646,1,100.00
s_1916,748,40,dynamic,6,46127,1,96.43
s_1917,727,30,dynamic,6,29976,1,95.03
s_1918,205,15,dynamic,6,30280,1,62.64
s_1919,749,49,dynamic,6,35231,1,89.14
s_1920,809,61,dynamic,6,36862,1,94.92
s_1921,1038,59,dynamic,6,50455,1,98.06
s_1922,828,36,dynamic,6,35014,1,99.03
s_1923,507,26,dynamic,6,20490,1,96.58
s_1924,4852,318,dynamic,6,50310,0,
s_1925,1309,73,dynamic,6,32568,1,76.91
s_1926,2916,145,dynamic,6,42823,1,100.00
s_1927,415,35,dynamic,6,51698,1,97.87
s_1928,210,11,dynamic,6,23082,1,91.29
s_1929,1307,105,dynamic,6,18501,1,100.00
s_1930,551,25,dynamic,6,23090,1,97.61
s_1931,134,7,dynamic,6,16936,1,100.00
s_1932,644,46,dynamic,6,51742,1,100.00
s_1933,485,20,dynamic,6,30092,1,100.00
s_1934,382,27,dynamic,6,23352,1,76.80
s_1935,2545,150,dynamic,6,23520,1,92.01
s_1936,329,20,dynamic,6,33451,1,84.92
s_1937,1231,64,dynamic,6,55714,1,75.85
s_1938,574,33,dynamic,6,38119,1,90.59
s_1939,2607,135,dynamic,6,38977,1,69.01
s_1940,2987,143,dynamic,6,27902,1,82.04
s_1941,1991,77,dynamic,6,20400,1,89.65
s_1942,2387,116,dynamic,6,45876,1,100.00
s_1943,1679,88,dynamic,6,30116,1,76.82
s_1944,484,14,dynamic,6,28577,1,94.48
s_1945,501,54,dynamic,6,40284,1,76.50
s_1946,322,30,dynamic,6,17580,1,88.32
s_1947,1615,74,dynamic,6,17928,1,97.07
s_1948,1442,125,dynamic,6,44644,1,79.73
s_1949,1640,97,dynamic,6,35087,1,90.01
s_1950,2121,119,dynamic,6,14337,1,82.64
s_1951,2322,100,dynamic,6,32795,1,78.10
s_1952,907,62,dynamic,6,27472,1,80.67
s_1953,386,20,dynamic,6,23590,1,100.00
s_1954,1596,86,dynamic,6,27518,1,82.28
s_1955,4091,130,dynamic,6,57309,1,86.11
s_1956,1692,80,dynamic,6,26526,1,92.17
s_1957,79,6,dynamic,6,12202,1,100.00
s_1958,1151,38,dynamic,6,8571,1,88.21
s_1959,395,28,dynamic,6,43346,1,95.35
s_1960,354,12,dynamic,6,34018,1,100.00
s_1961,266,23,dynamic,6,35665,1,84.39
s_1962,1078,56,dynamic,6,24520,1,89.11
s_1963,794,58,dynamic,6,46145,1,87.74
s_1964,471,33,dynamic,6,26151,1,100.00
s_1965,254,24,dynamic,6,44878,1,100.00
s_1966,2958,143,dynamic,6,28301,1,73.53
s_1967,134,8,dynamic,6,34508,1,100.00
s_1968,552,29,dynamic,6,18930,1,96.32
s_1969,618,24,dynamic,6,22548,1,89.32
s_1970,105,11,dynamic,6,46310,1,100.00
s_1971,1449,52,dynamic,6,26517,1,77.62
s_1972,1771,77,dynamic,6,17850,1,88.83
s_1973,355,13,dynamic,6,51129,1,100.00
s_1974,2381,85,dynamic,6,15567,1,100.00
s_1975,2126,94,dynamic,6,47857,1,100.00
s_1976,986,75,dynamic,6,21233,1,95.48
s_1977,5536,274,dynamic,6,14523,1,100.00
s_1978,501,35,dynamic,6,35225,1,93.46
s_1979,3268,213,dynamic,6,37846,1,92.04
s_1980,662,47,dynamic,6,48873,1,100.00
s_1981,1258,92,dynamic,6,25479,1,96.99
s_1982,1307,58,dynamic,6,41048,1,70.83
s_1983,1460,77,dynamic,6,36737,1,94.50
s_1984,3122,111,dynamic,6,81316,1,100.00
s_1985,798,82,dynamic,6,25133,1,86.84
s_1986,800,25,dynamic,6,32895,1,88.07
s_1987,662,30,dynamic,6,26672,1,97.33
s_1988,1383,45,dynamic,6,25559,1,84.53
s_1989,991,66,dynamic,6,35636,1,84.75
s_1990,901,41,dynamic,6,31538,1,92.29
s_1991,539,33,dynamic,6,38794,1,90.84
s_1992,83,4,dynamic,6,38323,1,88.84
s_1993,220,11,dynamic,6,14896,1,98.98
s_1994,329,16,dynamic,6,45143,1,88.94
s_1995,586,46,dynamic,6,13139,1,99.01
s_1996,993,37,dynamic,6,45924,0,
s_1997,168,9,dynamic,6,30404,1,96.95
s_1998,108,9,dynamic,6,26763,1,100.00
s_1999,235,18,dynamic,6,32062,1,96.43
